12311	8157 2521
16171	14719 572 2984 9032 16193 5883 11929 5428
7303	16121 8070
15195	6482 7411 10943
13566	9671 11198 12842
4302	9016 10680 8063 1892
8548	
5786	8347 10099 6210 9042
11827	10931 933 1712 15096
7917	6210 13788 4147 2677 16151
8791	1841 10168 11873
13297	6210
4615	58
14437	3687 16428 11389 8364 14802 2529 12432 15833 11139 16346 15905 6297 10998 12028
11872	15326
2848	3629 6210 13480 933 9042 13708 2917
11481	3629 11409 13670 874 3525 8737 9841 2395
1626	9409 3629 8439 12097 6210 3797 8866 9042 5068 4337 13708 2335 4969 161 10131 328 12198 4919 4978 11989
12648	4851 16074 3473 8161 4026 14515 5121 9099 15633 1117 548 15879
15955	13946 12198 6210
15783	14903 10897 8157 14801 206 16048
8364	14437 14312 12028 15476 9111 8040 12222 12214 1892 9016 14679 3467 2025 7127 14183 4858 2722 11139 1242 15534 9652 5119 16187 15833 5514 12820 16039 8761 5298 9562 3715 13307 12967
1106	4987 14924 15051 4738 1552
9850	10680
12871	
15265	14120 14621
3411	5121 13027 481 9572 9815 3345 14571
12584	416 12014
5919	9209 9111 15862 9042 9455 1892 14621
3498	
10190	15452 7680
457	11129 10680
9210	11930 15662 3525 1892 10644 6487
5018	5746 2984 11409 16116 3471 15629 8348 2330 481 12341 4718 22 10948 462 10288 4156 9914 2144 12971 3198 2412 9841 1892 317 16077 101 6700 14244 10090 11064 12920 10633 9430 7141 3946 14338 9903 11960 1012 14696 6815 8433 13377 4635 13974 15320 7926 858 6932 6603 7332 8737 14039 14799 11372 3863 16037 4858 13215 6980
471	3881 1474 15873 3456 481 6900 6910 8738 251
2205	
12	8234 14019
1872	8128 5674 12719 1446
5514	8040 15581 6357 15476 15833 5119 12028 9016 12214 16346 8157 1242 15174 15841 11689 11749 12967 5874 14250 11516 11367 8364 11515 7203 4858 8972 9562 2328 10199 11054 13012 9988 8864 11736 8303 4097 1177 3715 2283 7923 11710
16496	850 11873 10849
16212	616 2473 462
12452	3525 6692 1081 3881 14194 251 10788 442 1802 1961 6910 5086 11085 14244 15873 6163
1255	
3711	7805 1742 9017 6210 14368 16230 2984 11873 10518 3676
567	7952 15147 4987 5949 9779 1379 7788 1892 16274 10721
2917	13890 9502 3629 2873 4476 16002 9178 15932 5283 6210 2958 3198 14081 8157 8675 11873 481 6174 9572 9209 878 7067 15085 2999 1571 1892 3891 12361 4640 6910 9993 14018 1443 15273 442 9946 1087 9558 2421 10816 7469 2324 14719 8980 14621 9430 3456 1802 15116 6188 462 15091 4197 12007 14511 15072 16509 5428 7788 5002 3391 13046 9980 2848 15901 9901 661 9202 2383 3114 8431 15580 10680 8665 10790 3753 8385 6163 14194 9230
12222	5830 10998 1337 768 15476 12028 2971 14108 16359 14710 11367 4868 14802 1499 8364 8298 15760 11139 10680 16346 12820 6357 5283 14312 11409 1033
15830	7256
296	764 15700
12341	9940 8054 9627 5018 101 462 11409 1943 12882 12971 3471 8737 10090 9841 3946 10288 5842 10948 11960 5746
12821	14590 9209 4497 5457 13223 5217 14841 8431 14474 10963 2458 5723 571 7919 5499 15863 3678 6410 1751 13788 10841 12393 7751 5070 14244 5460 10517 4411
5615	9016 1135 9137 2053 13817
6593	2610 11409 15792 4970 7063 7291 7185 15457 9728
14131	6749 1802 15541 8652 10790 481 7515 5428 10662 14621 5030 2283
15427	
4289	13879
12870	9042
13212	3667 12446 9209 387 3741 9432 9137 3137 15704 12067 16239 13193 13223 9068 7338 3629 5187 15640 14426 438 5217
110	14635
16474	14621 4847 5143 14039 13307
4124	
8506	
12098	11873 10680
777	6210
9474	1629 5668 14735 8368 12393 10823 9137 12616 5250 8981 6210 3517 3629 9209 15621 3930 13045 15395 13223 12721 14415 15813 4348 15298 4598 13500 6197 12481 12312 1000 10932 2199 12351 7863 6813 14174
12399	
4838	
14111	3629 7693 2034 9137 15603 8157 13223 9016 251 14986 9903
5037	10168 1841 3737 15580 15746 10680
9307	5588
5132	9640 8157 8012 5282 1379 7952 9533 120 7788 9882 3229 3259 15147 16186 3122 7025 8319 10944 15235
15116	1182 4792 8940 1331 9339 1157 13388 12810 10816 235 2145 6374 2984 9016 4213 10053 10924 9572 3456 9280 14719 1802 11530 14903 5306 12818 462 4267 3697 7401 5921 15294 14540 12372 11971 2324 16471 4636 2282 10897 13368 1551 5428 8243 3629 9008 12799 12659 14120 7413 5179 13046 14039 16047 3828 1844 878 14621 14571 5492 4944 14244 4766 9574 1457 2917 4753 9890 3037 10918 16006 4858 9520 6996 3954 14474 7515 6164 8738 11689 3765 6163 15721 9445 10422 3536 7734 15457 11085 14349 7869 1999
15581	6357 13673 1242 14312 15833 14511 5950 16346 16039 10291 1892 10680 3467 5514 11389 13112 15268 12028 6947 11409 2091
11726	13628 11873 4640 3467 9572 14719 14621 10230 10540 15708 462 6188 5428 14613 1802 4847 1809 6910 15176 9903 4284 14039 5086 2389 1642 527 13788 10067 3391 13046 14244 8112
4346	11930 9209 11689 9016 13046 8665
4864	9042 5302 11129 1892 14426 4640
2145	14511 2968 12895 14777 9445 3710 9016 1802 1636 2303 11873 10454 15116 13179 3828 3456 527 6688 12521 719 13992 878 967 10816 2299 5708 13464 462 8738 2324 8187 15973 6347 6341 11497 9728 3697 10357 14474 2984 6885 14924 1098 483 6383 13046 14719 5114 15873 497 7822 14986 690 4736 7597 2939 6482 4884 12659 2705 9903 9430 11085 11178 3255 9392 10575
2534	13890 6061 2020 3602 5716
2743	6210 9042
5174	
9042	1802 7504 5786 7842 3659 10771 12545 16378 219 13946 5682 1667 866 12784 8128 6210 5859 13916 10099 15457 14664 11990 4452 7459 13708 5686 13480 11366 2743 8347 12454 4792 14569 13078 8799 1452 1626 2210 9209 3137 3499 7817 4919 12972 1712 5289 838 7933 2932 3088 11467 9746 11754 8895 10074 4458 13509 13514 8052 4606 15298 15292 5057 2053 13454 6197 16208 532 1734 15008 11605 5588 2227 2034 9137 13237 10129 2848 10331 4864 499 8940 8264 11689 11971 13058 5830 9068 9186 3596 8583 12870 3594 14635 7962 8884 715 6729 6983 3298 12935 4970 13364 13457 9019 5919 14279 13943 16513 14636 16002 15131 10045
14115	16359 10998 768 14739 10545 5918 14802 3304
15087	3522 8187 9016 10644 1140
13078	6150 9042 9137 9209 15704 13129 13708 376 10207 2458 1484 15813 10635 5653 8449
4000	11129 15784 442 10680 4847 2210 16047
5891	12264 4279 1654 7304 11393 12659 2694 6431 3908 1177 3033 3954 15140 8935 8724 11550 2767 7788 15236
15932	2917 6838 14081 488 9016 8157 10680 11074 10644 3122 12338
13620	10974
1560	3667
12454	9042 3629 6210
14569	6210 14289 9042
7296	
9051	11990 2330 2984 13798 11409
7504	9831 10343 3422 6210 12198 12110 15773 13270 2119 9042 10129 5626 12624 6019 1416 7933 1452 16165 866 11605 2458 15813 13946
1937	15036 11409 694 1855 15945
4045	
5306	13978 15116 14787 14244 8567 13090 2907 2283 8853
6863	
10748	3391 9617 9016 5428 8665 1416
3599	13890
6330	2971 1081 9572 14320
9689	4744 14081
9502	9016 10680 4970 2917 10314 12493 726 8395 6383 7965 1802 11990 2873 14081 10053 8187 1892 8940 8063 10816 5289 4476 9137 8675
5594	2421 3525 8024 13890 2971 14515 1802 9209 9016 1474 2999 3456 13388 9901 10816 9238 488 14962 14719 11873 8157 251 6163 13046
3842	15704 9209
6947	12853 11814 13009 9989 1884 6402 15581 6224 14621 5543 14342 679 9700 5428
7680	731 2330 11409 10190 8125 2098
7087	3517 8415 2458 13223 128 8643 14905 10841 2789 13788 11902 9908
6830	5492 14601 14873 15268 5142 1892 8024 3391 15091
4284	12895 8874 3525 6692 16148 10388 1636 11726 12215 3881 1892 13046
2421	10680 3525 15675 15944 2971 6454 1374 5594 3198 3881 5283 6786 11873 3240 14621 9016 3456 9445 525 2324 10816 11689 6692 2610 4640 1140 5428 10575 9903 11178 13046 2141 14986 2473 2283 4847 10230 7822 9901 2917 16038 14511 11085 11064 8738 6163
10751	14108
4708	3467
14599	8803 4197 10861
5949	567 15147 150 238 10196 7788
15049	10816 9016 14777 14081 251 5428 7067 8738 5086 8665
14744	11409 7141
9779	567 4295 8157 15660 12915 8086 5143 5282
15367	11129 15452 8243 12733 12564 9209 726 12317 448 8625 14719 9572 5007 10422 5499 16471 13788 9454 392 2458 4767 10841 15337 9813 11937 7992 5620 467 5513 15237 7732 10546 16049
9572	6210 3411 15116 15746 11261 1087 1374 5364 11409 2917 5003 2971 2637 8319 15457 6567 2932 6402 11726 6330 15311 5880 3262 11689 4763 3522 2324 2015 13045 1474 8024 11937 4640 8279 9901 10100 14571 9445 11085 525 14719 12192 462 14621 10816 15091 13673 5892 5428 8738 7203 14986 9880 1020 3737 16401 4971 1842 494 4944 10388 10248 15367 13890 3456 6557 13464 8567 8431 15708 9223 9212 6190 13788 10662 14039 6163 11178 7096 13258 9798
10100	5492 10644 1892 9016 2135 9572 1566 81 5428 4847 4197 8738 4097 8187 8567 13090 8112
1452	13237 6210 13708 7022 9209 15292 5859 13457 7676 12198 7504 9042 13480
3598	6314 4944 12810 5608
3898	1742 13027 8063
4944	2873 15116 3598 7401 1182 1331 2999 2984 8024 9572 6910 3198 14349
16116	2330 8737 16221 13798 11409 5018 10853
15483	1362 13108 10291 3033 15879 1686 1393 7708 3157 348 9989 8157 7253 14733 9980 4197
1042	8112 8431 3087 5143 8157 11551
2835	1264 8615 3473 12386 13890 12853 5880 535 13079 2517 8479 5716 13149 730 8431 7560 14214 14962 3677
11850	8864 10680 6422 13237
2637	9572 6644 251 8431 8738 2939 442 3248 6910 5086 15873
7401	4944 15116
5093	
4792	15116 9016 2999 878 15452 9042
5676	10761 16048 3629 14092 7693 9137 2507
14625	5976 1027 8024 5905 643 5342 5203 15091 462
2001	3824 677
7933	9042 4886 2119 576 7504 6210 13237 1571 6130 8237 3033 10568 2794
438	930 578 13902 387 3667 5217 1209 1738 13212 2794 9432 14057 9016 9209 7751 10790
5924	
387	3667 578 9209 5072 438 3629 6210 4260 5217 13212 13223 13902 11624 15704 930 5668 7998 2458 575 10286 1701 9322 9432 4136 11971 10823 9184 7568 14244
9178	2917
10963	12821 8869
11409	7189 1617 6165 101 10771 13850 9940 14897 2971 12493 10543 16499 14164 1680 10853 14744 15036 6639 12341 4522 11147 14338 16116 2954 2320 13670 11960 12739 2032 9980 8594 5810 13798 9192 8348 924 3391 11119 9302 7108 873 4355 2419 7201 481 5809 858 15629 5346 3525 5842 10195 5746 5283 8559 2330 11384 5156 16108 3471 11990 14939 15581 850 9806 3595 5018 9989 7332 1802 16452 13890 15770 462 6161 8317 4145 15202 6749 15945 10680 15343 694 9883 2508 8593 13650 14842 16051 13223 10635 8737 1937 2150 11984 10828 4197 6692 2097 11017 3607 12207 10477 9392 9756 4718 8046 12222 10633 1374 317 7249 9209 22 10288 9841 12564 9815 721 11759 9627 13582 10526 10291 12526 8342 10790 6768 15025 6932 9572 882 9415 3198 9205 6452 743 7067 9643 11688 12815 13132 8608 16317 12025 3885 8063 2031 8374 1242 11857 6910 7056 13377 10870 2365 9136 11530 7141 7238 6218 15107 15640 10370 9032 13673 9903 3456 2324 8841 8024 4640 5428 16077 15436 11379 12557 7919 11378 8665 5580 3946 15176 3581 5783 12433 11064 10230 15999 3700 6815 14841 13338 12251 2984 14719 1020 16054 9558 3764 5203 11951 11346 15616 14511 10808 11127 683 11481 16221 8208 3571 14777 6871 9358 10090 11200 11873 6101 13092 2619 5050 15005 10728 12971 9934 9890 7680 9914 1759 12853 9051 7788 14950 10816 5996 2144 14244 4306 874 1195 11916 5725 16038 10863 2664 13319 8759 2090 3157 10278 6603 3545 6700 2290 3007 6178 10948 12104 1545 2772 14799 8567 5267 1943 13046 1892 3863 7413 7783 6593 7356 4625 13920 643 11732 6114 12659
13454	13388 9209 6692 9042 6786 9016 1892 3467 7056 7141 7003 6910 4744
2471	8157 7788 12988 1552 15944 2223 5580 9573 15930 15957 10644 10540 12716 13788 2598
1862	1081
16283	14964
1841	11541 5848 9851 10735 10680 781 3041 4516 3124 6904 9835 1127 1461 12273 16087 14081 14256 13968 8791 5037 4258 1175 3737 4201 15746 7896 701 12344 3804 13234 10168 10028 8851 967 15378 15970
12104	11409 10278 9016
10028	2833 10168 5743 5112 967 11387 5744 3737 9529 16461 6130 7346 6487 4258 6418 1804 2422 2961 14931 699 13234 11127 6589 14981 1642 8114 12460 10480 2731 3587 7431 15022 4719 10735 8130 14168 18 2997 9459 6320 1841 16045 11873 3779 2571 11148 8932 9571 14998
6142	10205 9209 5697
1163	
1365	6210
13455	14118 4465 16054
1657	15944 6623 9016 14621 10662 251 8665
4383	9137 10680 9209 8128 10823 15292 3590 14081 1474 10170 3710 3667
15944	8086 13890 1657 10680 8012 1821 2971 9314 2471 2421 3525 11689 1474 14847 3456 917 4331 3198 5513
3543	
5107	
11765	10680
2586	14663
14635	110 8431 9042 9214
5492	14433 9928 6830 10100 3391 3522 1474 14511 525 9016 10644 10816 14777 14621 14986 8738 14106 15116 12895
14289	14569
12803	11854
850	12739 11409 8737 9883 13798 11119 16496 9841 2330
3737	12344 10168 3124 13968 12115 6904 10735 9835 8851 781 701 98 3804 5848 1461 1841 9529 14931 6418 16045 10028 2422 1642 4258 1804 3779 11127 872 11182 11873 8114 5112 699 6589 16461 4032 3587 962 13733 16228 7896 18 9572 4516 967 5196 5037 9459 5743 2571 8007 4199 14589 12975
16208	9042 5499
13031	2855
5303	12545 8063 8157
463	9640 15147 7788 1892 8157
5752	13890 9016 7560 2020 10636 12274
2287	3391 9590 16014 1892 8431 8237 14433 4847 6910 13090 9543
10250	6887 7841 11225 13704 4465 4231 14146 15362 16054 12810 13777 5573 7135 13064 14230 8254 2632 6541 400 4435 13003 9086 12062
9146	2517 8738
14843	3157 7686 878 11886 15091 5428 1514 11234 5725 1686 6910 14039 6163
4839	
7025	1061 9161 15147 10944 5132 13340 8157 2990 4337 14847 9640 10266 5282
11179	
11389	8864 11139 15476 14437 15581 11574 12214 3687 16428
715	15662 9042
5790	6813 3575 14741 7751
13527	
7863	11103 1471 9474 11000 11251
295	9543 5070 6080 15177 10058 2971 2873 11643 13045 8868 3629 3473 1571 9432 10816 11405 2458 8901 12485 2495 1416 15457 9534 12040
4281	
3667	6197 13708 9209 1560 15292 16239 8128 9432 5668 13029 5833 7573 387 578 9137 3517 4136 4383 12446 6295 4120 3408 8940 15298 9321 10646 15704 14621 7630 15813 11971 2458 9729 12567 7482 13788 5217 3629 14279 5051 13212 7381 7022 7998 4893 438 5499 14039
2924	3525
12115	10168 3737
15009	15675 12909 11873
12075	11873
4744	731 1127 11074 9689 14777 4640 14059 5428 14244 13454 526
1284	
15821	5613
8063	13951 1548 5303 4400 12545 4302 587 1665 3898 1695 1892 4197 16508 11409 11689 525 14777 9502 653 4847 874 14039 6575
2419	13650 11409
10321	6224 9430 13890 9571 4967 4669 13090
6263	
3375	12313 14368 7805 1038 15773 9017 9016 462 2984 15640 6422 1742 14120 11689 2283
13673	377 15581 14244 1892 4733 2141 2968 15313 14719 14571 6345 4640 3067 11409 13890 10644 8495 8455 9032 2577 14770 1543 9572 16493 13464 14039 11497 1802 8708 4084 1913 8267 6715 5428 1273 10280 3473 5774 9272 480 4824 9848 10575 2201 8279 15491 462 10919 1374 522 3582 11114 2824 14194 9445 1351 13046 8431 13990 13090 15533 4097 10357 11649 2283
345	12239 3391 13890 3525 11948 13388 4361
10867	13976
13234	47 1841 14931 15746 15022 10028 3179 4108 4604 2571
7572	
6838	12459 8243 13388 15457 6338 222 10644 8901 9016 1802 4640 7874 9813 1730 3345 15932 14777 526 10841 11943 14244 6163 4411 5428
8024	15311 13027 15364 8243 4207 12313 1374 14511 9163 6854 8122 1802 8974 15973 9572 8670 1115 5594 6830 14571 8142 3103 12049 1892 14625 10713 9193 2699 14020 6938 11409 6804 1707 2210 15268 15449 3576 7333 1152 16522 43 14621 8730 15091 4944 13982 14083 4883 7697 4152 15853 1073 7575 643 6163
505	16371
7490	
9143	8982
6742	1948 1758 10258 11143 12581 11198 2283 369 10879 13039 14220 3559 4847 10450 11085 5131 9589 14517 38 4760
9455	15457 481 2932 4989 8319 4858 11066 15091 6815 10790 462 7515 5200 14621 14244 5919 7855 4847 10324 11085 461 10356 16065
6114	5191 4587 238 11409
10548	
13075	1499 13872 14710 14312 12028 8040 15534
12988	8157 14511 2471 14136 15235 7788 6644 1802 15115 11886 15873 5143
10067	9016 2119 913 16014 8665 7788 15311 10849 3198 4252 14777 3725 9980 9445 3261 5283 14719 14621 14194 9585 4543 5428 8431 3122 7185 11943 2135 14362 14738 14039 8243 1802 3172 14296 2031 10680 9459 10790 11726 2283 6163
15124	
4610	8157
4136	7751 14550 387 14741 3667 5217 13932 5697 9137 2455 11643 3629 15621 9209 9233 7371 8111 7862 3881 9722 575 10540 9214 15973 11345 15452 5069 8830 5499
11930	9210 4346 11873 5428
9192	3718 11409 6603 1064
5421	
4337	9209 7025 15147 1626 1379 6210 14108 14415
12358	7965 8395 14515 11873 13642 1526 6383 6910 6786 14621 5055 15266 3525 2020 1892 4640 1802 14986
12853	2932 2126 10680 223 11409 6947 5500 2320 9111 2835 4753 11873 3304 11814 12914 13890 9209 6659 6749 14511 12938 1892 9445 9989 1884 7067 14401 4197 11418 1340 2394 3467 9980 10291 3881 13223 8157 11379 1998 5283 3456 2031 11530 15284 10790 1064 14120 9901 582 10816 1802 16542 6910 481 14719 5758 1759 10370 462 7304 795 4683 14343 13132 14252 2643 5783 8665 5725 4847 14039 15268 15091 14903 11886 8431 878 16047 7788 12937 14530 13046 14244 3391 9016 2971 9571 11702 6224 6804 8231 5428 4640 9006 8385 13009 16038 4465 16054 5573 11603 2184 5543 3157 9903 2984 4858 15952 14799 13587 5203 15222 12477 2473 15455 11085 10575 13669 12450 6603 14342 14594 14787 13788 9044 6163 9230
2972	3877 9256
13600	14576
9728	1892 3464 2344 11143 6593 13039 2031 4033 11886 15631 16049 3033 1810 636 2145 8858 9012 955 14945 9401 395 6971 14822 13046 1551 279
11324	2020 13890
716	10680 5405 1924 14621 8665 11437
15326	11872 13388 15621
8172	9163 6974 5312 7528 1802 14846 268 5187 12287 2015 14981 9899 8853 4858 14244 11206
13868	5203
7185	5925 2210 15457 10667 3553 992 13388 9980 13628 8235 15541 8243 9901 1892 8023 9016 9209 442 9534 3345 16509 3938 15973 15568 2939 6188 8738 15873 2119 4734 462 488 7761 6593 16047 3114 5428 15819 6295 7822 10067 6163 3261 13046 12386 5086 2283 3715
1535	6210
4329	
14584	16277 7998
4606	9042 9016 16172
11990	9051 11409 3391 3467 9302 5533 6563 1892 16221 9042 14081 9502 2330 8665
1943	12341 11409 10262
12028	3391 14312 14802 15476 9609 9111 12222 15833 15581 14437 10998 8364 12820 1242 13075 3778 15174 8864 5119 5514 8298 12214 16346 5074 11749 11139 92 6357 1892 8536 11574
9111	6692 14312 222 4456 5919 2813 12853 8364 12028 14802 3304
2905	
1081	13357 525 2968 3725 3456 14081 12452 9848 2971 10593 11809 6330 1821 10388 9865 1802 4640 14948 14986 1862 913
6983	2119 9042
6623	1657 7063 8243 2659 10680 13388 15457 1892 9980 6910 251 9016 3697 15156 15568 6224 14656
2304	15457
8874	14511 4284 9487 1474 9008 13628 5428 13464 10849 14244 14986 9445 7409 10575 14194 8738 11085 3243
15298	2053 6210 10823 1135 9042 13703 5668 3408 8940 5187 3667 953 7533 6410 4203 9474 4120 2458
13457	9042 6210 1452 14279 13270 13976 12503
14924	15051 1106 6786 2145
15862	5919
14792	14750 15813 13788
1695	8063
14872	
726	543 2210 4970 9502 1115 9865 1802 15792 15457 10680 15367 6066 16392 953 11923 6491 9209 13388 5283 9899 8243 3345 11026
3314	4260 1922 12067 636
15864	
1362	15483 2766 6985 13544 15640 1892 3157 7855 348 8354 11886
4258	1841 15746 10028 9529 6418 3737 2422 5743 14998
543	726 1521
16278	15597 2571 9032
5289	6829 9042 9016 2984 9502 15640 14120 14038
14733	6210 3458 15483 348
15833	14312 12028 15581 15476 11139 12214 1499 11749 10998 5119 11574 14437 16346 8864 8298 8364 914 11689 14346 5874 1892 15174 8536 8716 1605 1242 10816 5514 8695
3100	
4987	1379 1106 10680 8157 15235 567 1552 11886 10701 15147
3391	10680 14601 11409 345 12853 2984 6830 5492 11990 3676 2917 12493 12028 9534 2090 8122 9989 11379 10748 2287 12818 10790 11726 5643 6163
7052	
6197	9042 10823 3667 5626 6210 2458 16151 9474 15813 15863 9209
15597	14184 8965 16278 6374 9724 4643 11691 2571 15276
12983	8864 11139 7936
15580	6210 11140 9534 12493 10680 12909 2119 2917 5037 1892 10974
15709	
14931	13234 9944 4201 5571 12729 8545 9957 1804 6320 6418 5249 8787 2422 2841 7431 3737 11182 1831 11127 8692 967 8114 2571 10028 15911 7623 12763 4032 15117 3587 16375 2956 3446 2994 7346 9402 16045 9459 16461 13122 5112 15746 14168 5548 13999 4108 962 9571 14998 11208 14877
5661	1931 9016 1242 70 2283
9899	12806 726 5283 8172
8923	6692 3525 2020 13890 10644 8324 8431
1819	3881 14719 3525 442 8738 251 8243 10357 4858 15873 5428 14244 9903 3114 771
13965	
1804	10168 14931 4201 4094 9529 16156 10028 2422 5743 16045 2961 6418 18 3737
9016	9376 7761 13890 3732 4766 4302 7160 7805 5492 5615 348 4285 1531 9137 2145 5500 9502 3304 5289 7384 3371 7413 8799 16006 8052 11467 3456 1844 8173 5681 11129 16148 6838 10067 438 12104 3255 12895 3700 12853 3375 2119 1742 7051 14571 9339 10053 14246 8732 1115 13020 14120 917 5661 8364 15190 1582 16039 4792 6623 128 8431 1424 14777 14903 1821 10748 3629 6786 2365 251 723 6463 2659 1374 15363 5752 14110 255 5204 2968 1802 711 5674 3813 9008 14883 878 3960 9574 6833 11529 2971 2007 1892 9848 9445 7935 10100 12701 14511 11437 10239 1657 5514 6374 15792 7067 15932 4476 9989 4346 14081 9246 2473 1864 8235 15049 14983 11904 2610 10828 15087 992 2421 13368 15640 795 14433 13216 8256 14111 9901 7185 5563 2324 11686 1875 2984 5040 2478 10680 10848 461 4606 4724 11230 9903 3676 2303 9980 3219 14336 13294 12167 11689 10505 15116 15674 11814 8863 4640 11222 5594 13454 1182 4086 11873 3710 9280 1038 15176
525	2971 3525 3522 4456 8157 14515 1474 5492 8014 6786 11689 728 10788 1081 2659 795 616 13223 11873 3456 13544 2324 6402 14986 251 9572 10593 9445 1374 4640 9223 12701 8063 2421 9901 9611 13464 14719 9604 6567 5513 5499 10662 9558 8738 6910 9880 6561 13046 1892 3676 3881 15873 2571 9221 6692 9815 10540 12564 8377 5428 6163 3261 7822
6101	13670 9358 6161 11409 7108 11774 13974 10695
13946	5068 6210 13708 2119 14663 11042 4545 8799 15955 2385 9042 11207 3131 11989 9789 7070 13494 7504 2335
11769	14897 12981
1242	15476 12028 15833 16359 6910 14757 11409 3456 3710 8364 392 1499 3408 2166 3137 2344 15581 14186 3629 11749 16443 15577 1605 12701 13216 5661 2458 16000 13789 696 4858 8040 12514 7203 1892 11140 15873 14838 12820 4640 3881 9137 933 12214 5217 1701 2801 6338 10230 16346 1924 11139 5514 11873
928	15621 8439 3629 9209 15292 16376
2126	12853 12122 9989 9487
7761	13388 8157 7935 7185 11873 5142 10680 9016 8243 3553 6383 9700 3114
9640	463 5132 10266 9533 10198 7025 1061 7952 1379 2732 5282
384	8088 5463 2968
15027	
2036	
488	2210 11185 6383 6407 15792 3248 9137 13223 7185 15452 10897 9209 13388 3629 15932 70 8157 7802 10816 6066 11129 3114 16047 2530 2283 10841 15457 5594 6813 13046
16002	1456 6210 2917 9042
764	13173 296
3473	10681 3602 2835 377 12648 9511 13890 11194 11601 548 14962 5716 295 10568 1892 5880 8479 13079 15465 13673 7560 8431 1264 11948 10952
9233	4136 12485 8940 3911
8926	16023 16043 12074 11198 6833 13533
11950	14118 6887 13879 8646 8512
3508	13027
3184	2243
1549	
15747	
8866	1626 7070 6210 9200
97	14035 13890
1379	9802 14847 9640 9533 4987 1157 7926 13340 7952 7211 4337 8724 6829 5282 8157 15147 9882 7635 567 4433 1343 5132
12344	8851 1841 10735 701 967 10168 15746 3737
12818	15781 7817 3391 12313 3891 4736 9558 469 10841 3638 15116 462 2063
11392	6786 917 4007 3676 8738 11085 5428 251
9463	
4773	16148
14276	
3885	11409
3157	8669 10086 1362 15429 7926 14504 15483 348 14843 7304 11886 8112 462 12853 11266 11678 5573 3432 2766 11409 1514 5503 9579 7855 11234 10885 6163
2150	11409
4868	11574 12222 1892
1999	7413 10811 4707 7935 3382 12460 6130 4724 12084 2984 9577 12975 8329 6696 14998 3521 2284 11182 2191 675 6188 9571 2190 15116 2873 6224 9697 9938 6487
3666	2063 4775 13090 2283
12739	15770 11409 13798 10853 850 462
12313	5121 8024 1742 13027 3375 98 2777 9617 5283 12818 14777 13890 14719 3198 9209 11971 13788 462 9664 1892 1351 10680 128 1446 6737 2283
9209	9474 12821 1452 4337 2059 14279 3842 12355 4919 7359 488 3304 10850 3517 5919 3629 13223 9969 5069 13212 222 9137 15704 3667 4136 7061 12701 15452 10074 933 14057 953 2210 8157 5217 5588 4497 15367 11409 1209 928 1929 6197 9042 3288 2917 10396 7751 726 12067 578 12313 4970 14483 13078 5833 14903 13454 10089 9159 438 16048 7185 58 15621 8901 15292 4383 13902 12853 2971 9432 448 5594 866 206 2473 15792 3408 2034 13216 1701 3824 12446 4346 14777 8799 3525 5283 3676 6210 11689 11129 9980 10823 387 6142 10680 4763 5250 16371 14511 4197
7256	15830 6210
6466	13999
1126	10790
1485	7919
2384	5634 9314 8157
2932	711 481 9042 12853 7728 9572 14621 462 2090 14039 1892 1020 16230 11873 9455 7855 14244 10790
3525	940 1802 5594 12452 13775 9848 2421 9137 15944 11192 3456 8395 525 8923 417 9210 8187 8670 2971 1374 11409 12895 2984 10593 2039 3522 4252 3710 6786 2924 4284 2968 961 16113 522 1892 1819 2324 345 10644 14511 16148 9223 14986 4640 6567 10662 8738 11873 14719 9901 9392 9209 9934 11481 12358 3122 10816
1115	15792 8243 15032 11129 1416 14777 1892 9016 7469 726 3345 8024 1064 8901 8315 4640 9076 11522 2530 1505 13228 14719 15922 5428 15091 15640 9903 13046 13039 1802 10644 12466 16047 13179 14621 9980 10841 15227 7230 462 13307 4411 15746 11004 2283 38 11085
5433	
2059	11717 11616 392 3016 2458 14057 1571 7998 13082 571 10646 10573 953 9209 16000
13875	12324 9322
12624	6210 13976 7504
12545	8494 711 597 8063 10680 8157 6383 5303 1892 8237 653 4494 14039 15091 9042 11689 6910 4847 9700 15682 11085
8644	
2824	14889 8112 2283 13673
15866	
9574	9016 14986 2324 527 7822 15116 3456 5428 8431 13046 7597 9353 8738 2939 13464 6163 2283 1273 13090
1057	
16472	14810 2984 10575 2895
12459	6838 1892 462 8665 10680
7471	9577 8187
967	10168 13968 12344 1841 14931 9529 2145 15746 2422 6418 10028 5112 872 1159 15907 2994 9468 10226 13047 16045 9459 3737 4199 1642 3122 11182 5632 14039 3587 1677 9571 12172 11085 2571 5428
10129	7504 5833 179 9042 9137 6210
4810	8738
6210	15008 12972 9042 9449 10331 5134 13509 845 3629 12935 13457 9412 8369 14279 51 14569 5068 8981 14248 9157 12018 9572 7256 11624 15955 16378 10293 8128 2917 15298 7504 4698 11207 5057 11605 16513 13237 9114 5686 4051 2155 15580 12784 3729 12283 3711 1365 7459 772 15363 10008 10074 1734 14733 14991 795 13708 6039 2743 12097 5786 8799 12503 11891 9137 5277 1535 5626 6019 6197 11366 9746 13480 532 15773 7842 2848 12624 6291 866 12198 13297 387 9199 1452 777 10129 14030 2053 8347 14019 10343 1712 10680 14597 660 2949 1626 6383 8866 7022 13270 7933 2119 11755 3088 1802 12454 15208 6729 9209 5764 14723 13946 4337 7962 265 5588 16002 7917 15727 10094 9474
2142	3198
10593	2971 462 1081 7651 1802 525 8799 3525 3456 6786 5014
265	6210
14515	525 12358 6786 1802 5594 5121 10090 9137 12648
9590	9543 14433 2971 8431 7132 16065 814 12216 16014 12702 6224 14787 4594 2752 636 4494 9445 2287 461 13039 3709 7788 2283 15032 11085
115	
12764	
1152	8024 43 15091 4572 643 10222 14787 4847 15973 13307 5063 8122 14020 1245 884 2643 9805 5203 13990 4273
6441	3629 5833
16499	11409 1892
12355	13388 9209
9358	10090 6101 11409
6161	15111 5746 11409 6101
5428	15436 10090 7741 8665 2907 7411 8739 14268 10790 9574 8874 12853 8417 14621 10100 9520 5114 9370 6482 9534 7160 2031 3114 16504 6457 15049 7788 11409 15091 11392 11814 11930 7914 8431 11530 14696 527 14903 3670 15708 10370 6188 13132 6910 10905 90 6402 10575 4640 15032 1802 13047 2344 3456 15116 8841 2324 11437 1115 2320 8385 2984 3122 9572 10748 2577 14081 462 14131 9980 7919 9901 10291 12659 10662 653 6345 4744 14843 4858 7185 11689 9008 251 8237 525 2917 442 9163 4033 5499 6073 10816 11886 13046 481 15873 13673 11726 14719 3725 11379 9571 1819 16211 10067 3938 10014 9445 1759 14194 1443 2421 3881 13464 9890 12858 891 9815 4197 5725 4636 10540 3067 14039 16171 11085 8738 4847 12385 14244 967 6947 6838 12564 2283 3172 15746 5500 1636 15568 10849 14517 5283 6163 5086
14962	3473 5594 11194 2835 2703 730 12386 13864 16530 2320 1033 7560 15017 8385 8431 13890 3677 3261 535 5880 2020 10662
14028	15640 12208 15176 12659 3676 10090 16038 13046 12247 2283
15147	567 14678 7100 3423 7025 4337 463 5518 7926 10069 5282 5949 1379 8157 15051 3845 14847 15115 7788 2247 2813 5132 4987
1553	11198 6900 6833 1321 12074 15091
10225	
6692	14478 8923 11690 11856 12452 13454 1821 7926 1374 9111 525 3456 14081 10918 2968 9848 4284 4640 11114 9392 11873 14986 11409 9223 2324 417 5030 527 2421 9901 7956 9815 6567 8738 9880 13998 9865 2971 1802 14621 10230 8670 13775 14244 4847 9520 13046 6163
348	15483 5914 6383 2766 8669 3157 14656 1362 14733 9016
9445	5977 12853 11873 2971 9590 1782 13205 6786 8874 1892 14511 10067 9032 6190 1424 9865 1474 2968 2421 13027 2324 9223 6402 6663 9901 3037 8267 251 9572 2939 5114 5428 15568 15928 9630 10540 525 2145 9459 4494 1802 8738 9880 3710 1374 9016 13673 8187 6910 3456 9008 14244 13046 12659 13464 527 14986 10816 9989 14517 14194 3243 7822 10433 2571 15873 15116 11085 9230
3629	14279 13029 9474 16239 9137 14111 8128 3667 6813 6441 3408 928 6598 12454 2917 4970 387 1626 11441 13364 4136 13652 2034 6210 5250 343 8884 11481 15704 222 2848 16048 2053 9209 12067 13216 13212 1242 5217 15923 3288 15813 13045 1038 5187 8449 6359 11971 8940 6295 13572 11626 9432 178 12193 12372 392 3778 10062 2458 12446 6338 575 5200 5241 6380 7599 13494 8799 3016 14597 12567 9322 3746 8868 14362 541 11644 13228 3911 9217 1801 3456 13788 13046 1998 12701 10286 5676 5833 488 4858 14841 9016 2438 9256 4515 1701 15292 15116 295 3944 12485 578 7998 13703 15091 14244 5499
7067	15452 10680 711 9815 2917 251 10644 4946 9016 4387 6910 15091 8665 15049 12853 10540 15235 1802 3456 11409 15708 10662 909
4147	7917 13976 392 4413
14847	7025 15147 7100 15944 1379 15115
1127	16074 4744 1841 11873 8803
11074	4744 16346 15932 1892 8738 6652 15235
9520	2659 14621 10816 10662 5428 7919 462 4847 13750 4669 14986 1658 251 15746 9617 13046 3122 12054 2710 2705 1892 6692 15873 3675 11266 5543 6224 3571 14032 3037 15116 6163 7820 14244 11603 14787 4039 828 14719
2398	
5028	10799 8187 7411
11873	14607 4207 1127 3467 2932 6286 9280 8863 12853 2917 7979 9980 16230 13122 13194 5283 9129 5074 2659 16496 14433 8417 2984 12075 11726 11814 12098 8791 235 13535 15009 6491 7237 9016 2145 1474 10816 9163 6455 6066 10314 3502 3711 3198 525 1802 2971 3525 255 5204 12795 2421 6345 6786 11409 10924 14369 4267 6692 4640 795 6188 10028 5267 14719 461 14613 12701 16240 462 9901 1242 10644 14986 14621 3122 6910 481 6749 11930 8023 6402 661 11886 527 14039 9202 9032 8856 15873 4508 7935 648 13388 5594 13132 13047 14511 10667 10918 15746 7761 12358 3456 1892 2324 3813 5059 14903 3737 10790 12192 2320 3824 9445 12599 16074 13046 14194 6163 11346 9798 14244
9387	7063
3467	795 13122 10735 1742 14511 15581 11726 14433 11873 9865 13047 14081 462 90 4476 5563 15422 14903 6786 12853 8364 14621 4197 4708 4640 11990 13775 11689 13454 7201
10202	8438 14619
15262	16063
2577	11437 615 5428 13673 11304 9272 2984 14244
3371	9016 14621 8237 11085 10052 14638 5143 4847 6984 251 12477 7111 8157 12338 10492 13090 15898 10841
4970	13388 7935 10680 6593 9202 9137 726 6383 3629 14777 1892 719 11129 2422 3114 15656 8732 3553 9209 12950 9042 10841 3345 9502 5499
10408	11159
6563	4033 11990 5454 10403 4207 11230
14802	11139 12028 14437 6383 1756 12222 2529 9111 1892 6910 14115
2712	
6286	3522 11873 917
13034	2119 3644 344
15163	
15008	9137 13237 6210 9042
6491	726 11873 10841 14621 3946
11948	345 3473 13027 11818
9159	3676 9617 9209 6188
2184	2813 1802 12853 1892
15418	14352 1802 9880 3870
4348	10572 9474
3304	7201 14115 9209 9016 11129 9111 8157 3675 12853 8243 10644 3114 9202 6383 1892
2554	9388 2530 1892
5002	8675 2917 13976 12806 3891 4736 9558
1264	36 2835 3473 730
13670	6101 9940 2330 11481 9934 12971 8737 11409 14799
14146	8646 6399 7055 14118 16267 4465 10250 3680 8512 5380 12810 9132 11225 15062 1495 4231 7135
5295	
13708	3667 4656 9042 2848 1452 13078 13237 13946 1626 15292 6210 1892 2458 7022
6296	
10168	1804 3124 1841 967 3041 12344 8791 8851 701 7896 5037 1461 10028 781 10735 3737 12115 16087 3804 13968 14256 5196 9851 8526 9835 5848 6904
6938	1341 372 8024 5203
11697	
9280	11873 13194 9016 251 1892 4640 15091 8665 15116 15220 14244 7919 13046 8856
8147	5217 13265
14483	9209 13288
3974	
11860	8226 8738
13879	4289 8512 11950
8157	13555 5132 2849 8451 7025 9533 9161 5518 2473 15957 8086 16102 463 4610 12853 2332 5282 14235 4956 5303 15186 9848 2471 1795 1559 7952 3304 2680 5030 1379 7051 7211 14511 525 13355 14111 12545 4198 15783 9779 15147 1548 2917 8724 7448 2384 8124 172 6047 12988 15899 744 9392 9202 191 5594 15932 2127 5514 9882 2977 461 14777 9209 8319 3893 3725 3371 11814 10942 7761 3259 9929 12449 1285 16484 3522 1042 120 2629 8256 5881 4987 4738 4359 16274 2530 9314 1374 3400 7498 14190 488 15483 12264 7662 4640 5283 12895 3456 9198 13388 15792 3765 13340 2971 15235 2598 6243 12311 12915 7788 10291 7100 3402 4407 1157 16032 3732 15704 3530 2046 15051 14120 11750 2026 1061 1844 15457 5654 14081 5143 11886
9509	7135 11225 8512 877 7055 9539
10852	11261 13090
8128	3629 9412 9042 11103 4383 3667 1872 6210
10505	2473 9016 15176 9259
14757	1242
7713	12181
11185	8243 7678 488 10680
3255	5500 2473 14120 2984 15640 12850 8738 15176 1038 9016 2145
14396	
9643	11409
1636	14511 4284 2145 8738 5428
8315	5274 5302 442 1864 6383 3114 15457 1115 3345 462 11937 10680 3559 7291 14621 4640 9980 2458 9314 14719 14514 15091 6910 3516 7919 12772 526 3172 6426 8243 2971 13046 10841 14639 4847 2344 11004 2283 3715
6904	10168 1841 11455 98 5718 3737 10828
15763	
14777	4970 70 1802 7051 5069 14081 4744 3408 3114 9223 1087 4640 11409 8243 3137 1892 8063 878 11129 6838 8157 10067 9016 5086 891 12361 9558 527 6383 206 1115 11455 2145 6910 2971 12313 15457 12564 10816 12895 16268 5492 7440 15032 10680 2968 14950 7802 15819 9209 15049 9980 7253
12537	15901 8449 16199 9527 10644 11692 11555 2957 13476 10356
4201	1841 1804 7431 15746 4333 4151 6487 9131 14931 16461 12172 9
14964	16283
16378	9042 6210
13183	3198 1098
7160	10680 9617 9815 10388 15708 9392 527 4640 6910 5428 8738 462 15873 8036 9016
9018	
10166	13388 7440 15457 14621
887	5070 8372 7077 12208 13788 15568 13193
2135	8112 10100 10067
10823	15298 15704 15292 4497 6197 15621 9209 3517 387 9474 4383 9137
7864	8438 5702 12078
12981	11769 15770 13798 14897
2410	15321 13027 6551 6813 11057 5457 13703 4260 6019 5177
14292	7788
16074	5121 8161 6394 3807 1127 11873 12006 12648 15879
12416	8405 14312 14710 16359
9730	15746
13047	14369 11873 3467 967 6188 10230 5428 14621 9901 13194 12599
3993	
940	3525 3647
14663	2586 4545 13946 8264 7844 3115
5108	
15476	12903 103 12222 5514 6357 1892 9609 11389 12028 10998 13112 10568 11139 8364 15833 1242 15905 12535 14312
11961	1892 4989 878 4448 10790
58	9209 3016 4615
2723	10790
8724	9802 4279 1379 8157 11431 4207 5405 13321 8237 1580 1892 7788 9484 5891
6383	3304 12545 9502 6463 1802 16048 4970 10680 6210 7761 12358 348 14777 2968 2971 8901 15457 14621 2145 1892 10897 13046 9137 8315 488 14802
11299	2483 1643 2458 16188
10053	9502 2984 15640 9016 2473 11689 15116 14120 15813 14621 12659 4574 7822 5143 6163
8737	13798 2330 11409 10853 15277 11481 6700 6707 2290 9841 10262 6932 12971 12920 9392 101 10090 12341 462 13377 3406 14696 6979 14932 7926 13319 3946 11372 8186 11732 6336 6815 850 16116 5018 11960 13670 11064 9883 16077 873 6603 8348 14799 9903 3863 13215
2794	7933 578 438 6130 5217 2458 8372 9432
16048	9432 772 3629 10761 6383 9209 2034 15783 12372 16000 1393 13027 15819 7308 14736 4884 8643 2458 5676 5499 13788
4026	11194 13890 16451 12648 9422
1415	12256 2894 4086 126
3421	9980 10816 2365 14427 462 14456 2320 10588 14719 9430 4847 10575 6224 2873 8253 3960 16288 3123 9815 14244 15873 6163 1177 1642
16322	
3101	
2619	11409
902	8925 11198 14707
9672	6107
12737	11198 1484 2029 10619
7805	3711 2984 1038 1742 3375 9016
16392	2335 726 2829 13788 8924 5620
7061	9209
1449	1986 3341
4465	13334 6667 7135 2913 11225 10182 400 85 10250 881 9539 14146 4231 12600 11086 16304 7055 13455 1050 2611 10973 9349 6098 13336 15194 14814 3098 4472 6415 15952 8254 15362 736 15546 13704 13777 10301 8512 8577 6017 594 8163 9856 5455 1857 9830 15777 10132 5372 5725 14077 5424 12380 9043 4435 2777 12810 6541 138 2592 8170 11513 69 13064 12469 3562 4104 7181 6224 14161 10796 1764 10120 10596 1089 14118 1846 16054 11731 2149 15368 3186 12853 9443 2594 16007 7949 11417 10493 7665 9086 12944 11933 12619 617 10367 12062 13513 13003 6242 13990
11247	8012
7440	13388 10166 10644 14777 3345
1607	
5588	6210 9209 9042 1404 9307 5069 14621 4561 2119
4985	3573 1892 14621 2984
5894	7998
4432	226 1707 7975 15091 5203
5708	817 2145 8267 14039
9200	8866
1456	16002 13814
11158	8504
7948	16504 15131 9929 10357 10358 6224
1667	9042 2119 1892 7595 9265 12211
12972	6210 9042
9240	3522
12896	
4741	
13122	12114 4175 11873 13194 3467 8856 5915 2040 14931 6772 12599
3553	7185 7761 5925 4970
2245	4452 5723
5204	9016 11873 1892
12820	14312 1242 11749 11574 12222 5074 8364 12028
3522	2971 8395 6286 15452 3525 6786 15087 525 8157 9572 13684 3881 1892 8431 15873 5492 3456 4572 9248 14443 7919 473 9240 5086 9430 9137 7788 417 14336 2659 14039 2873 7855 2283 15294
9409	1626 7142
5654	8669 11886 8157
14685	15873 13046 15220 8738
15752	10841 7319
8974	8024 8142 679 1245 5203
16108	11409 10836 4
4851	12648
11755	6210 2960 16165 4452
15268	8730 7028 8024 9368 1892 643 10146 4883 14873 15449 5203 15091 12853 15936 6910 9052 15581 1027 4152 2801 6804 7575 12535 4711 16522 6830 3388
13287	13414
14233	
866	7504 9042 2119 6210 9209
7926	15147 1379 9314 1892 3157 5018 6395 8737 10540 10662 6692
8256	8625 3956 8431 3016 1892 10680 12564 8157 9813 3114 6105 10841 11937 9890 15819 12733 10422 2192 10795 3345 14621 13228 12528 15896 15236 8243 9016 6821 10014 6910 3172 13179
13364	9137 9042 3629
15224	2160 14588 643 4152 3251
7760	12943 10619 12878
7467	
4976	6359
16023	8926
14889	2824 15422 6066 4640
6164	16186 7422 14244 15116
13173	2198 764 7363
10170	4383 14081 13046 4669
11194	377 4026 3807 3473 14962 13890
2303	9016 13940 2145
6855	575
10314	9502 14081 11873 10766 3456 14986
7374	
701	12344 3737 1841 10168 4516
16522	8024 12939 1027 643 15091 15268
2166	5406 1242 15032
15631	7822 2939 9223 462 13307 5086 14244 14194 13464 13990 9728 13046 11937 15746
2508	11409 10090
16326	16020 8314 10112 13679 7788 2283
7676	2806 1452 3911 16293
10355	6163
13449	5210 1378
4545	2385 14663 13946 2155 9831
16507	14312 10998
7201	11409 3304 3467 1892 6910
13097	
1074	7253 10644
15366	953 13048
9008	1474 2971 2324 8874 3710 9016 8670 9445 15640 10816 12195 3456 14986 15116 5428 3067 14511 8738
382	
12067	772 15704 9209 15603 13212 12353 5217 15901 1701 3314 15237 1369 392 3629 3517
2053	3629 5615 6210 9042 15298
7225	6551 16106
2990	7025 7788
13331	9267
16469	
12033	8164 14120 6190 7919
12362	
14590	12821 1751 11624
10278	14304 12104 11409
15621	15326 9209 928 4136 9137 9474 7764 6551 10823
6723	
1793	4847
9193	3576 6707 43 8024 15853
9019	9042 4969 13788 368
13556	2095 8479 377 979 5055 15568
2020	3807 2534 14962 3602 8708 10681 13890 12386 6179 5152 8923 12358 13642 535 3222 13079 5716 5364 3677 10194 5752 2336 11324
9671	13566
10099	5786 9042
14174	9474
14279	13457 2119 15773 12198 9209 3629 6210 9042 10396 5069 2829 1892 16498 3667 13237 13270
2610	6593 8243 13388 15457 1802 9016 2421 10680
15808	
9746	6210 2119 9042 8449 15931 8940 4640 6910 12646 13788 15813
6172	
2468	8512 11225 14674
7186	10437 6772
11159	9529 10408 8114 4640 14039
8512	6953 2468 13879 9509 10107 11950 11225 8037 4231 14146 4465 12810 7665 6541 16054 7848 14621 10182 2913 2459
7842	6210 2385 9042
8864	2529 11850 11139 9149 14312 11389 12983 5514 6910 1892 15833 11140 14838 11515 15906 11136 1650 12028
2128	9937 4007 2283
2699	8024 15804 15091 643 1245 5203
128	7751 12313 13027 13890 9016 4203 9321 11971 7087 16348 10559 15863 8738 5499 7398 13788 2850 8449 6485 10841 13228 2299 13090 5418
6598	3629
15629	11409 5018 9940 9890 8431 874 7997
2659	9520 11873 14081 9202 10680 11437 12081 9016 8250 3522 13132 12975 16310 5112 2198 6623 11192 525 13046 9916 3587 14920
7328	10680
5829	
3790	7855
7751	4925 438 15292 15704 578 9432 13934 5250 5790 10461 6105 9209 4997 128 7259 5051 10490 14741 8940 7832 9137 9068 14433 2458 575 4763 13101 4136 12821
3576	8997 9193 2984 12049 643 8122 8142 8024
933	2848 15096 9209 8347 1242 625 11827
7952	567 5132 8012 8157 1061 1379 9161 9640
11206	2015 14846 11689 8853 9163 6357 14981 7855 8172 14244
5142	7761 8997 6830 43
16039	14710 13245 8298 10998 9016 15581 1892 8364
8086	8157 4331 8012 5282 10701 10404 15944 9779 1892 15503 14445
5274	8243 8315 15457 5302 3345
14648	
3233	15292 10850 10959
3602	2020 2534 3473
16346	11749 14312 4841 15581 11074 878 15833 6357 11689 14511 13138 14437 8298 5514 12222 1924 5119 1242 11360 7953 7180 12028 5074 7453 3687 1603 4858 8112
4285	9016
14986	3219 10667 12358 2968 3881 9445 15873 917 1802 525 14111 11437 8628 10788 575 15708 10816 2145 11873 3456 2324 251 9008 9223 9815 9901 3114 2971 8395 8874 6692 2063 14719 4352 3345 4197 6402 3525 14401 4640 616 12212 462 5086 5492 8243 878 2682 14621 442 15091 960 9520 10370 8738 12348 3710 1081 9574 3676 9572 9880 9604 14456 2320 11689 10314 2421 12705 527 6786 9562 13046 9798 16230 6163 7822 14244
173	
11225	12810 9992 1881 8512 4465 13064 14146 993 10250 2468 5372 9509 13334 10120 13704 15062
5105	6032 2160 7743
2342	
5069	14279 7259 5588 13703 7832 14777 9209 11971 4136 329 2458 13027 5653 15261 15739 14621 9230
6528	9629
1025	
4207	11873 1424 5030 9533 223 8724 2227 15235 7211 4738 2405 14621 4847 5126 8024 6563 2942 462 7788 7230 14039 7684 3715
5458	
3137	14741 3389 578 15704 14777 1242 2458 1571 15813 9042 13212 10841 1994 3533 3252 5114 13788
13968	967 10168 10735 3737 1841
11257	
16132	8112 1924 14312 9370
13334	11225 4465
13622	
8803	7965 8395 14599 12114 1127 8738 13046
8799	9042 5068 1802 6210 13946 9016 10680 4919 13388 9209 6301 3629 10593 13292
9617	10748 10974 12313 7160 3676 795 3122 10897 4640 9159 6073 9573 13890 8739 15422 10816 9520
6329	
14809	5856
15770	1855 11409 7238 2330 8125 12981 13798 14897 9841 7141 12739 3818
15175	12733 14514 2600 15086 9890 11937 15819 10841 7319 13788 9485 3172 10014 8560 11321 8643 5499 11085
6967	
11624	6210 387 8449 2305 12145 11279 14590 4847 13788
11222	11529 9609 2473 1892 14120 9016
16452	11409 9089 6603 12433
1061	9640 7952 8157 7025 15235 4738 1892 6431 11886 7788
10471	
1742	3898 12313 7805 2984 1038 9016 11689 14120 3467 3711 3375
8396	
8298	9328 12222 15833 5119 16346 9506 13132 3687 14710 12028 16039
15292	4383 13708 10850 13029 15603 9209 4919 219 14057 3667 7751 8439 15814 9137 3629 1452 928 9042 16239 10823 3233
10659	5641 13108 2971 7986 1892 8567
7792	1802
3248	15457 488 10644 9533 1892 8243 2637
10074	1675 2119 9042 6338 6210 15288 9209
11698	
9136	11409 8730 8142 3464 15853 1027 15091 11689 1245
2873	9502 13890 4944 12943 2999 9946 8267 661 16288 15746 462 4847 15091 15973 16211 2917 4476 83 3269 13990 3522 295 12477 9430 13046 3421 6163 2283 1999 9
13658	
15452	15367 9209 14511 9534 10190 9934 462 6457 12417 8665 4792 6163 13046 2210 5533 10680 5283 3522 6610 488 7067 11814 15999 14081 900 4136
11241	
14232	
6061	2534 11485 13890
3732	9016 8157 9129 1892 7788
530	14621 8873 6919 1484 4847 11689 222 15227 14120
13008	5203 2961
14428	4421
9137	15292 15008 9432 12701 2119 9502 5676 9042 5615 7107 3525 3522 3667 13237 9016 4970 2034 10129 4383 13212 14515 4136 9209 7459 3288 5250 8430 9224 15621 488 9474 10823 2561 13364 3629 1242 6383 368 8111 10207 1892 1571 1924 5653 4736 14905 8385 13493 7751 13078 6210 14111 462
12181	7713
2772	11409 462 7356
5210	7593 13449
8395	12358 1802 3525 8803 3522 9502 7965 10680 2971 3456 14986 8738 13046
11094	4669 6470 2571 9459
3288	9137 9209 7998 8243 13223 3629
13224	
10644	15533 15876 1115 3248 1802 1090 5003 3304 16504 10943 615 878 11304 2715 15524 7067 1582 9665 461 3240 10816 15932 12215 15792 3525 5533 6838 9880 7440 8923 728 6888 10944 11215 13772 9238 7816 10299 14870 12537 13705 6073 11873 3676 6418 3037 2471 3569 9210 16401 14244 5492 3114 6295 15087 1074 10100 16193 7979 10662 1159 6910 2971 150 11904 13673 6163 6341 13809 6224
1738	930 438 578 13223 13765 9432 2458 14950
16186	6164 4213 5132 10816 1802
3442	9901 2971 3456 2939 8738 15131
8851	3737 10168 12344 10735 15746 1841
2007	9016 8665 13090 4669
15905	13112 15476 14437
10682	
15879	16074 6394 3546 6910 12648 15483
1758	2855 6742 14808
16301	6487
16006	9016 15116 2283
13888	3911
15600	
1902	7788 945
7236	8868
14312	15833 12028 12820 13112 13075 5074 8864 12416 16507 10998 12214 5119 12222 8364 8903 1055 16346 5874 9871 16132 15581 16187 1346 11749 3875 9111 11574 6357 16428 15476 15760 7855
16509	10680 13628 7185 9901 2917 8738 5086
7127	5119 8364
13395	
8347	9042 6210 933 5786
11504	
4352	6786 7998 10667 14986
12281	6144 11198
10811	1999 462 7564 5463 6190 2827 2984 695 11689
1623	
8036	16504 7160
9883	13798 2330 850 8737 11409 9940 9841 11759 11951
12312	6685 9474
1499	140 13075 15833 14250 1242 12222
11732	5782 3881 11800 2971 5208 2284 10090 12971 8737 9903 11409 14799 3456 14244 6603 13377 7822 7356
13549	10897
12264	5891 8157 5580 7788 15272 5561 15236 14079 4483 11569 6013
13401	3357
377	3473 13079 5716 13556 12386 1892 16328 12287 5974 13673 3261 11194
10728	3571 11409
15921	5302
5737	
16302	
14108	10751 15760 4337 12222 15711 9803
6463	6383 9016
5059	7268 3976 11873 2765
5746	5018 12341 11409 6161 2330 11017 10090
8231	8377 12853 3456 13046 15462 5128
11960	13798 11409 12341 8671 5018 2664 8737
3408	3667 4203 9209 7998 625 12066 9432 10680 14426 6993 8449 11450 4884 3629 179 1242 14777 6910 2458 14950 14841 15828 12446 15298 9675
1500	369
6620	14957
4884	7237 16048 12554 3408 7654 14179 9322 645 2145 12088 1989 4603 13221 10224 13788 114
16148	9016 4284 3525 8738 4773 7817
14330	7986
7070	8866 13946 10743
8226	11860
4634	
6749	11409 15541 14131 2971 8187 12853 10816 6188 3261 11873 5283 10230 6707 9901
7108	6101 11409
2473	16212 8157 1582 3083 2421 9016 10505 917 2984 15674 11222 14368 13368 4724 3255 10053 4766 14120 1892 3700 9209 5500 15640 14621 9535 11529 11689 13039 12853 3357 6163 11085
3931	
4458	9042 7369 3834 2458
6551	15621 13027 2250 1929 7225 5342 2410
9736	4497
14038	5289
235	13388 15116 11873 4197
12287	8172 377 8853
10913	11198 1892 3925 6403 8258
10293	3226 6210
15512	
8438	7864 10202 2072
2766	348 3157 462 1514 10086 1362 7783 10238 11886 15091
12184	14616
216	3251
14433	3467 5492 9590 7751 9016 461 4694 2031 2287 11873 7802 15091 4669 16542 4725 14150 16014 4594 9543 636 14787
13775	7965 6692 3467 3525
14030	6210
11139	14437 12028 12222 15476 8864 5074 3687 11389 1242 14802 12983 8364 15833
2201	10604 12735 6831 13696 13594 11383 16357 677 615 16216 6567 13925 10308 14761 8738 10819 15987 8569 1849 2984 3582 13673 16441
9328	8298
2144	5018 101 12882 2290 10090 6932 721 3571 9934 12971 6700 8046 11064 7141 11409 462 13650 22
13368	9016 14120 2473 8863 15116 14621 15176
12629	
103	15476
12024	2984 8901 3198
9940	11409 3007 101 15629 12341 13670 9883 11951
11470	1707 15091
15981	11198 3823 3359
14032	16000 7998 575 2198 6188 6105 9520
5996	11409 15704
15235	4207 8157 1061 4987 9533 4331 2478 7067 7662 1552 863 9882 7788 7498 4483 14136 481 13766 3259 11886 15272 462 6498 11074 10539 1157 7076 7133 9562 12405 6189 9802 5132 13361 12988 14244 5136 3793 9536 2405 11373 8935 14039 5143 2283 5726 14342 15140
7413	9016 11529 4766 11689 1999 11437 1810 11409 15091 15116 11530
9105	
1864	7998 9016 8315 15819 9890 3172 2600
8494	12545 6900 10790 1486
16097	527
11326	2913
13237	7933 12784 9137 9042 13480 15008 12198 13708 6210 1452 11850 14279
10518	3711
13916	9042
11814	10680 15284 12853 11873 6947 8157 1884 5428 251 9016 9835 15452 11593
14425	13223
1929	9209 6551
2035	13478 3251 11138 15091
9848	8157 6692 1081 9016 15873 13673 1892 10540 3525 251
9054	5653
893	5563 12477
13142	10135 2984 11198 7788
14842	11409
11339	
578	3629 387 3137 1738 930 438 9432 9209 12446 3667 7751 2794 13902 4640 5283
12782	1892 10816 12275
15259	
9197	
13079	2020 13890 2835 10568 3473 377 451 3677 730 16328 12386 1526
2543	
4361	345 1892 16019 548
11708	827 15091
1235	5844
5005	
4175	13122 10619 5152 8693
4476	2917 9502 9016 1892 4640 2873 3467
12806	9899 3891 5002 575 9558 15813 8218 4411
12040	295
13951	8063
14306	
14870	10644 2571 14039 8738 6715 2731
2895	707 7482 1802 16472 13788 4736
10686	6465 5499
9432	3629 5217 12446 13212 578 7751 9137 2794 5283 930 13902 12372 9202 2844 13193 387 9209 3667 3408 16048 5668 9890 1738 9068 295 8449 11418 11643 8868 7998 9971 368 575 14903 6705 2458 438 3016 5910 15704 15640
12215	10644 15032 4284
2561	9137
243	7437
9191	
12239	345 8106
10771	1948 9042 11409 11198 12493
3563	4452
1027	16522 4152 15268 43 8122 643 7028 6804 8184 14873 12418 14625 10146 1707 3296 16010 9695 2628 15091 8730 9136 15618 5203 13737
13421	13090 14787
1185	
5342	245 10459 1892 14625 7164 6551 4916
5282	9779 7025 9640 16214 1552 4956 8157 9533 4295 5132 10944 8635 496 10710 4198 16274 8314 8086 7788 15147 10266 1379 15957
15390	
6959	
60	4139 10966 11271
3102	8651 5753 420 14039 11845
6957	7788 5143
8622	14358
4617	4198 3122 9536 10721
8739	9430 251 5428 462 7919 10943 2984 2232 13788 9617 3122 14362 2283 9558 10662 15873 14039 8738 7822
8180	1948 4847 13090
5217	3667 438 387 12821 9432 9209 12067 3629 2794 8147 9321 4136 13223 1242 13778 8064 13212 14186 8449 2458 13027 3016
6784	
8218	12806
7616	5224 6271 4598
7871	11198 25 7474
5626	6197 5068 7504 6210 11216 8496 6410 8981
15204	8695
11348	
3485	7788
5674	1872 9202 9016
5925	7185 3553 1892 1484
13808	3510 6603 7822
2330	11119 5746 13670 5018 11409 7680 1855 6871 9883 13798 873 2984 8737 850 9841 9051 4718 1892 11774 16116 10853 15770 10948 11990
16408	10680 7512 1730 4640
1820	
10069	15147 9352 7068
7670	9980 15091 6163 4411
85	4465 5725 16054 6098 7949 4104 15368 11513 6541 8254 12062 2283
8178	
700	9072
1613	2961
13982	3251 10713 8024 8142 12408 9368 1435 5271 8131 7626 2267 4273 15091 3472 643 1245 5203 884 12872 2890
1462	4197 14799 8652 10221 3770 9044 6218 11379
10861	14599
2034	9137 5697 3629 14111 9042 16048 9209 6813 10397 11643
3456	3525 6692 2971 1081 7788 8610 251 9008 10816 9445 3710 471 11732 8628 1474 6786 8670 15944 10593 417 6910 9901 1802 3881 9016 8157 3442 1242 462 9865 9223 10790 9496 878 14719 2145 14621 14986 9815 8856 6567 2031 6190 12853 11689 11530 2968 1374 12701 4640 11379 9572 12895 5608 6402 9980 3122 661 9202 7919 7067 10291 14511 1457 6487 5594 13464 5428 4847 1140 9558 4197 15091 14039 8431 8738 9238 9880 2887 7112 11784 13046 10314 8395 2917 11409 2421 9890 3522 15746 15116 11192 14244 11873 8231 14081 2324 8237 917 13132 9574 1686 15606 14284 15436 527 481 525 14194 3629 6163 13648 15873
10396	10680 9209 14279 13027 11971 5653 9068 15704
10875	
13029	3667 16239 15292 3629
8235	8243 14735 15457 9016 2682 462 7185
6707	6749 7039 2971 9193 1892 15091 8737 2628 5203
9224	1802 9137
10853	2330 11409 12739 1892 10090 11404 14939 16116 7189 8737 9841 462 14799
11750	8157
5261	2664
10848	12372 1924 9016
5014	10593 5782
7144	
4151	15746 4201
13132	13890 11409 9989 5283 4197 10680 5410 2659 11379 7788 3456 11873 11530 15994 1759 10790 14621 10879 5725 14577 3516 4398 872 10981 13046 481 9980 8298 7469 15091 3670 14284 10291 12853 4847 5428 2283 878 14362 236 13090 7869 4411 8665 8643
12101	
8354	1362
13533	12074 2029 11198 8926 512 10619 12523 6371
15662	715 9210
14118	13455 10182 2913 4465 14146 11950
2833	10028
14027	
448	9209 15367 13223
16299	
70	488 14777 12564 8243 6910 14039 5661 4736 526 15457 11943 10841 15873
12864	8466
1665	8063 2061 653
4592	
12735	10604 6831 11304 2984 2201
15820	16411 5785
10354	14020
11386	
10056	
8983	
8430	9137 5833 13010
5727	2299 9558 10841 10833 8856 13788
13704	10250 6887 12810 11225 4465
1952	5799
9221	525
728	10644 525 2320
47	14571 13027 4763 13234 15311
5965	
15636	7118
4975	14874 1892
10073	
8273	14677 9020 10779
5797	
10454	2145 4306
3590	13028 5833 4383
5504	
5833	3590 10129 3667 3629 9209 12198 6441 8430
3083	11689 2473 14120
11441	4698 3629
1703	11574
8518	3676 179 13494 16440 10931 9722 5114 14950 6295
2379	
14150	14433 8431 14362 15091 16542 909
3710	14986 1242 4383 2971 9445 1474 9016 2968 3456 9008 3525 14893 2324 9901 9223 7856 4267 2145 6786
5030	14362 8157 13223 15273 14621 6692 4207 14131 15091 9815 9798 3123 11971 2283
15625	9066
8670	2971 9008 8024 3525 3456 9558 6910 6692
2991	2442
10925	1529
11643	8868 2034 4136 6338 9432 295 3968 2458
6247	
15321	2410 8372
8320	14770 6243
7022	13708 1452 3667 6210
2446	16540
10998	15833 14115 5074 2984 3687 12222 16428 16039 14312 16507 12028 14437 15476
7286	
2320	14511 12853 3261 9980 9901 7855 12591 3421 14456 728 11873 11409 5003 14986 16211 9430 14962 15091 7822 6224 1020 8253 5428 14719 14244 4197 6163
4094	2571 3124 1804
7832	1130 575 5523 7751 3016 5069
743	9475 5191 11409
6688	2145
16034	
6887	13704 12810 8646 11950 10250
7965	9502 2971 12358 2039 8803 8395 9129 13775 1802
9425	
9219	
158	
1821	6692 2141 2971 9016 1081 2324 3336 7453 9223 11178 10357 13223 15944 3697
11508	276 11886
1559	8157 16214 8206
10107	8512
12331	15091 14177 8066
5802	7788
10216	
7635	1379
7238	15770 1855 5516 10090 11409 14799
2455	4136
12642	
5682	16239 14952 9042
9496	15675 5003 3456 4763 462 4858 7672 14719 8738 2283 1098 8023 6163
8191	10715 2249 13713 7776 8666 12541 526 3352
4447	14805 2729 14406
10788	1802 14986 9223 525 9 1020 15873 4640 12452
6165	11409
9872	9627
2523	10604
5519	
12701	3629 13890 7765 12372 9016 392 575 1892 16049 8449 14841 11873 3456 2971 525 251 1242 2094 4736 14950 6910 9890 4640 2530 14883 3954 5499 13788 14244 11971 9209 13440 5616 206 10559 9137 9901 1802 2458 10286 6410 8372
12843	11838
15569	
11541	1841
966	
4397	768
6610	255 3122 14719 15452 5283
3827	
14874	4975 15091 16284
7120	9534 6567
2223	2471 7788 10090 9903
6144	16065 461 1889 512 13090 12568 1484 3559 12281 2627 5641 11198 15091 14039
9934	3007 3525 11409 12815 3571 15452 2144 10090 13021 462 3946 15091 4858 6932 3406 13670 15594 13338
13998	6692
653	13223 8063 2061 12545 9901 5428 14040 473 13090 5296 14039 5691 1665 14461 15682 9543 1564 6575 5066 4847 9700 2123 10185 7788 2981 2923 14517 5003 8509 3549
9749	11921 2855 9059 11156 16153 2654 4772 3510
1552	4956 9161 1106 2332 5282 15235 15085 9314 9882 4738 7788 2471 12532 9536 4987 14621 15908 15646 496 11431
8012	11247 7952 7448 5132 15944 11431 9533 8086 14187 14678
953	726 14928 9209 179 15298 4616 15366 2059
11913	
11593	708 1658 251 11814
1110	1802 5112 9571
5997	
12372	10848 12844 5187 3629 15901 11684 11567 14841 6410 1998 13688 15819 9432 1571 12701 13045 12850 2438 16048 5910 13557 15294 15116 14179 8940 2458 10286 15040 10897 4411 6163 12698 14903 12198
11057	2410
4506	
988	
15599	6413 10662 16401 6565 14342 7630 14039 14787 5499 6224 3715 8385 8643
12635	13355
8965	15597 14184 3794 12714 14846
6608	4024
9163	2015 8024 8172 14981 11206 11873 3345 6910 5428 2722 14244 14621 11085
2664	13798 5261 11960 11409
16065	461 6833 6144 9590 11198 10790 9455 7515 16014
3764	11409 462
1119	4197 12799
10766	7855 10314 8449
10787	
13962	
12695	
1351	4763 12313 13673 462
6086	9068 15177 14841 8599
6057	11198
548	3473 4361 12648
12185	16328
12274	13571 5752
14336	3522 9016
4424	1892
7724	
16198	2393 462 179 8738 5653
8173	9016 7135 8267 8431 13307
4995	4260 7992
6394	16074 15879 4215
7016	15640 11689 15176 795
1038	9016 7805 3255 1742 3375 3198 3629
846	4331
13705	392 11692 10644 5143
683	5842 4587 8504 3946 462 895 6912 11409
14061	
6729	9042 6210 5668
4160	9032
10331	9199 1629 9042 6210
6359	4976 1571 1924 3629 5555 3373 2458 13976 4444 4282 10841 1087 13788 14299
8070	8040 4841 7303
15670	
14571	47 11818 3411 4763 9901 8024 9980 15116 6910 9572 14621 9016 10680 4847 13673 8856
9993	3198 2917 14621 878 462 2383 14244 15746 16401 10230
2250	6551
5918	13382 14115
11656	1296 4612
3251	13982 8586 216 2035 6089 15224 8142 643 1892 15091 5203
7355	5151 2955
3124	10168 7134 4094 15746 1841 3737 3041 5000
8645	
15719	
10401	9841
1021	
5563	3467 893 9016 13892 1892 12571 12477 14696
648	11873
276	2119 11508
7813	7865
15557	
8314	16326 16020 5282 10112
226	4432 4663
14983	9016 14621
12349	15176
12123	8112
11355	5203
13652	3629 8665
15237	14621 13788 4821 13483 14813 12067 14039 3611 5499 9890 6521 10841 12265 6151 12255 4323 8385 4616 13440 14342 1304 10295 6485 8830 5643 1813 2458 15131 16539 15723 9235 14902 3934 2283 16049 7482 15367 10286 4698 8372
12842	13566
11767	16303
11103	8128 7863 14057 3551 7351
1228	
4093	
5057	9042 12198 6210
12759	
4627	10680
8730	643 15853 15525 7575 15268 1954 13737 9136 9290 6804 11560 7790 5013 4152 8024 12794 15449 16465 2643 8167 14020 15091 8590 5203 6453 1027 1245
5003	13108 9980 10644 3033 7253 2320 9496 10079 6844 1686 12571 9572 2984 14719 14850 4850 9370 8385 4858 1292 13090 14187 10568 5831 653 9585 3121 1924 7919 6910 6163 11886 9543
2954	11409 7141
6804	14873 4152 7028 15268 8024 643 8730 10146 5203 1245 15110 7575 4273 15525 16465 15091 2015 1933 12794 16193 2291 13384 931 2942 12853 2584 8029 4448 1027 1992 2607 16010 12477 5846 2267 15594
12959	
15424	
12594	179 575
15044	3406 462
15781	3891 12818
2813	15147 9111 2184 7059 16504 6910
4355	11409 6871
6066	14081 8243 10680 14889 11873 726 8732 15457 11904 3673 14514 11331 3345 6821 462 14621 15896 488 3172
14588	15224
6374	11129 7422 3677 251 14621 9016 15597 6772 15116 14214
12167	13309 9016
768	14115 16359 4397 12222 7855
14897	12981 11409 11769 15770 1892
16498	14279
1756	16359 6357 14802 12977
4152	7028 6804 15224 8024 8730 1027 643 6910 7575 7626 7788 15268 14120 679 14366 1245 13139 2291 5203 2015 13747 1726 9368 12794 15091 2705 15936 4858 2283 10146 8142 15110 12408 192 3296 8167 2267 4273 2942
4315	
7573	3667 7765 12721
3517	3667 12067 9209 15704 10823 7087 2458 9474 15603
13751	
2960	11755
8234	12 1712
10742	801
4400	2061 8063 1892 11198 4847 8237
10944	5132 15429 13340 7025 10644 5282
14468	8716
10701	4987 8086 4198 16540
5880	3677 6179 3473 9572 12386 2835 1526 5364 14962
6440	2521 5499 14039 15091
9334	
10205	6142 15930
2031	12386 11418 12853 5054 7875 10230 4197 7033 14433 11409 10067 1642 2971 14621 3954 5573 5428 3456 15091 14787 4640 4847 5725 15222 9573 9728 4967 7788 9032 5086 15227 13090 6910 10816 11689 10790 16447 223 9989 14474 14244 9798 14607 14812 6163 11085 294
6282	
5697	9068 6142 2034 4136 2418
15284	12853 10559 14039 4858 8112 878 11814 14252
2529	8864 14802 14437
15564	3176
13478	2035
11631	5058
13774	4307
10312	2044 15723
976	
16317	11409 11854
12173	
1130	7832
3189	
1712	9042 6210 6019 125 11827 7673 16151 8234
14346	5187 14883 1751 15833
8176	
7935	1999 4970 13020 11873 9016 8243 2530 7761 10052 14719 15640
14939	7083 11409 8570 10853 1617 10635 1217
16428	5074 11389 14312 14437 10998
6511	8162 9345
6390	
1506	12114
12948	
135	
9202	5674 8157 9432 2659 4970 4753 3304 3456 5921 11873 2917 9980 13388 14903 8243 10667 12681
8122	734 643 11689 4640 8024 1152 3464 12408 4883 5203 8590 43 8142 16010 14873 15091 3391 3576 1027 15449 15853 10713
11431	8724 8012 1552
14120	11689 5289 2984 15640 4766 1742 8157 12033 13368 9016 15265 2827 11222 12853 15461 530 3083 2458 11530 14366 1810 5179 15091 3375 15116 6919 5500 3255 8863 10053 2473 4152 5783 16038 15176 14244 3715 11793 12920
16239	5682 11915 13029 222 13223 3629 13270 15292 13212 2119 3667
11951	1855 9940 9883 11409 1948
9166	10680 1064 6910 4847 10090 6603 16038
5910	12372 9432
1198	14338 15620
12848	
12283	6210
3700	9016 11529 2473 15640 11409 11689
10397	2034
9802	8724 9533 15235 1157 8901 9882 1379
6829	1582 1379 5289
10388	4284 9611 8738 6910 7160 1081 9572
14512	13890
1529	7588 10925 4663 10453 8142 15091 9748
5051	3667 7751
9609	11222 15476 12028 14679
14739	14115 8536
10776	
15995	
12776	
5681	9543 9016 15091
6869	8873 2296
4222	1673
12097	6210 2385 1626
4552	14039 14244
15843	
14269	13230 541 10559 13788
5074	11139 12820 14312 16346 16428 8040 8303 15841 12028 11367 12967 7203 15325 10998 11873 14710 3715 14957 6163
9835	10680 1841 11814 3737 10168
12600	4465 400 16054
8243	14081 7051 6838 8235 13388 15792 7761 2610 12317 6821 14986 11904 8024 9969 3288 3304 10680 15457 286 15819 2210 9449 14777 3114 9980 7935 8431 15656 11185 6066 15032 6623 442 14411 4226 2858 13216 3248 13464 11937 8256 70 1087 8560 15922 3942 13544 206 9202 15116 2343 8315 2344 5274 726 8940 7185 1115 3345 16471 14244 9223 10067 16047 2324 8732 15367 4847 1892 13659 1819 13046 10841 6163 1802
14664	9042
101	14338 3818 5018 11409 12341 3571 2144 8737 16077 9841 2412 6932 10090 3946 3007 12971 9940 462 13377 14799
12784	13237 6210 9042 16071
3976	5059
9157	6210 13501
7855	3790 14312 2932 481 6833 5200 6522 11206 7033 2320 3697 10503 2123 2731 4197 15891 1362 6443 10055 2784 14594 5726 15325 31 7411 15335 550 12449 4858 1342 5820 768 5874 10766 8628 12917 8856 3274 92 12606 9455 15665 3239 14957 4167 6163 9253 13336 12335 3157 11886 9693 9929 4076 2283 14321 2907 6578 7469 5840 3522
13798	9051 16116 12981 12739 11409 8737 2664 11960 15770 6871 9883 13650 850 8208 2330 11854 9841
13017	10680
9558	992 3891 1844 3341 14777 3533 9449 1087 2917 1802 12721 2971 12806 9946 8739 5727 6457 4229 2968 5002 878 11409 15113 11522 3456 206 1443 16401 525 508 8117 10841 12818 8670 8643 8856 14244
12214	14312 15833 1242 11389 11749 11574 5514 12028 8364
9814	10680
3078	6833 7772 7986 4494
2420	9025 5131 11198 1486
3382	6130 12975 2571 1999 9571
2703	5055 15633 7782 14962
13197	
8615	2835 13890 3725
4515	3629
10850	9209 15292 3233
15603	15292 3517 14111 12067
2046	7788 12134 2598 9314 8157 4738 540 14351 4428 511 5143
2849	8157
11706	5283 1892 10230 13046 636
7294	
15675	9496 2421 2971 253 15009 8187 616 10828 1374 9700 14244
1650	8864
6833	10619 9361 1553 8926 15495 9345 11198 9016 12074 6207 6900 11113 15721 16455 12796 16065 7855 8693 3510 512 15091 5640 11632 14177 3078 13759 156
461	16065 6144 9590 16014 11198 462 14613 12216 10644 11873 1484 14787 5302 4847 14039 10790 8157 8385 1892 3510 14244 14433 3217 12210 9016 13046 1809 4494 11845 6910 9455 251
1392	
12231	
2155	6210 4545
11982	
15663	
9969	2984 9209 8243 7291
6047	8157 9882 7788 9915 5405
832	
5011	4598 179 11450
1209	3914 438 9209
3619	7055
8496	10128 5626 11351
2666	
7962	2041 9042 6210
11854	12803 13798 16317 9903
8439	928 15292 1626 14597 2335 4919
992	7185 4847 9558 9016 3341 10841 14362
15853	8122 8730 9193 9368 9136 8024
6908	
15524	7063 10644 9980
5239	14741
4387	7067
2213	5980
15973	8024 43 514 14020 15091 2873 3813 2145 679 15493 7185 4858 16465 4136 16193 643 1707 1245 5203 1152 6163 13471
9928	3033 1892 719 8112 5492
3023	
8319	5132 5405 1892 11393 8157 462 9455 9572 10370 4858 10790 6910 7708 15091 4847 4428 5854 481 14244 7515 14908
506	
13423	
11749	8536 16346 15833 12820 14312 14250 11689 12028 1242 12214 5119 7203 11515 5514 12865 11898 8716
12074	1553 8926 3653 1104 12523 1321 6833 13533 8162 14915 6900 11198 512 15721 13410 3359 2525
9129	11873 3732 3122 7965 7788
12078	7416 7864 1069 11967
6469	890 1713 13890
3659	9042
8757	13747
3823	7772 512 15981
1924	6359 10848 16346 1242 16132 3881 9137 15115 716 11886 4267 2907 14621 9651 8064 368 14039 719 2173 5831 10090 9585 4858 16191 6163 13788 14342 5003 10568
6993	3408 10286 14555
2055	
2061	653 1665 4400
16214	5282 1559
98	3737 12313 8014 15822 6904 15746
3368	
2332	8157 1552 14351 2977
10342	
15703	2571 15941
10735	1841 10168 3467 3737 12344 16045 9529 6418 2085 4333 5743 6294 4731 10028 8851 11182 13968 6487
4684	11813
2412	5018 101 7356
6338	11643 14432 3629 6838 16230 12203 12198 14883 10074 1242 15177 343 4662
14616	12184 14000 14835
7714	13788
15278	
4508	9392 11873 5912 11271
10449	
2483	1643 11299 10683
15704	7751 5996 9209 10396 10823 3629 3517 3842 3137 12067 9068 13027 13078 13212 8157 9432 3667 11418 575 14601 387 2458 5653
10603	
3212	
845	6210 4071 2458 13610 5513 467
3275	1316
15408	13572 62
3037	12353 7100 3697 1182 400 15116 10644 9445 9520 10422 2283 3122
1855	5644 11951 15770 1937 7238 2330 8125
10448	
2032	11409 7105 6700
15104	14248 13788
10948	2330 12341 5018 7063 5191 11409 7523
9944	14931 15746
8930	2741 2880 5793
7978	7818
13507	
14023	15640 3733 1241 3739 1686
801	10742
16013	
10112	8314 16326 13361 1348 7788
9017	7739 3375 3711
9449	6210 9558 3891 1844 8243
2671	
6929	16054
15414	
13270	13457 7504 15217 6210 5068 16239 14279 15773
5535	15431
4734	7185
12515	7409
10932	9474 5668 3930
5716	377 9804 16084 3222 11601 12386 3473 2020 5364 13890 3807 7560 7461 3398 2835 151 2534
12500	
5784	8112
12697	
13119	
3088	6210 9042
9037	
5974	377
5641	6144 10659 11198
5647	7268
9803	14108
4497	5250 10823 12821 9209 9736
313	
15900	
6910	14777 11192 16000 2971 8864 9166 4152 2968 11409 6786 2917 16504 6567 7469 15879 12054 14081 462 1087 14787 12853 2031 14802 12545 9057 1242 9865 14018 1526 4944 12358 9445 9901 527 471 4766 14571 14981 12216 13045 3456 11689 13454 7160 7067 1374 6218 1802 3345 3408 696 2923 14621 11873 14957 12701 11530 14039 3122 3725 12452 10230 2015 15091 11971 14511 4989 8863 15268 525 2287 11143 5758 3677 8315 4847 13361 3172 8738 7856 14719 11505 2637 1842 1331 2813 643 8236 10286 4599 1759 3051 514 7201 4640 16047 13046 11726 10644 9223 5428 11736 9651 3259 1477 10388 6623 13890 7901 2643 8319 8670 1501 6974 14427 14244 14194 70 9746 5436 14843 7788 526 9163 14841 5143 3285 3715 4200 891 8187 15701 1686 12681 14177 461 2283 12895 5003 12571 8256 6163
7246	
5250	7751 9137 9209 15756 4497 9474 13223 3629
16457	
90	13890 10816 3467 7272 5428 13090 2283
7611	9813 10680 2299 11379 7638
12810	4465 14146 7135 15116 3598 8512 13704 11225 6887 10250
9057	15792 6910 1892 2283 251 3881 16038
9330	
11113	15715 15721 6833 512 11198
4260	3314 387 632 4995 3252 2410 12298 12583
2136	10912 2984 920
12456	
7134	2841 3124 15746
8401	3881 9392 10540
904	
83	2873
781	3737 1841 10168
13045	12372 295 9474 3629 13223 7338 15656 4736 6910 8665 15813 251 9572 2907
15639	7788
5183	
3804	10168 3737 9343 1841
4303	
15620	1198
11119	850 2330 2462 11409
13650	2984 11409 13798 2144 9841 2419
5007	15819 14498 3345 575 16471 15367 5114 3172 10841
3179	4504 8755 9529 16461 8114 13234 2841
3310	4662
13092	11409
11399	15746 11444 16194
14707	902
4433	1379
7850	7601 3559 11198 10879 12059 10981 16455 16401 38 14593 11085 12581 2502
5277	6210
5518	8157 15147 7100
16530	13890 14962
11270	13086
7493	
2405	15235 14351 7788 14136 5405 4207 11886 5143 15077 3954
13744	
6871	2330 11409 4355 13798
2227	9042 4207
16156	1804
14172	5143 7788
4910	
12963	
12145	11624 12721 7624
13542	10242
462	12739 11409 3467 10811 11384 3863 10593 2772 6612 1802 7033 2144 14213 12216 8315 12728 8046 2600 8319 4033 3954 4587 12526 2887 10090 8051 9890 1520 10540 15229 10614 9072 10230 12564 8993 15640 917 683 5058 2766 10790 16379 9242 7356 10853 5499 481 14039 5580 5018 14932 6644 14986 9841 11437 15172 14201 5024 15156 8960 3675 5465 14903 3203 317 11689 6910 9901 4979 661 4788 12194 9903 10885 8742 13559 4629 3456 6815 5190 10000 3421 5783 8608 9572 6897 3375 11916 7788 12853 13769 3658 11530 13120 12251 8318 9980 16241 14140 10816 7043 9137 10203 12313 6932 12815 14456 6700 8737 721 14696 9837 13177 11064 4498 10633 6066 2145 6336 11726 13625 15044 7672 16042 6786 8385 16211 3261 2923 1674 16212 2984 16198 13377 5332 8739 15116 3122 3259 4197 4207 11129 8023 6521 14625 15235 3881 15227 14618 13338 9455 9520 12971 4718 8433 7141 6979 5428 2684 15091 251 15452 9894 3033 11379 7919 9993 12528 2932 15059 15320 4858 8186 4267 1759 15631 5283 4989 15700 7188 12580 15746 13307 6482 4 7160 1351 878 6603 11178 1177 254 14511 7185 13046 3157 11903 3491 2415 14826 3406 13293 14474 461 22 10662 2917 2968 10808 4594 7816 882 101 14185 4640 12818 2296 8841 13261 9496 11873 10716 14719 16047 7189 14787 9101 2324 6188 8922 1501 3946 8856 1115 16532 12341 2495 9562 8642 15596 2176 16077 206 4078 13673 13981 10981 3510 9459 9934 8235 6517 7515 14194 11886 14318 14621 13313 3524 14244 3819 2873 7822 8187 13009 8449 6216 14799 7332 1686 8567 6431 442 3725 10695 3067 255 9865 1020 6163 5912 7080 14268 2283 9230 11085 13628 3764 15873 12459 12920 13215 15568 8112 5584 10262 14529
8867	
2305	11624 15819 15103
14799	6336 10262 12853 1064 14719 1462 462 3863 6897 4197 8841 7238 16077 12052 14039 12971 16379 10090 10695 6815 9903 6932 10808 5018 7788 1457 481 8737 8046 101 317 8665 7141 11017 3946 12920 11409 12815 9072 10853 150 14244 13377 11732 10816 6700 9242 13670
14035	13890 97
6174	2917 2971 2968 13788 16188 1369
9412	6210 8128 2458
859	5312 3644
15277	8737 10670
11965	
8652	4197 3770 6639 14131 6218 12799 8759 7451 2682 1462 4618 11379 8480
9882	6047 8157 1379 15235 7788 5132 6431 16274 1552 9533 1514 1892 5143 11886 9505 8237 15429 9802
10188	15035
14338	1198 11409 101 12513 6700 1064 10090 16077 5018 4858 3946
14247	12733 15819 14415
14607	11873 2031
15479	3824
11216	5626
4516	3737 1841 701 15746
8559	11409
676	
12198	1452 5057 15955 13237 1626 6210 5833 6338 7504 14279 12372
7033	10680 7855 462 15131 2031 14621 10512
4662	6338 3310
3571	11409 10728 2144 9934 6932 101 10090 7141 721 9520
4095	5454 3896 14621 14244
1343	1379 6752 8935
12298	4260 12666 8643 1502
15363	6210 9016
16193	10644 1245 16171 15973 6804 4638 13730 5203 6361
1188	6554 3024 8431 8693 3167 494 10986 8944 5993 14239 3559
2791	7437 3631
8040	5514 8070 13075 5074 14039 7203 11515 7519 14460 13307 12967 8364 11736 3715 1242 11408
2440	
5898	7817
4800	9879 4925
8415	7087 12711 8260 14905
2324	9223 6786 320 2971 3456 2421 9574 9445 251 9008 917 10816 6692 3710 9980 6402 7453 1374 417 9604 9572 11873 9016 5608 15887 1821 8243 1802 14511 11409 661 14621 15116 4640 5428 12007 15091 6567 10834 3815 9880 2145 8738 2917 3525 14986 13046 525 462 3881 3114 527 2968 15873 14719 9815 442 9901 6163 15640
6321	
8708	13673 2020 1759 13890
1925	10524
5686	6210 9042
2908	
8588	1374
2796	
2621	
905	772 3033 4197
7335	
14432	6338
8366	
7211	1379 1892 7788 4207 8157
11171	
4616	8385 953 6030 6485 2458 828 13788 5947 5666 15237
11474	
1428	11673 11198 512 2519 14822 4494 9679
2857	
11649	13673
6019	1712 7504 2410 6210 13788 14046
15177	7341 1802 295 14039 3016 6086 6338 11198
2656	
3001	14236 11300 8738 8665
9915	16178 6047 7788
5111	7788
2385	13946 7842 4545 12097
16281	4421
11688	9841 11409
6816	
14636	9042
14760	
12191	8940 16268
12485	179 9233 15640 5300 9908 6347 14841 11971 14621 5616 16000 5187 8868 3629 10286 10559 4736 2458 9454 12666 12885 1446 12567 16188 9186 13788 295 2495 8449 5114 3592 16049
12194	462 2654
167	
2442	2991 11574
3687	16346 11139 11389 14437 8298 10998
10572	4348
12410	10222
13414	11928 11095 5203 5233 309 12520 6653 13287
9314	2384 1552 2478 10381 7926 8157 7788 2046 3259 5405 12415 8315 15944
15047	
1671	11444 15746 2358
4598	5011 9474 7616 12351 5267 9782 14415 13082
10828	6904 11409 9016 10090 2283 15675 7515
5764	6210
11904	9016 442 6066 8243 7051 11064 10644 10680 481 13307 5143 6163
3793	14351 15235 7788 5143
14678	4930 8012 7980 15147 7788
3501	
12795	5580 11873
13138	16346 1892
15674	2984 11689 2473 9016 15640 6163
2090	3391 10790 11886 2932 11409 7334
11042	13494 10743 13946 1318 11989
11502	1802 6786 7822
9533	1379 8012 9802 120 5282 5405 8157 5132 15235 3248 643 9882 7788 1892 9640 4207 4956
4507	13788
14857	
10714	
7979	11873 10644
3043	
7384	9016
10808	11409 6700 10540 462 11404 14799
889	5205
8064	13223 5217 9890 1924 220 3695
6150	13078
4198	8157 4617 4738 7788 5282 8935 10701 7662 12750
15154	7253
4288	
16455	1948 1832 14669 6833 11198 12071 9464 7850 15091 4847 13039
15852	6982
2998	15091
12826	14226
8868	9292 4767 1571 295 3016 11643 4865 9432 4736 3629 12485 7236 2458 11971
7028	6804 4152 643 10146 15268 1027 7575 5203 10230 15091 14102 3547 12794
8663	7788
12258	
12614	7609
4956	5282 8157 9533 1552 8904 7788
1507	
1016	
14110	2572 4847 9016
14098	
12207	6386 11409
11527	11198 11599
10128	8496 2300 13027
16341	
4919	15292 8439 9209 9042 8799 2335 1626 125 14597
13205	9445
11699	
2444	12019
9384	
14299	10299 13814 13976 6359
5466	
11715	
14928	953 13788 4330 10841 11085
168	
8997	3576 5142 9255 4197
2441	
2236	
4451	
9376	12564 9016 4766
16102	8157
3859	
13010	8430 11849 13684
4145	11409 1064 11064 16042 6603
11601	5716 10399 9283 3473 2409
3437	
5033	2855 9771 10597 15091 12827 2497 14086
10813	
5442	575 5653
11829	
11215	10644 16471 13228 12564 3172
3463	
11621	14220 14350
15217	13270
14057	9209 11103 15292 7693 2059 438
15934	
8208	13798 11409
12705	14986 12192
13340	7025 10944 1379 8157 7788
11605	6210 9042 13788 7504
2648	
16184	
7980	14678
14873	3527 6804 4753 8122 12408 15268 6830 1027 6113 12647 15091 10540 643 1345 5203
3660	
11172	
9427	6542
5000	3124 2961 15746
15309	
7333	8024 15091 5203
9708	2984
6357	1756 12222 11206 1892 16346 12028 14312 5514 15476 13112 15581
2153	7474 3864 3925
5688	9890 8385 5499 11279 13788 2458
9271	
1256	4645
15616	11409
12687	
7094	15532
12526	11409 11064 462 11689 12659
5602	
12246	11085
8646	6887 14146 11950
691	9252 16129 10795 2957
5260	
10334	2283 16401
8195	2899 8174 13788
4522	11409 9392
2537	
11915	16239
12449	7855 8157 1571
11160	5571 8692 10416
3423	15147 10014 6611 10841
371	15091
10871	
2700	13245
4945	10224
16501	5203
2335	14597 8439 13946 4919 6056 9675 16392 1626
8884	9042 3629
7459	9137 6210 9042
9475	743
13245	16039 2700 16527 878 8023
13283	
13480	2848 1452 13237 6210 9042 194
14004	
9041	
14808	1758
8859	
14463	13405
125	673 4919 11616 6196 13788 1712
365	
8154	
4096	
1157	8157 1379 9802 15116 7788 888 9651 6431 2907 5143 15140 12415 15235 8112 3259 1402 6517 2283
3296	1416 1064 1245 5203 1027 2927 3863 5140 931 7575 15091 4152 16252
257	14591 1423 3277
9068	5697 15704 10396 9432 13212 6086 13976 7751 7338 2458 9042 8449 13765 15813 13788
8889	7788
7337	400 16054
5976	14625 7575
532	6210 13509 9042
5135	
13465	5499
14245	
7063	6623 10948 6593 15524 9387 6426 1892
12256	1415
14741	4136 3137 9490 5239 15260 16491 5070 7673 5790 13746 9898 7751
11366	6210 9042
11182	10735 9571 6418 1677 2961 8545 6188 1999 967 9529 447 6227 3587 16461 14589 14998 5112 9459 962 6696 14931 3737 2571 15716 15746 3779
14304	10278
16520	
5411	2899 13788
4421	16281 14428
4767	2210 8413 8868 11352 8816 13788 8449 15367 9971 15428 12786 9662 13179 11971 16049
16224	1566
14241	15746 16518 9459 7229
15081	
8183	
13996	5726 14922 14957
14389	
11127	11409 6418 3737 13054 14931 2571 9529 5112 2961 10028 16045 15091 2994 6347 14474 1759 6652 7346
5668	6729 9474 10932 3667 10646 15298 387 1701 9432 11971
2488	
362	
2472	11198
6034	4915 8563 7040 9711 1713
7825	
838	9042
6270	
6431	120 7788 9882 1061 15908 14237 12415 1157 3954 4483 14719 462 5891
13551	
12446	9432 13212 578 9209 3667 15090 11971 5187 3408 13193 3629 2458 13788 6410
16532	14660 462
12503	6210 13457
8522	
9543	9590 8431 5681 12581 2287 12216 9679 2530 5296 15091 10981 4594 4847 13039 2722 14039 653 8140 16542 4669 1802 814 14433 11934 295 6575 14461 2923 10790 5003 14040 3715 473 11845 13090 2981
16525	3063
16221	16116 11409 11990 14529
15601	
10318	
13642	12358 12284 10642 2020 8826 13839
13009	6659 6947 12853 8385 462 10981
4103	7788
7259	7751 5069 6445
723	9016
14136	5451 5405 120 14351 7788 10540 11886 15235 1892 2405 12988 16540
13161	
7693	14111 14057 5676
8162	6511 12074 9345 5876 11198 16043 1108 10731 10032 4017 14583
15803	
7519	5597 8040
16105	
7879	
15182	16491
12878	7760 14362
6808	
14687	
4034	711
2827	14120 10811 14621
11455	14777 6904
3877	9256 2972 7363 2198
15139	14621 2458
9650	15626
15746	13234 5112 11182 4201 4151 2239 2971 5037 14931 5330 14981 8329 1671 5071 4333 16355 5000 967 9730 498 11399 3124 1841 5744 4258 8851 5571 15572 11387 6487 98 5152 4604 3849 15717 1767 9572 6107 12344 14621 9842 2841 10768 4267 12172 14882 1115 8237 14474 9798 13657 12084 1677 6521 4418 6727 2873 11477 7299 8787 14244 9013 10741 6188 11793 15091 9459 8517 5428 956 8738 251 3456 4775 1757 2571 14241 891 4516 462 5848 12565 10620 9520 9571 9993 16461 9944 7977 7134 11873 13377 15227 1642 10816 11800 5499 12885 14998 8112 7501 15631
1335	
13438	
15596	13625 462 10090
15711	14108
51	6210
1420	
7151	
14352	15418
9721	
5890	1808 15140 7788 15375
5914	348
2450	4197
15397	
8981	11207 6210 5626 9474
6409	
694	1937 11409
10886	
15306	
6105	7751 12733 14032 575 2198 9890 11279 3336 10559 2745 12666 9235 8449 16188 14621 6821 5620 8385 8256 9535 6521 13788 8596 10295
14916	
660	6210
12348	8431 4640 13307 13750 2984 5825 14986 13046
9114	6210
10476	5073
14981	15746 2871 6418 9529 9842 9163 11206 2571 14846 10028 8172 2015 8853 6910 11379
10959	3233
1938	
6347	4033 11127 5114 3016 2145 12485
9566	
6325	
15229	15741 462
4797	
874	8063 11409 15629 11481 1674 10090
9916	2659
2963	15308
8207	2089
13684	13703 2458 3522 13010
9700	597 14461 4847 15901 4514 15675 16211 5114 12545 653 7761 6947 8237 15133 2981 4858 9562 13307 12240
9946	2917 2873 5181 878 891 12007 15091 11696 16401 8385 9558 9430 6413 2383 14362 6163
7841	10250
14919	12564 3345 3172 10841 771 869
14424	
14415	14247 9782 4337 4598 9474 10142 3556
9756	11409 1064 13377
6097	
2060	16174
9292	8868
1893	10619 13039
3114	15457 10644 11689 488 7761 14777 8243 15819 3304 7185 2917 3345 2324 14986 15543 5499 8738 11943 9903 7319 8385 4669 13039 8256 2971 16047 14621 13046 8315 14081 4970 1457 2210 5428 7051 10680 15640 10841 369 771 1819 11420 14244 6216 2283
222	9209 9111 4698 13027 3629 6838 15896 530 16239 12850 4411 10841
10606	13890
14499	
4125	
5361	
8768	8250
10863	11409
8593	11409
7359	9209
7629	
15756	12140 5250
10072	9087
1298	
15430	708 12975 15389
12850	10930 8625 222 7051 12372 13388 3255 4411
2846	10741
6625	
3818	15770 101
7039	6707
16410	
3741	13212
12208	509 8665 5114 2458 14950 887 251 5499 14028 10295 13435
4452	9042 11755 2245 3563
7237	4884 11873
4883	4197 15268 15091 8024 8122
11499	3222
15571	
8221	
14240	2984
11984	11409
9373	2999 10981
15773	7504 3375 13270 6210 14279
13294	9016
7674	1708 6452 15692
16063	15262 12481
13279	11692
1073	8024 719
14143	
16021	
13492	6685
6811	
10434	
7027	
7566	15656 7638 11064 7895 10841 8856 10680 14621 16047 2530 14362
174	2864 2984 9679 11777 12827 3510 13039
14654	7135
10299	13817 3458 8237 3345 14299 10644 2458 707 9729 13788 942 14244 8385
5151	7355 2955
5867	
13216	3629 9016 8243 9209 3345 1242 8431
2855	13031 1758 5033 9749
3863	462 4419 12058 14040 16541 13338 7996 8993 6815 4 10090 11797 6603 8737 9253 2097 11409 16241 12971 13313 14594 5018 14244 13377 9903 14799 7080 3296 1686 1064 5208 7822
3757	
15364	8024
4345	
9815	7067 7160 11937 2324 5030 1892 9865 11689 525 1802 6786 15273 10885 2968 14986 3456 6179 6692 14039 13046 3411 2971 11409 15091 3881 5428 6163 3421
16463	
9695	3464 1027 2706 15091 1372 2628
8901	9209 10680 1115 295 6838 6652 13388 3345 14621 6383 15896 10841 14039 12564 9802 12024 206 9562 4847 6163
14479	
1708	6452 7674
8897	16407
7934	
5830	12222 9042
12521	2145
3236	
5921	9202 7788 15116
178	3629 10286 11971 10403 368 467
14674	2468
4173	13933 4197
3229	5132 7788 5143
4881	
11555	12537
3591	1838
8358	
5068	13946 8799 13270 3131 5626 6210 1626
177	71
14092	14344 10761 5676 13426
15633	12648 2703 9108 13890 12482 7782 13375 7500
12710	7788
3111	
11125	
2026	8157
12540	
10619	2029 15495 3440 1321 8693 15721 10981 6833 13533 12737 4469 12216 3559 3925 15588 369 3363 4544 11632 4175 11143 1893 1974 7760 15091 12627 571 1886 12059 4494 2283 5653 15780 7106 13825 2478 12071 11198 9679 10879 2116 565 512
13736	8624
13129	13078
14450	
16210	8587
4489	7788
43	5142 9193 8122 15973 8024 1027 1152
8850	13039 9980 2530 2344 12794 8237
12554	4884
1751	6813 12821 14590 14346 15923 7381 6059 10286
9254	
12368	4004
11942	
2748	
3608	10226
13842	7788
9216	7135
8536	15833 14739 11749 12028 5119
7890	
15356	2170
2782	2907 8773 9651 6163 2283 13090
11089	
9914	11409 5018 3471
7226	12971
3007	12019 101 9934 9940 5809 11409
10192	
10065	
10669	5498 14296
7199	
15957	8157 16274 5282 9352 4738 540 2471 7788 6190 1892 1686
1361	15819
5187	8172 13212 13688 14346 15298 7802 9454 3629 12446 16268 12485 179 647 7998 12372 3172
12975	5675 15430 16228 962 14249 1999 6644 9571 16310 2659 5632 3382 2571 3737 6320 6727 16045 14998 6487
4051	6210
13858	5191
4738	4198 8157 1106 4372 7498 2046 1552 4207 15085 1061 14246 4359 8635 14187 7788 496 15957 6517
13426	14092
13607	
13112	15581 14312 6357 1892 15905 6452 15476
11630	
8625	8256 15819 12850 9853 15367 10841 3345 3172
12564	11530 70 11409 15367 14777 1802 15819 9376 11129 575 8256 1892 12317 11689 14919 14621 10422 481 14719 462 8901 4847 15896 11215 11937 8856 11390 10841 7319 12733 3345 10451 5428 14244 6216 525 2283
2308	3464 5203
3527	14873
10404	8086 7788 7448
16071	12784
15466	4754
8374	15111 11409
6474	
447	11182 16461
11304	12735 10644 2577 2984
1496	9265
8400	
13850	11409
1171	
7848	6415 8512 15156
13131	
7601	15622 14669 7850 11198 10981 512 8693 6662 494 7821
3061	
15659	12702 7788
10146	4152 7028 6804 15268 643 1591 15091 12794 8184 4847 5203 8029 1245 15594 1027 8167 884
4086	1415 11467 575 9016
7024	4197 12477 13090
10635	2530 14939 13078 913 11409 3374
13094	3073
9654	
10790	10291 14601 2971 11689 527 7788 11379 2090 3391 11530 12853 11418 9980 10680 4197 8319 9455 1154 10816 3456 5725 13132 1759 14131 9865 14621 11409 5200 9076 5783 16419 841 14511 10370 4640 481 2984 2643 10734 3670 1126 5819 9662 9212 3881 8280 4847 2932 11873 2923 14039 14932 2917 16065 5283 9032 461 14585 8552 11961 8665 14084 7802 6376 13243 16054 11143 15091 7515 1020 8494 369 2723 13522 13788 4669 11763 13046 13039 9989 4080 4967 10356 3172 878 1801 438 3440 12767 2031 14244 1802 5203 3819 5428 15952 4989 9562 462 10508 11066 4852 8772 2981 14268 770 10067 10324 6603 6518 12477 3715 1477 1374 10879 14653 6163 2283 8236 14863 11817 7767 14908 11085 9543 10981 5726 1514 5573 11031 10229
12179	
8503	
317	11409 13134 12072 5018 3406 3946 462 14799 13090
16051	11409
7896	3737 10168 1841
3502	11198 7772 15721 14669 1484 9679 4494 11873
9227	1064 12950 10090 9253 7356
6385	12296
1317	
7468	
8051	481 462 14621 14268
12158	
14281	
11514	
6395	9651 7926 8112
13598	10221 10799 3794 14731 11019 9377
12915	8157 10954 6500 9779 7788
1545	11409
7623	14931
15279	7515
15822	98
8528	16314 13410 7998
14423	14177
7588	1529
1702	
10691	13721
8372	13223 2794 15321 7077 14621 8385 887 15863 14950 5499 13040 2458 2850 12701 10841 2018 13788 16000 7801 9729 8643 14244 15758 15237
5597	7519
4668	
11301	
5951	11421 4494
1259	7822 1686 2283
15077	7788 2405 5143
15901	2917 12372 12067 6872 10715 13713 1942 16272 2937 1701 8385 9700 12537
3499	9042
13210	
16355	15746 3555 16045
14609	
3219	9016 14986 6190
11686	8112 9016
9199	6210 10331 15467 1629
6813	2410 2034 9474 3629 488 1751 5790
13310	
12756	14750 3952 8165
10620	5675 15746 5632
5253	
7991	
15449	8122 8024 643 8730 15091 5203 15268
2742	
15140	5890 15930 7788 1157 9484 5891 1230 13361 15235 120 3259 9513 14324 1290
15990	
16359	768 12416 1756 12222 1242 14115
2347	
11638	
14883	14346 9016 11971 1571 13223 7732 2458 12701 15261 575 6338 4997
2300	2199 10128
12112	
2041	7962
14835	14616
9212	10790 6402 4763 15873 9572 251 2731 1098 14244
9056	5546
6953	8512 993 169
873	11409 2330 8737 9841 1588 6932
8098	
6996	10816 8187 10662 15116
4025	
10444	3345
5439	
930	578 13902 387 6134 1738 9432 438
9122	15964
4947	
14040	1564 15091 3863 13090 9543 8237 653 14039 4847 15682
8143	14787 6772 595 15465 10437
12999	
14780	
16293	7676
2362	
15174	12028 15833 1605 5514
5516	1064 7238
8293	15091 3510 1501 512
12052	14799 11372 6932
9886	5086
11457	1892 5050
3268	914 6821 6652 7802
14202	15717 4062
8551	10680
1629	9474 10331 9199 15467
6985	7788 1362
15717	10226 9028 14202 15746
8413	7998 4767 13976
13341	
13745	
12424	4931
12922	
11198	5567 15780 13566 7601 3359 1321 5641 1260 12523 3440 478 494 11738 1553 3502 902 7871 14420 6207 512 15495 15721 12737 4553 8162 9345 10619 6144 16043 11527 11113 10981 6742 10032 7772 2472 15523 15177 15960 1428 10771 2029 461 10913 5778 16455 8693 12074 7850 6554 1741 12071 2116 3559 11632 7986 4400 8926 16542 1501 3510 13039 2420 6216 5 13142 8873 6057 6833 11761 12002 13533 16065 4469 6939 15091 12281 7943 15981 13090
14420	11198
16513	9042 4893 6210
5835	8411 3631 13788
12132	
12917	8509 4091 7855 9651 8112
16170	3396
13599	
8391	
3718	9192
935	
10681	13890 2020 9804 3473
9116	3198 16054
16371	505 9209
15276	3198 15597 7411 6224
8219	
14037	
10083	
4524	456
9242	462 6603 10090 14799 12728 5503
3849	15746
14804	
5081	15158 3412
11730	
13933	4173
11397	
858	11409 5018
22	2144 6932 11409 5018 462 5114
478	9945 11198
2394	2210 223 5573 12853
4541	
5334	
13690	9322
14003	
16313	
924	11409 6603
8590	8122 15091 5618 8730 5203 11629
3618	
10194	13810 2020
11217	8112
15784	4000 10680
8092	
3192	
14020	9833 10354 643 1245 9290 15091 5203 8029 2607 6453 13747 8751 8024 8730 13653 8167 11689 1152 15973 884
8801	
14846	11206 7253 2015 8853 13731 8965 8172 10680 3122 14981 11418 14244
7975	4432 8142 12360 5203
15679	
6306	4931
15051	8157 1106 15147 14924
11928	13414 3770
13696	2201 10604 2243
13918	
1378	13449
6201	2939 13039
8789	
14319	
2282	12660 15116 14903 10540 14039
11037	
731	4744 7680
9664	11995 12313 8567
7482	14750 3016 13788 13193 5499 4980 4821 6599 2458 3667 908 15237 3678 13440 9908 4330 2895 4849 10559
6022	10159
7648	
9453	
15043	10090
1603	11823 16346 9652 9519
15731	13788 14813 14726
12990	15091
1109	
5073	10476
8980	2917
16451	4026 5121 16240 6772 3121 3047
2880	9745 652 8930
191	8157
12480	
14196	
14540	1241 15116 15091 16401
12659	2643 5891 5428 15227 15176 8738 14028 7117 16401 8524 11886 13788 9445 9571 1810 11689 7788 5573 12448 15116 2145 1759 13651 5203 15767 4411 12526 1064 15896 10053 11409
8610	2971 3456
5238	
15075	4821
13794	
11997	
4521	8742
14246	8432 4738 13167 9016
410	
8790	
5906	
118	14059
15502	
2865	5193 13890
10774	
7444	
4865	1571 8868
9992	11225
14723	6210
13064	10250 11225 4465 16054 15952
1124	1064 254
11809	7275 1081 7422 11085 9824 122 6224 8665 13001 5798
1680	11409
343	3629 6338
5436	12733 10841 5143 11906 2232 6910
8000	
512	13533 12523 3823 7601 3359 1428 6144 11143 6833 12074 13869 11113 15721 2029 3559 11421 11632 7986 15360 8693 8287 369 5379 13039 3510 8293 1501 12056 14605 4494 14039 13966 3217 15495 10619 2116 1104 12827 10981 11198 12071 3285 11085 38 14593 5283
7706	14101 3946 10090 6603
6341	10644 2145
5959	
1618	5102
14235	8157
13071	
4120	7998 13193 15298 3667 2458
14736	2458 7630 16048 13788 5771 7381 5499 6485 6163 16049
10943	4636 4640 2984 2710 8739 251 15195 10662 10644 4847
8818	
4655	
6841	13788
754	4018
14221	
4834	
10957	6665 9541 4772
10237	
12278	
7291	9969 442 8315 3345 8792 11064 6593 2210 10908
12882	2144 12341
15700	296 462
4595	
15721	14669 512 15632 10981 11198 2029 11113 6833 12074 3559 12056 11632 12216 15360 3510 15656 5993 15091 1321 15495 10619 494 3502 15116
6471	9738
15523	11198 9862
1823	12581 8509 6163 1457 12135 16401 13090 6224 11934 2221 8682 2283 15253 156 11143 10879 14517 12056 11085 1974 9679 38 15269 3709
14743	
934	9235
3301	2151 13944 3582 14761
5134	6210
8880	
10931	11827 15096 8518
10670	15277
10094	6210
4700	
7146	
6386	12207
7164	5342
14710	12222 13075 16039 12416 8298 5074 14621
4772	12581 12299 10981 3285 11412 4031 9749 9679 1373 861 38 14593 11085 2283 10957 553
16154	
7547	5977
13292	8799
8230	7998 9980 9235 3876
4239	
7968	
11759	11409 9883
1617	11409 14939
16336	15863 16129
6448	
10666	3734 6182
10529	
522	615 3525 2984 13673 2479
14754	
10568	13079 4543 15476 3033 5364 14621 5831 7933 1686 7253 5003 3473 9585 1924
10461	12774 7751
9205	11409
13837	
8586	3251
3103	8024 643 3107 15091 3617 5203
1135	5615 8473 15298
551	
12432	14437
4012	
16032	8157
4925	4800 7751 11924 4588
2930	
9255	8997 8142
1686	13108 5726 7253 15483 14187 14621 7788 7919 10924 15957 10568 5003 9962 4543 10981 4858 11603 14787 5360 6189 14039 5283 14504 10291 8124 14516 3456 15311 1393 11143 1259 526 14023 9585 9370 6910 462 12229 1020 11234 3122 3863 6786 14843 15568 9459 6163 14244 14958 11085 9032
194	13480 9885 13788
7703	
14349	4944 7869 2722 15116
6096	2663
3175	
12817	
6291	6210
2484	
1321	10619 12074 1948 1553 15632 11198 15721 11689
3999	7501 9571 6487 15389 962 1677
11754	9042
498	15746 14097
7808	
7156	
11924	4925
2005	
10860	
12020	
16354	
9888	
2309	
6332	
7101	3911
13193	4120 16411 13212 13027 9321 7482 887 10559 12446 9432
12660	2282
4241	
5119	8536 14312 7127 15833 12028 5514 16346 8298 8364 10816 8095 11749 8303
8368	9474
5185	
8161	12648 16074
4735	
280	
1868	
7428	
16461	15746 4201 16045 4453 7273 8114 8007 12047 1642 1137 10028 6418 4032 5112 9459 7431 2571 11182 3737 4719 18 9529 14931 3179 447
16296	
13814	1456 14299
13604	
12133	10428
10045	9042 13788
8531	
2615	
1313	10554 8924
4366	
12754	15819
7739	9017 7788 2048
8733	7515
14345	
1013	14362 4858 10370
10654	
442	15819 14081 7185 8315 14719 7291 1819 6402 11689 9813 14621 4000 4640 8529 2637 5428 11420 12452 6143 14986 2324 13046 11904 15457 526 1020 16047 7638 8243 2917 462 11004 878 2283
1285	8157
8412	
997	
2949	6210
2242	368 9258 1103 5582
8694	
3005	11000 4331
10907	
14826	1012 462
5629	
13778	5217 4216 9673 13039 12681 4847 13090 6224
10841	12564 11390 15819 8256 12317 2600 12216 5436 15656 14934 2646 2612 1911 11937 7895 6350 3172 6652 3072 10573 11577 11279 15896 3345 771 7802 10517 986 6533 488 1679 5727 7592 14902 4913 7603 2209 11221 11566 16047 13253 9662 6521 3459 12640 15857 12733 9885 16401 15237 6491 6845 14639 1684 7566 9547 4771 1115 12821 10546 2458 5336 8229 14090 222 8560 8385 128 14928 16049 12100 14422 3670 13487 10006 15529 3050 15175 2299 2745 10224 15377 13817 9744 5007 13500 6151 575 15739 15184 3418 12885 11788 3116 4970 6927 8901 8083 6359 4603 554 2311 13669 604 3371 10451 526 15678 1555 8625 4011 7264 16226 14244 7738 13788 9811 12255 1241 14919 7862 5762 9230 15367 8372 70 891 9186 14881 9890 15752 5750 869 5499 2487 13435 12818 7087 4389 13185 3892 6788 2786 3119 10014 6803 11331 14853 16442 977 7163 10555 9558 11230 4044 3423 10139 15515 9087 15507 13179 6838 1304 2265 12126 10428 4226 10921 16338 15612 992 2210 14498 5272 6579 2850 8339 5901 7319 206 14473 9235 15358 1757 11971 7341 2104 11920 14555 2152 8243 2682 6821 2996 13388 15615 9614 10356 3036 4027 4698 11689 8449 15963 15086 10833 4420 3137 6599 13610 6737 8211 7001 3114 8596 13640 8315 15131 9853 7732 4330 3934
14026	13890
4568	
6064	
7626	4152 12408 13982 1726 643 15091 16010 11689
13902	387 9209 9432 930 438 578
2391	
1795	8157
12541	8191 6705
642	
10195	11409
9055	12794 5203 2890
8570	14939 15742
7179	7788
6068	8142 3464 5203
15464	8046 1064 11774 1332
8726	
9350	
1829	
13509	9042 6210 532
11918	
791	
2460	
13932	4136
4342	
14679	8364 9609
14967	
3237	
11273	
4107	15091 643
10706	13788
12386	2020 5716 2031 1634 14962 3677 13890 4049 484 3261 7560 15465 377 5880 12081 1526 3636 2835 15873 151 730 13079 5086 3692 7185 8567 6163 6287
11067	
9256	3877 2972 3629 13435 2094
4226	8243 16129 4849 3345 6652 16047 14902 771 10841 2283
13839	13642
10135	13142
2349	
8591	
14896	
7466	15091 5203
3876	15377 8230 8749
12481	16063 9474 392 242
10638	
10399	11601 14854
10417	956
1401	12088
15876	10644
15046	12637
12203	6338 1571
9611	10388 6786 525 15091
12002	11198
11279	2458 2600 6105 4686 4203 6705 11971 5688 10286 13788 4071 11624 12786 5499 16049 10841
4750	
7963	
2198	6105 13173 14032 4640 8385 16000 7304 2659 13788 5499 14244 3877
13355	8157 7788 12635 5143
9571	7346 18 14168 6320 11182 10028 53 16535 4534 9459 2571 10768 5548 3317 5573 20 3775 12975 11118 1214 14589 10750 5112 8130 962 11828 14997 15907 699 7668 7283 4418 3382 16427 7023 10782 1642 16135 2596 6223 10321 5428 2345 12209 15031 9957 15716 3999 3587 2190 6487 862 9938 4199 3779 6727 16045 16228 1999 967 9529 8545 1677 9 6696 12659 2997 8517 12853 4197 14998 1110 3747 6188 1995 15746 14931
2219	
6805	13277
6254	9589
7230	10344 14621 6919 24 4858 1759 4207 1115 1424 6163
4217	
9972	
6213	5405 9352 7788
13943	9042
14786	
14550	4136 10459 5486 8596 8308 15103 9527 14750 2957
1117	13890 12648
12428	
8629	7788 5143
14838	1242 2722 8864
13872	13075 299
16485	12477
5856	1416 14809
6410	12821 12372 12446 15298 5626 13048 13788 445 5499 16188 9890 2458 12701
10214	
14480	
5650	
7100	15147 5518 8157 3037 7788 14847
10288	11409 12341 5018 15331
12619	6541 16054 4465 13003
6429	
8468	15576 9459
8348	11409 9841 5018 8737 16077
6604	
5848	10168 3737 1841 15746
4257	3033 9282
1404	5588 7381
16149	
15294	206 15116 14903 12372 3522
1643	11299 2483
10369	8692
16020	8314 16326
6736	5200
1487	
15062	14146 11225
6859	
3890	
14455	
1055	14312
13118	
13300	3067 5143 6163
15332	1381
6143	9980 15032 286 442 7895 16047
8342	11409
6526	
9559	
11156	9749
7250	8888
5665	15873 251 10662
2999	4944 9980 4792 5594 2971 6786 2873 2917 3881 8732 14401 9373 10816 6163 5114 14621
11410	
11075	
10690	
651	
13740	2439
6156	
15108	
10815	
8863	11873 9016 14244 14120 14621 13368 11689 15176 6910
2260	
4006	
12887	12477
10477	11409
13579	
12966	6457 251 8665 15922
10241	3834
12267	
3422	7504
1521	543
10830	8187
3620	2567
9863	
4368	
14355	
7559	
11791	
11345	4136
3038	6772 730
11644	3629 3412
14841	13637 6295 5700 11692 3629 3408 2600 11971 12372 9454 6086 12485 9322 12821 2458 12701 6426 13788 11409 9960 7862 10935 14485 6910
2108	
5144	
14614	5499 13107
8312	
11905	5143
817	5708 13890
3650	
12353	12067 3037
7338	7708 13212 9068 13045
5326	
5619	
12711	8415
7341	8449 15177 5653 3016 10841 14244 7696
8692	10369 11387 12398 11160 12458 14931 2956 11800
1566	16224 10100
16376	928
15036	11409 1937
9385	
5779	9059
13936	5203
12762	11136
1175	1841
5348	10370 7728 8821 4858 9562
12412	
2235	
2297	16045 3587 11387
11458	
3891	12818 12806 9449 12943 9558 10680 5002 2573 4736 1946 2917 15781 14621 1844 7283 8385
2732	9640 7788
4019	
9647	9980 2530
12192	12683 10952 9572 13890 251 3121 8431 7560 11873 12705 14214
9168	
8635	5282 13450 4738 7788
2517	9146 2835 12473
472	3198
1974	10619 1823
9316	
4854	
11616	2059 125
3927	
6168	11008
4902	7895 14998 8665 8187 9097
15654	4850 4698
5789	
8661	
6376	10790
799	
13054	11127 862 5494
12377	
1800	
8526	10168
7498	4738 8157 7788 15235 11886 5143
4332	11642 5510
4788	462
6932	5018 22 11409 10090 2462 101 3571 8737 12052 873 9570 2144 1064 462 3946 6700 9253 16077 9934 6815 14799 7822
2141	1821 13673 2421
11498	
8006	
7485	14621
5	11198
10536	13788
8046	15464 3203 14471 2144 14244 462 12815 10090 12971 7141 11409 14799 7080
12912	
13230	14269 11666 3016 368 12666
1035	1177 10503
6476	
12210	461 15637
3973	15676
10008	6210
2068	
2598	2046 8157 7788 8935 304 1230 9034 2471
12520	357 13414 5973
12555	
4886	7933 2051
7542	148
3492	
11795	6003 16465 5203
519	
16112	
8165	12756
4220	
3359	15981 12074 241 12523 512 11198
100	
4021	
7189	11409 10853 462
2919	
14523	15716
16228	12975 12270 3587 8545 3737 4032 517 9529 9571 7346
6301	8799
3312	
7167	
10922	
8716	14468 8695 11749 15833
7729	
2891	4197
5842	683 11409 2290 11372 7356 10090 12341 12251 3946
12297	13890
15800	
4613	
12296	6385
1713	8106 9170 13890 15666 6469 6772 6034 13375
3762	9937 8521
12841	
140	1499
9831	4545 7504
13202	
16084	13890 15465 7560 8431 6772 3121 6902 5716
12077	14226
6445	7259
10765	
7347	
13145	
4604	13234 15746
3649	
14213	462 16038 13377
14959	
2995	
4607	
1701	9209 3629 7998 1242 13223 5668 14621 7304 11689 12067 15901 387 2458 15813 6163 12229
7816	462 10644 8112 14244
5403	
6305	
13316	4157
15053	9506
13834	
6236	
3547	15091 3452 7028 5203
14680	
15389	15430 11235 1677 4065 3587 3999
10211	13223
13854	3016 12477
3734	10666
11367	5514 5074 12222 7203
509	9346 12208 5203 5140
11576	12969
16025	
3016	13854 15177 11416 14527 11867 2976 7832 8868 7482 2059 9321 8256 9432 13230 9235 58 5217 6347 14426 3060 7341 475 3629 2458 12666 15091 14039 12429 8643 15863 5300 6485 3434 6521 11937 8592
13678	15273 16401 2958 6163
15442	13222
14456	9980 2320 3421 14986 10230 462 4967 1020 6224 13090
13020	9016 7935 11064
7735	
15692	7674 11186 1998 10680 13791 13789 8643
12212	14986 14244
2226	9820
7737	
9101	462
5807	
11916	11822 462 11409
11078	
15120	5986 12590 8986
3686	2497
9289	
5911	6603 10090 1064
2097	11409 3863 6603
14367	2984 11085
13150	
2466	9467
9081	9980 8431 4197 8112
5243	
7496	4847 13416 4640 2458
7662	5143 3893 7788 14351 9536 15235 5405 6498 11886 8157 4198
4248	
120	4428 5132 1460 7788 6431 5405 8157 9533 3259 5143 11886 7919 14039 8935 15236 6189 14136 13208 10540 16401 11234 9790 15140 11393
1927	7788
6924	
2507	5676 2458
16043	8926 11198 8162
6284	16038
2801	11515 15268 2722 5143 1242 11736
13199	
4409	
10172	
1179	
15343	11409
4505	12477
215	7109
586	2458
3821	15091
13540	
3342	8904
10803	
12751	4411
878	2917 4792 10644 1946 9016 9989 16346 13245 707 14986 3456 14511 3269 891 2145 9946 3345 1582 7708 2063 1544 11961 2907 14719 9032 9558 12007 8665 9993 6413 12853 8385 5616 10790 15284 7788 462 1443 11530 2971 1200 13090 15116 16054 10680 7253 8112 11379 661 9980 1802 14777 13046 11689 442 3828 14843 14361 2626 4197 3172 1759 4858 1241 10291 13132 8023
2680	8157 7788
12532	1552 7788 4331
13032	
8206	1559
263	
9300	
576	7933
2416	10611
4753	14873 14801 9202 12853 15116
9447	13788
6636	
3108	
13978	5306 14244
2175	
363	
4022	
10343	7504 6210
16267	14146
5127	
7782	2703 15633 7639
5036	
14007	
4070	6335
11395	11340 5203
2806	7676
4609	
3680	14146
6746	
6542	14033 9427
5967	
3594	9042 1903
2765	5059 7788
8963	
15727	6210
14248	15104 14527 6210
14566	13890
5254	
6444	
2958	2917 13678
15971	
8583	9042
2530	10635 9647 2554 286 15032 2344 13659 3298 2210 10680 8157 7935 11530 488 1564 12701 15091 9512 11971 7566 1501 4847 15457 6502 9980 14039 1115 8509 8850 9543 7919 1679 8023 6163
11045	3676 5050 11533
2333	
1265	
11807	
15916	
8648	
15085	8904 2917 1552 4738
9851	10168 1841
6752	7788 1343 4295
5244	
2894	1415
4588	4925
3807	13890 11194 2020 5716 16074
12680	14533
14261	
14209	
5809	3007 11409
1370	
6717	
3906	
12157	
12035	
1734	6210 9042 13976
1445	
1993	16384
8953	8258
827	11708
4737	
6831	2201 12735 10604 3417 3582 9123 8834 14761 16357 677
7135	9509 4231 4465 10182 10250 12810 7641 13777 9216 8173 7055 5372 877 6399 14146 4474 14654 1028
8738	13039 2637 15049 4267 16198 3881 3813 3525 2626 9980 4640 10816 3243 10662 8874 11689 14986 2145 12659 9008 14685 10100 5492 4810 4669 3001 7185 3114 4252 5760 9574 471 7160 14719 9430 8803 9392 16509 12451 454 3648 11114 251 2968 2324 525 9572 6910 1636 11074 2201 14621 14059 1125 9223 128 2421 5883 14585 10388 3456 14656 16148 14427 8395 3442 15746 187 13046 9901 11392 11187 6652 14244 3255 9146 15618 13464 14511 1801 8739 7914 9496 8237 14194 4858 11860 6692 1802 14081 15708 3676 5428 9445 1819 14870 8856 14770 5251 10915 10455 11085 6163 2283 9880 15116
14169	
2022	
6512	
10275	14382
12971	11409 9841 13670 101 2144 7356 8737 5018 12341 16077 9121 8841 3946 6815 462 8046 7141 13377 6700 13319 9903 10695 12058 11732 10090 11064 14799 12827 3863 7080 7226 8186 11797 1064 13215
13309	12167
9481	
3176	13788 15564
8612	7055
15372	15091 5203
3889	
5947	14560 4616 1516
730	2983 14962 1264 3677 13079 1526 9145 12386 10437 13567 3038 13890 2835 10313 7560 6 6772
3739	14023 14621
15063	
2704	
494	15721 7601 9572 10981 2029 2116 15360 6207 4469 1188 11198 7821
11378	11409
1590	9873
1948	10771 6742 16455 11951 1321 8180 40
6182	10666
5889	8112
1923	12997
8703	
13851	7788
2247	7788 6190 15147 13222
225	1520
884	15091 1245 13982 1152 666 5203 8336 7809 15594 8029 1350 8184 14020 4273 10146 6111
16160	
7249	10090 11409 6603
8458	
9678	
10910	
11243	
8406	
14239	1188 10879 15542 8110
2844	15819 9432
1170	8385
14251	
4322	
14594	1064 6457 7855 12853 11689 3084 10090 3946 15291 2283 3863 10208
11519	
12979	
5133	
5399	
2163	
16437	2119
8075	
11903	14621 481 1810 15222 462 13090 13307 7822 6224 2283
138	6541 5725 15952 4465 10120 594 14039 16054 5372
11626	1411 3629
11891	6210
1544	9561 878 9903 14422 14362
734	8122 5203
4969	4958 8111 7142 9265 2458 12466 16539 9019 1626 575 16196 9064 2616
6926	12477
5318	
971	1998 11186
8469	
11475	
1225	
2437	
2571	16461 8114 10028 13733 6487 4032 525 9571 699 5112 3779 16310 3573 15597 11127 9529 12047 14981 12084 11182 3737 8280 10905 14870 6888 6727 5743 9 3486 4064 284 6418 4714 1995 15703 4453 7112 9459 13271 4312 4418 8856 2190 2596 16211 12651 7512 11314 2997 15746 4094 5958 7668 4197 962 16045 14920 1677 8932 14931 8007 18 6320 16278 2719 6674 664 2284 11477 4719 8421 14882 6223 9461 3587 14817 12975 12763 1642 967 3382 4462 11094 14238 11208 8545 14168 14589 9549 5791 1020 10768 14998 13234 7368 4199 5548 16542 1802 6078 7346 9093 10934 406 9445 16427 15716 3511 1159 6130 6163
4669	9543 16014 12216 15091 9520 8665 4946 795 11094 15582 4594 8738 14433 8431 11467 4256 3243 3114 4847 5050 3675 6163 10790 14039 10321 11085 10170 13361 2007
11808	
16187	8364 3778 14312
6399	7135 14146
985	7788
12466	4969 2156 1115 2458 15813 15131 14039
9302	11409 11990
8778	
2495	15828 2458 295 462 13788 12485
2829	14279 10286 16392
6226	
1461	10168 1841 3737
9467	2466
4354	16401
6297	14437
13382	5918
1493	
8473	1135
6612	462
16314	8528
5795	
6773	
4359	8157 4738
13392	3644
7875	2031
6954	15543 2267 5203
7524	3257
2715	10644
16536	
13448	3941 12815 6815
13643	
2040	13122 6772 8567
2025	5793 8364
15632	15721 10981 1321
7646	3121
5279	
7137	
6398	
9820	2226
1561	5610
1707	643 8024 11470 1027 4432 5734 1245 5203 15543 15973 15091 16465 4273 14194
3562	4465 8577 8163 16054 15952 2913
14413	
13638	
3900	
6288	
10764	
4472	4465 16054
3896	5454 8771 11681 4095 1424
6919	530 14120 7230 5783 6163
14833	10680
2095	13556 6772 1064
11008	6168 16044 13610
1883	
14645	
2154	8966
1033	14962 12222
5920	3417
13941	
4825	
4745	
1327	
12206	
7669	
12729	14931 962
11169	
14017	15819 2600 15612 5513 575 4323 8449 9890 12330 4821 3882 14950
3692	7560 12386 5364
4715	
2555	
12755	
7944	
2037	
1569	5203
7802	10795 9980 488 5187 9890 14777 14433 3345 10790 3172 10841 10230 3268
10381	9314 7788
14082	
4333	15117 4201 10735 7377 15746 12257 4453 2877 14998 4108 15734 11526 2358
5532	
6629	
13366	
1700	
11220	
5738	13307
643	13982 3103 8024 7697 14625 15268 7575 8122 15973 1884 3251 8730 5013 11253 3576 7790 4795 3464 16522 15224 7028 15135 13057 9533 12408 6804 15255 679 4933 4152 15449 1707 3646 12103 4273 14621 16010 12434 14474 1152 14327 15091 3354 2699 2355 15543 12872 2267 7549 2015 10479 16005 5905 15594 6506 685 14873 6910 4858 1027 12418 8856 13770 12120 5228 2122 7447 10146 9109 477 14020 14295 6453 11403 1464 12049 713 7626 1509 9290 10779 923 1245 14039 3198 2643 12794 5158 4107 5203 15802 8167 5487 14656 16465 2705 11409
245	5342 10964
3070	
2768	
5527	
15035	10188
2841	14931 7134 15746 3179
9415	11409
4590	
9077	
15090	12446 13223
624	
15115	12988 15147 8112 1924 6482 14039 14847 11886
7828	
13580	
9683	14787 4594
840	
14443	13788 2458 1942 3522
11557	15461
7594	
6522	7855
12873	12581 8986 4007
3826	
5778	11198 4494 12216 156 2283
441	
1875	9016
10310	
3822	
1815	
9801	
1001	
6888	10680 8114 10644 2571 7229 5799 6418 7811
9629	6528
2506	
10047	
2214	
6027	
14595	13396
3830	7788
1558	
9864	
11088	1253
10890	
9837	462 6603
4393	
14348	
15443	13788 8505
7304	1701 2198 14190 5891 12853 10291 7783 3157 8669 13890 13361 10370 3172 11234 11886 7788 5143 6163
2627	6144 15227
8288	
9217	3629
15813	15819 13078 9901 10053 206 1701 9474 1998 3667 3137 12806 13045 14792 9068 11971 2458 8940 2600 12466 6197 11689 7504 3629 1642 9890 9746
14100	
166	
1673	4222
14010	
10513	3405
2487	7370 10841
1218	7788
1494	
10176	
5541	
15827	9661
15107	11409
573	
10373	
250	2286
7862	14621 2458 9451 14841 10264 4136 10841 6714 14244 13107 13788
1518	11086
6499	
15578	9047 10255
4362	
7461	5716 1526 2336 8833 3677 151
1735	9567
649	
12142	
4846	
9936	
12661	9980 14621
15245	
2465	
15899	8157
3746	3629
2706	9695
5098	
9578	
9278	
15404	
3433	
246	
4403	
13252	
3828	2145 2249 8529 15457 15116 8732 878 13046 3942
3935	
3755	5513 13788 1816 4849 13500 6151
11340	11395
13402	
1289	13039 1484
13595	
13972	
2103	2286 10713 1203 15091 5203
14	
5045	
6914	
4656	13708
7187	
1466	
16291	
2950	13890
6449	
3129	
8722	
15305	4197
2807	5565
1495	14146 16054
4629	462
15202	11409
4469	2029 11198 12216 369 13039 14461 4847 15091 11971 4494 10619 15780 9679 494 4031 156 6163 11085 2283
5379	16347 512 9025 3024 4033 6554
2336	7461 2020 10341
4211	
531	7788
15079	
7697	8024 3464 7575 15091 5539 5203 643
10207	9137 13078
13960	
9363	
8829	
8616	
5499	14736 5555 6737 8385 2762 15367 9614 8253 392 4229 7482 2268 12885 3882 5513 2600 14614 8200 3911 7568 525 4136 5688 1750 23 2745 4255 15507 8372 462 7732 14555 12821 15237 4821 10964 4736 9908 9370 4849 14902 16062 3629 10114 12208 3697 10286 2458 6440 575 6345 4080 13788 12701 11845 1816 6599 3114 4763 3050 6786 11923 10559 6820 15175 5070 5336 5428 4561 128 15131 16407 5771 16208 9890 15746 10674 13440 2181 6410 8449 1430 16048 4980 2198 16049 8643 16191 1684 14813 4970 3592 13347 14244 7630 6163 1555 15091 3172 3122 10686 15599 13610 8460 13465 9230 14194 6155 10646 6521 2272 14950 467 10841 11867 10879 9454 7364 1802 3667 11085 11279
15429	14351 9882 3157 10944 7788
5964	13659 10680
15378	1841
3606	
16529	5203
4888	
3401	1906
8783	9980
5224	7616
6665	10957
5364	9572 9422 2020 10568 5880 13890 3692 2524 14214 8431 5716
4712	
4621	
7297	
12433	8363 11409 16452 11793
3341	1844 1449 992 9558
1082	
1069	12078
14495	
5709	6222
5451	5143 14136 7788
11002	
14533	673 9890 2600 12680 15819
10457	
5700	14841 13493
12523	512 12074 11198 8693 12827 8632 9679 3359 13533
15986	
8754	
3575	5790
320	2324
11440	5653
1609	9890
12066	15440 3408 9297 6654 29
231	13107
3546	15879
10226	15717 967 3608 872
3389	3137
14510	
10524	1925 15942 15858
5302	4864 8315 1087 15921 13179 5274 461 14621
7672	14215 9980 14621 16062 2753 11530 10230 6413 6980 9496 4640 14039 462 9529 4444
4666	
3797	1626
750	
4372	4738
406	9430 2571 6786
6600	
12861	
15809	
4448	11961 1954 10680 15091 8029 6804
7686	14843
10032	8162 8431 3329 3925 1741 9679 978 14583 11143 1809 15640 14039 5131 11198 15091 12216 3559
11380	12681 7515 2344
9724	15597
9074	
863	15235 11886 7788
12951	13788
12916	
12599	13122 13047 11873
2373	11017
4786	
1108	8162
8449	5217 9746 14259 9432 1331 5300 1784 3408 6295 10766 7109 9068 13688 128 13078 9321 12485 16044 10559 2458 3629 1998 4203 575 10286 11971 6705 13610 12537 15091 4767 14950 11291 13717 5499 2600 14039 9235 6105 824 7568 9729 828 392 11624 12525 7341 10897 12701 14017 6485 10841 9322 4071 462 13788 10981 647 9890 14840 16049
7083	14939 2984
15387	
9132	14146
11026	726
16388	5114
13377	11409 10090 3946 9841 3406 11064 5018 11797 462 14696 14213 6815 101 4635 3510 9756 14039 12971 8737 16379 11732 3167 14799 15746 4858 9903 3863 7822 6603 11085
4038	
2254	15382
15453	
9806	11409 9253 10090 7822
9649	
15113	9558
15149	
4265	
2381	
696	597 6910 1242
15518	3033 11450
15741	15229
4827	6524
1504	
3682	
962	6487 12975 3737 11182 9459 2571 14931 9571 4199 3999 1642 12729
15080	
12178	
9338	5126
3683	
84	
3033	6844 7253 15483 14504 15518 9928 905 11427 14187 13544 14621 7056 14719 7933 4257 4847 9728 462 10568 5003 7133 7788 3805 5891 9573 3259 8112
2017	
10085	12581 14517 13039 13090 13307 11934 5117 11133
12252	
14356	
14817	2571
16059	3510
5450	
12997	1923
3148	
2623	5225
15696	
9623	
10539	7788 15235 14176
8111	9137 4136 4969 7109
12804	
5877	
10708	
13416	7496
1839	
8260	8415
11044	
8594	11409 6054
15786	400
789	
64	
6032	5105
10526	11409
7633	
8329	15746 6418 1999
1528	4640
12143	
13671	
188	
3199	9987
508	9558
3193	
15925	
2906	
5531	
6421	
12093	
10556	11628 4197
12396	6163
3875	14312
6637	
12273	1841
5934	
3961	
2886	13307 4885 10370
13318	
16056	
10551	
4111	
12778	
14837	12862
5240	
9582	
12487	
6222	5709
3073	13094
5926	
5312	8172 8253 859 6815
849	
4205	
13816	9430
8017	
16246	165 5203 15091 1203
8587	16210
5950	15581
3398	5716 14193 13890
15025	11409
16001	10779 15091 2575 15594 5203
338	
6962	3123 7788
9321	3667 3016 13193 10286 13788 8449 128 5217
4618	16311 4197 6322 2682 12799 8652
5070	14741 887 9890 2458 1416 4997 12821 13788 571 5499 295 392 11085 8821
9898	14741
2439	13740
7409	8874 12515
6521	4849 6105 529 462 2745 3016 15746 9630 6599 6686 9535 13788 15237 2458 285 14244 5499 8643 10841 392 3172
5190	462
12925	
15208	6210
13976	11272 6359 1734 13457 5002 14299 9068 4147 2832 10867 8264 3207 12624 8413 4203
9952	
11053	13222
7364	5499 10559 9908 13440 13788 11760
11192	3456 3525 6786 2659 6910 2971
13721	10691
334	
615	522 10644 6644 2577 9238 11114 2201 10433
10909	
12044	12408
3475	
2158	12394
3461	
16446	2984
6014	
1003	
11048	
2110	
10092	
13107	1942 8795 231 7381 14614 7862
9879	4800 3911
5567	11198
179	12594 5546 4850 3408 5610 4722 10129 5187 12485 13101 8518 5011 9454 12309 13788 953 12721 16198 4411
12037	
10713	13982 165 357 2286 15091 5985 7915 12408 2103 8024 3464 15689 8122 8142 5203
11736	6910 8112 5657 11305 10357 251 14529 4641 5514 8040 12967 8972 2643 13307 7203 8360 5726 6277 3715 6163 11054 13090 8961 2731 2801 15873 8257 3733 13390
13792	
3661	
15673	14524
11687	
5126	9338 24 4207 7788 6517 15930 2283 14190 7587
9570	721 6932
8825	13627 9529 6418 4108 9549 2994 16516 14529 10767 14998 7023
569	
13068	
14337	443 11689 3715
13056	
9483	11969 10102
14185	462
639	
14945	9728
3980	12477
6102	
2907	878 9651 5428 8112 1157 4267 6482 1924 13045 2782 2283 7855 5306
12224	
14555	4980 9662 6993 5499 7822 2458 13788 8643 13228 10841 14813 2283
4683	12853 13788
3258	8164
1755	
6582	6772
5402	9630
12285	
5956	
15494	5355
7974	
9836	
7943	15780 12581 11198 16401
8475	7350
9277	
3510	15721 6207 461 15091 174 462 11689 10986 13431 369 4200 15495 13377 11112 1359 13808 15701 3217 512 11198 14177 50 8293 6833 3624 11403 4847 11143 12426 3559 1809 9749 13937 16059 4242 7131
7492	
6711	7041
2983	13890 730
1622	
2029	14177 12071 494 512 15721 10981 4469 11198 9541 12216 10879 15542 3559 12737 15091 11632 4553 14039 9679 13533 10619 16542 11143 2283 3285 13090
5143	5451 7662 8629 15272 394 7498 1654 6634 15975 14688 11542 6498 3793 1290 3371 3530 1157 3259 9882 15235 12345 7788 7133 120 11905 3677 3663 1892 2143 869 15841 5881 1042 9291 540 10995 2801 4858 16474 6910 9779 740 2761 10500 10124 7856 7085 1018 7695 7986 6500 1326 10583 11550 14172 7295 10715 11027 5436 511 9670 13321 6189 15077 13355 12881 7304 156 12988 14340 3198 8157 3229 2405 3032 10053 8669 13090 5145 7080 10833 6787 6944 13300 13705 11904 3752 2046 4212 9692 9890 15071 12753 6163 6957
2071	
6039	6210
368	2242 9137 481 1924 9322 9019 9890 13788 9432 11098 12581 13230 178 4323
9352	7068 5405 6213 10069 15957
4063	
9238	5594 10644 3456 5100 615 5645
7998	9432 14032 1701 4352 1864 5187 3667 2971 4120 387 2059 8413 3408 3629 5894 5616 8528 8230 3288 14584 8643
205	
12427	10662 251
744	8157
7560	13890 535 730 14962 12386 3677 2835 5716 4915 484 3473 3692 16084 8826 12192 15168 8198 8912 3121 5055 3959 5752 14226 6772
13577	
49	2431
11927	
918	
4382	
3706	
11789	
6371	12593 15091 3559 3832 1484 13533 4949 10079
14544	
14394	
10642	13890 14226 13642
12439	
4586	9513
16294	
3655	13424
12774	10461
7986	3078 14330 10981 11198 2968 13039 4858 5143 4847 8509 10659 10942 8456 512 3285 909 38 13090
14454	
15438	11379 13307
7367	7169
4231	8512 10250 14146 7135 15952 400 5725 8037 4465 4435
7772	11198 3078 3823 3502 1484
15473	1245 5203
12046	
1955	2922 1642
13922	
12761	
3161	14039
14941	
6415	7848 4465
2239	15746 15323
568	
5905	14625 643 1245 5203
4670	
7557	7040
6751	
4229	9558 5499 1430 9230
7675	
6145	
13859	
12279	10879
6180	
13226	
6731	
277	7788
10070	
275	
15454	
9491	
437	2072
1206	
9264	
5743	3737 6418 4258 9980 5112 2571 10028 16045 4719 10735 9529 1804
14832	
16399	9980
5193	2865
1882	
6243	8157 7788 10357 8320 2283
3484	
8367	14950
13352	
3256	
8011	
4110	
16411	15820 13193
3901	
9490	14741
1273	10575 1098 13464 2939 13673 2984 5969 14511 13307 9574 13046 14810 11533
2697	
12675	
5372	400 7135 4465 7055 16333 6541 877 16304 16054 138 11225
12053	8890
5722	
14602	8883
9047	15578
1838	9696 3591 8742
1471	7863
15589	
12110	2458 7504
4131	6276 14731
14467	
14726	8112 15731
2008	
11971	6295 15819 10396 1998 387 7732 6426 14883 12446 16000 5668 3629 5616 5069 16432 8431 11692 10286 15337 9042 12701 9322 14529 8449 12485 14950 5114 14719 128 178 7673 8940 15116 8385 6910 1276 3667 12313 13610 16136 16345 2530 11279 7077 15261 3954 575 14976 5622 6485 14578 4469 13788 11143 5653 13046 12666 8868 3432 16401 10646 1571 2458 15813 10841 15091 14841 3545 6821 5620 9890 5513 5030 9614 4767 3172 6163 2283 251
5416	
10792	12186
15715	11113 12930
7332	462 15005 5018 11409 10090
13502	
3595	11409
2458	2059 9662 12372 6359 6426 5069 15261 16049 11971 845 9412 13746 14255 5294 5767 6737 16282 9432 4969 11279 14883 12701 8868 11923 6410 10412 10646 7482 9890 295 2495 10286 4330 10559 14259 7087 4120 14903 2789 9908 707 15704 7398 11299 15819 1701 2794 15298 387 1738 3137 3629 12446 647 14950 8315 12821 6843 15139 13708 1087 14736 11643 6705 8449 13078 3016 2600 5217 13027 541 6197 3205 9068 3517 5472 4203 3667 678 16044 4071 16048 13164 4616 9322 564 14575 15131 12208 4849 14841 1570 1242 10299 6295 7751 6397 2268 6903 2156 9630 15813 15928 6485 9891 6845 4323 3408 2593 13788 9355 11758 7077 15337 4980 10159 5513 4255 12466 13196 6362 7551 15237 6832 9729 1684 8322 4698 391 1446 5557 13684 2507 10841 15260 9900 4556 8372 8643 6224 5625 15515 7504 5688 5114 4251 5616 6080 14443 206 16458 392 8940 10546 8460 1998 14179 2232 16401 12110 15896 3050 13440 8662 575 11503 12255 8830 2208 3670 11603 4458 586 12122 9547 571 15554 8596 14120 13610 9454 3611 12485 9186 7319 15963 6151 7862 5817 1942 15367 14555 14881 4603 5070 3116 467 12100 5499 15185 4821 41 6521 12885 7496 1816 10295 9811 5221 11937 16345 14244 3159 1304 8211 3882 9767 5286 9235
6935	
7054	16060
12363	
2498	
3947	
15444	2283 5643 11459
3013	
9361	6833 11143 10879 15960
10200	
2104	9214 13788 10841 3087
13157	
5063	14119 1152
5596	6686
5008	
11680	7153 7046 13712 8839
10973	4465 400 16054
8436	
6594	
4436	
14008	
1116	
1719	
8537	14696 10090
16459	
981	13409
8261	
11205	
12405	3259 7788 7264 7856 15235
6686	12978 13788 891 5596 13164 3946 13610 6112 15739 6521 1942
1675	10074
14753	2994
2828	15091
6062	
9120	12583
15609	
10858	3464 11095 5203
12423	
6133	2122
6893	
13813	
7158	8742 1464 5203
2573	3891
2462	12998 7253 11119 6932
3677	2020 14962 535 7461 13079 9804 5880 2835 12386 6374 4907 14226 151 1526 12081 6910 14746 7560 730 5143 8912
3253	
13206	
12160	
9153	
2858	8243 473 9535
8873	6869 11198 530 3559 8831
16333	5372 16054
13724	
9904	6603
11717	2059 3087
6843	2458 9370 15091
9885	14089 13788 11920 10841 8596 194
13321	12702 7788 5143 7822 4279 8724 11550 6013 11886
4030	9547 8187
4080	5499 10790 3309 7515
419	13090 2581 7353 12338
8336	8992 5203 884 11793 6373
11967	12078
8237	2287 16014 4400 9882 7933 7788 5200 9890 6402 3456 6662 3559 8724 4033 13039 15746 1457 5725 2939 14039 4847 8738 15640 5753 13228 11886 15227 14656 13307 12545 10299 13046 16401 5428 1486 13628 3371 369 15091 8856 14517 8850 3259 2752 9700 10508 15873 14040 9693 2267 12681 8112 6163
4195	903 4892 8665
309	13414
2583	
7673	11971 14741 1712
575	9488 13027 673 8449 15704 5442 9232 12806 12701 2249 7832 11424 14032 14426 4086 4071 9432 16364 11416 3122 5007 11450 14719 12564 5616 16400 4136 14883 387 4736 3629 10286 6685 4969 1676 14986 14578 12583 11971 5513 3773 5499 10841 2458 7751 14017 6855 6105 10646 2677 12594
1260	5283 11198 15091
10596	16054 4465
13544	8243 1362 3033 4640 10885 10291 9980 525
13222	2247 7788 11053 15442
1085	
10816	6786 11689 9989 527 251 9008 10644 12782 2917 2031 11873 9901 3881 16186 5119 7788 9520 5594 2192 9617 1802 3525 3421 6996 417 10790 14511 14777 488 15833 1064 10897 9502 2968 14719 9445 12853 90 9572 2421 14787 4640 14621 3456 13027 9980 15049 5428 9712 2145 15091 4847 11886 15746 14059 8738 9903 15220 13046 2324 795 295 14986 462 15116 6749 5492 3122 14244 16038 6567 8856 13307 11409 14799 6188 2999 11085 7334 10662 2283 6163 7822
11906	5436
10872	
1526	3677 3881 13079 5880 730 12358 11261 8198 6910 8431 251 8665 12386 6224 4915 3121 7461 6902 13090 6163
8973	5726
5384	
5648	7732
10055	14957 7469 4847 14039 11689 7855 2283 16038 5726
15738	2283
7356	10090 12971 1064 462 16077 2772 14660 5842 7822 10695 2412 16038 12557 7080 13215 8841 9227 3651 11409 6815 6603 13319 11732
4161	7788
5393	407
9306	
7085	5143
229	
4169	
2208	501 7387 16049 13788 11566 13717 2458 5460 9890
15513	
40	1948
12195	9008
3119	9908 2722 10841 13788
4277	
3092	
6942	
6365	6457 2063
6457	12966 14594 5428 9558 15452 6365
12022	13090 10230 12216 15701 3559 14805 206 2296 11143 13940 8258 2431
4915	7560 1526 6034
4584	4652 16475
11289	
11341	16357 2984
14343	12853 11161 13319
5123	
16076	10360 7203 9652
302	15656
14244	7726 8046 9558 12216 15675 1064 2031 5018 4232 11732 13090 8112 6815 1942 14120 13673 9430 3946 14362 9259 7919 795 8172 10230 2320 10291 8319 10790 251 1802 15746 9993 4989 13788 7816 10662 2458 3675 6224 8874 9032 206 4847 9520 11530 462 14932 4744 4640 4858 771 9445 11689 12853 15975 4552 14039 1842 14719 15091 12701 13464 11206 7188 14618 960 9163 9280 526 15235 16504 5608 14585 15631 9980 4967 11726 661 10644 12212 15116 8243 3421 8552 9186 8853 1020 9901 10508 14605 4636 12564 2932 6692 6521 13610 1430 6838 8738 3114 11437 11797 8665 10816 16539 387 6345 5725 8372 5499 14194 4095 12452 3629 9562 14986 2272 292 16077 7862 4071 13040 11409 9230 13978 5306 9253 8830 917 14018 13717 461 2015 2577 3456 10299 10324 9355 9455 7515 8732 1819 12821 11085 11873 8863 5428 1686 1757 9212 6164 14474 14787 15072 14799 10695 11379 6910 3881 10558 841 8567 3002 11943 10841 2198 6163 481 3863 16038 1424 7319 7381 15457 14081 4920 14846 7341 8377 11331 9798 2283
2843	11114
10885	8444 2971 3881 9815 462 11886 13544 7264 8669 3157
4282	6359
12408	13982 10713 3464 643 8122 13700 12418 4152 1884 7626 14789 5539 9594 13737 12044 14873 15091 5203
11937	15367 9815 15819 14514 12733 9572 3516 16471 13228 9980 8315 3345 10680 10841 7919 9630 4847 10795 15091 15896 3172 11390 12528 12564 13307 8256 15631 11129 6652 2458 6821 15175 14529 8243 10422 3060 771 13046 869 14621 3016 6163
16014	9590 14433 461 2287 10067 13869 12216 14719 9679 4669 15091 2981 814 13039 4847 636 2752 8237 16542 16065 14787 588 11085 14362 13090 6163 2283
3832	6371
2072	8438 5476 10645 437 2770 8795
1036	
10039	
10874	
8130	10768 2994 10028 9571
15780	4469 11198 12056 7943 11632 16384 4494 10619 10097 7118 4031 13039 16401 14517 14039 11085 369 15253 2283
9529	5744 16045 10028 1804 4258 6418 14981 8114 16461 872 3737 3179 3779 6589 5112 11182 4032 7672 18 16228 7346 9459 6188 3587 5743 10735 11159 11127 967 8825 2571 9571 4199
1337	12222
13594	2201
7252	
3731	
11522	1115 9558
12664	
2542	
5928	
8184	2286 1027 8742 2291 10146 12434 8167 16465 2643 5203 4273 4380 884
8639	14039
1372	9695 13090
10770	
3892	13788 10841 14342 8385
8479	3473 2835 13556 4049
864	4730
8450	15091 5203
10720	
16465	2267 1245 2643 14772 11091 6804 4273 2695 12434 5763 13730 10497 8557 12448 7123 3945 8081 15973 5158 12498 11795 7915 8730 15543 12570 5228 16095 8386 7073 2230 13800 4690 3524 1233 11793 8167 3388 15091 6453 1134 1407 16487 6275 5203 466 11909 16252 9109 1707 8184 6538 11667 643 7447 12300 7549 3405 3094 6734 14604
861	15608 3285 4772
16045	767 5112 10028 16461 1804 6418 967 11127 2422 3737 3779 872 6589 8545 1642 7431 4719 16510 12763 16355 9459 15299 3587 15117 18 15536 4032 2297 699 14931 2571 8114 6130 9529 5249 4199 7346 3122 10735 5743 15022 12975 818 9571 14998 5675 11800 14920 6167 6188
5874	15833 5514 4385 7855 14312
11423	15216
13787	2689 12590 9226 12814
16194	11399 6696 7820
13046	1245 1374 7822 2939 2659 9815 15452 10790 10816 9520 6786 11689 9980 4640 13673 3456 15457 3122 6910 7253 7185 2968 11873 12853 3629 9280 11530 2145 14511 462 8803 525 6692 13132 5283 14986 1115 11706 3114 9901 9574 9728 10291 442 8243 251 8315 6383 11409 9534 4858 2324 4284 5533 8395 10170 8738 1802 5428 9445 6188 461 2917 15116 878 8237 14719 11379 9865 8231 12895 15873 4346 11937 3813 13464 5594 8628 8665 3828 6163 4206 1273 3881 9890 14081 9032 4197 11726 11085 2421 2873 488 9230 1759 11971 14685 8514 9798 1457 2283 14028 16401 12348 16047 3697 417 15631 14529
8683	
2692	1032 6634 3908 7788 2694
16174	2060
5054	2031
9372	1368
1571	14883 9137 3137 6359 6295 295 11971 12449 4865 8868 12203 4736 2059 6241 7933 6100 12372 2917
5675	10620 12975 16045 14249 14998
5876	8162 6083
16211	8267 14719 9430 2873 5086 5428 9459 1020 9700 462 4967 6224 2571 2320 14787 12209 2283
14236	3001
12529	2497
15281	12233
10646	11971 2458 9890 2059 5668 646 6485 5499 3667 575
565	10619 7515 5640 369 9535
9841	873 8737 850 5018 101 11481 2330 13798 10853 13650 2290 8348 11409 10401 9883 462 4718 15770 12341 10090 13377 6815 5465 7141 5544 12971 11064 11688 3418
6487	5548 14096 4032 15964 12460 12084 9459 11477 8665 962 3587 10028 14589 15746 16301 4199 7668 3779 1677 8932 10735 11828 2860 9461 16375 2284 3999 9 15699 2190 6320 7976 7112 562 6696 10794 2552 14998 15340 16135 14925 4201 4401 14168 9210 2571 2191 3775 9571 6223 8465 10782 939 3456 1999 12209 12333 1642 12975 7377 1995 53 7346
14656	14039 8669 8738 1514 11886 6623 10086 6482 3524 14719 348 11234 8237 643 6163
13770	643
11875	15485 1877 4336 3225 7183
13776	
5358	3440
6777	
5387	
15930	15140 11550 7788 10205 10351 7919 2471 15451 13147 10201 5126
16328	13079 377 12185
11144	
12303	
2283	1348 10828 9901 14365 12335 10451 13090 9057 6742 6554 1359 7118 3468 2002 11886 12059 8035 6300 11143 10619 12847 12426 12858 9590 11907 3709 10334 5487 9496 6216 16047 13889 14828 369 488 3697 12321 11845 613 2421 4152 4594 5778 6482 3676 10987 2981 9679 3715 4374 15873 1374 3815 11681 5265 9567 9701 15072 15444 12338 4772 3285 15253 15091 10879 13039 156 397 9630 2029 15237 2128 16211 14638 12299 7702 1157 9574 13522 3418 5661 2752 5030 4323 7895 6652 11903 3243 11550 9651 7630 3037 11405 11467 6163 3584 234 14517 14539 11085 14422 15235 14604 4256 2824 3522 3881 13046 12255 7185 3458 14028 8315 7555 6910 15780 7855 1910 961 14551 10555 1259 90 14511 5131 2873 8236 8738 1823 1115 5753 5145 4469 4046 8199 4200 9834 11373 8337 5901 9929 11902 14203 9589 3666 5428 12564 4821 15273 13211 481 14039 11971 5484 526 440 12216 4226 13673 5440 16326 1642 11459 9097 14244 2923 11689 10816 3375 442 15220 2123 5514 3072 85 13132 6243 2000 8117 16014 8253 7515 7728 13921 9989 8041 14555 12581 14081 12313 6008 3670 10981 14594 3178 1402 15682 11828 5306 3549 2062 8772 16006 2782 11979 14131 5513 3597 10431 2678 8110 14593 4858 15772 2415 704 8731 8658 11438 3259 10055 9370 15738 11473 2907 8023 6118 10067 8739 13610 15975 4031 10790 9225 9937 462 7558 12681 12728 5126 8066 3114 4636
15723	12637 9311 10312 15237
4916	5342 13250
2913	5380 4465 11326 8512 400 14118 3562 16054 5455
2286	2103 250 165 10713 10468 15091 8184 2424 7915 8742 5203 4273 11825
11213	
901	
12317	15367 10841 8243 12564 3345
2500	
8569	10588 2201
9618	1064 9980
9366	
11017	5746 11409 10090 2373 14799
14259	2458 16282 6565 4847 9297 8449
14254	
7095	3438 6544
3479	9891 3911
9512	1741 15360 2530
7188	10262 7822 10540 462 6603 6436 14244 16038 10695 14828 10090 1064
10767	13134 10090 8825 3531
8940	3629 9042 11971 15116 2458 8243 3667 12721 12191 392 14621 9233 15298 15813 9746 12372 7751 9502
5413	
13559	462 2937
321	
12670	
10090	12815 2971 12971 6932 8737 7356 150 4232 14515 11017 874 12341 7141 11064 14338 16541 13377 3607 6815 11404 9934 16250 2144 3571 8841 13215 2508 9166 15043 15596 7056 12728 13338 5208 1064 8433 2705 1924 227 9894 11732 5695 9903 3002 5746 14908 721 12557 12644 4635 6603 5842 5820 481 8148 9242 7238 9841 5018 15873 7458 9358 13293 7332 5428 4718 101 6700 10853 7942 12920 462 5911 3203 10828 11409 3946 2223 11178 3863 3471 13528 10767 9526 16077 13625 7188 6218 15172 7706 1156 3167 7080 8537 14028 16241 8046 11797 10695 9253 10870 14594 12471 11085 11236 7249 5584 15788 5759 11146 11255 14799 15380 8127 9806 15215 6248 6779 10262 16227 9227 4321 16037 14529
5694	10935
4879	
5957	13974
9194	
13621	4790
8394	9606 14039
9380	13090
11450	5011 3408 15518 575
16407	8897 5499
5854	8319 7788
6065	
10520	15793
2524	9804 8912 5364
6544	7095
8775	8258
12655	
3	8112
3223	
8363	12433 11379 13788
7528	8172 13788
15765	
4039	9520
5128	9865 454 14529 8231
5203	10663 7549 1569 9608 11743 2881 10479 12797 15419 3856 8122 6392 10049 5788 2740 15538 2291 3294 8089 8185 8752 8794 1930 10316 8557 7456 15525 1027 7583 11447 13008 6782 474 11091 10146 8029 5734 3464 14366 15110 4126 13306 9164 11552 75 16001 8730 7575 16503 152 16005 7961 15767 13697 6804 7028 3296 8742 13057 3481 15744 7123 8270 1464 14119 6275 1707 8467 13747 10775 8333 15550 3945 15091 6516 12794 13700 213 10704 12379 4495 11530 15268 14024 13414 14775 2286 991 14020 4710 643 7908 15898 16134 7506 10322 12300 15769 2628 13822 9748 1688 11012 15449 8992 14789 11462 2942 8677 13471 6664 2464 15316 3796 1933 10066 7975 16501 8450 14785 7370 7242 10024 2015 9370 13213 5763 6041 8081 7951 1847 5617 6183 6003 7128 537 10851 10352 13038 10160 13459 12609 13695 11511 16303 5824 5846 9367 2293 477 15398 1341 2925 15618 2082 8167 16031 619 15181 1845 6211 6220 11560 16118 11138 6876 13730 15283 11165 16487 7697 16073 734 4847 14104 5228 8978 7827 4663 15649 12498 2456 7794 3405 11409 7779 13936 14625 7660 1668 5158 3472 10011 16260 6404 11082 15594 3702 5573 12116 12448 9109 7073 8386 15480 16010 10267 48 5022 15484 4795 10790 14402 13982 4152 2927 4328 16374 11598 14631 2584 9063 11395 2890 3642 1992 6506 1491 12470 514 1976 5574 1349 10080 6938 15473 15907 5140 1380 4858 7800 3140 2454 4806 4571 758 13384 11773 11379 16529 4711 4274 3844 5487 11771 7044 936 8336 1726 8988 6954 8751 1685 10920 2749 8399 6453 7333 6111 10858 13931 1076 6068 13868 14873 9290 1292 15802 9805 8762 5407 1120 16465 2308 15885 4380 679 14836 11355 6538 6969 7809 6906 1245 12434 2267 2803 923 15539 6653 509 12853 3617 12872 8974 666 11974 7570 7443 4013 11629 6120 11825 9603 13840 713 2728 15973 10144 11226 6505 15826 8827 2355 12477 2575 11946 16246 372 2776 11298 1152 884 266 282 9055 11970 14388 12976 5905 4273 12301 294 14525 8687 16193 9052 10843 4415 11246 1018 2476 14604 3388 10733 9859 12659 2103 1917 6583 7466 12120 11780 5233 1591 2816 7257 432 13682 10229 4432 15372 1509 15888 349 6566 1851 14819 12085 9989 4933 5155 16252 6240 15241 14752 12647 7791 10429 15401 5324 8216 3699 7111 6137 3399 10411 9065 16395 8404 6769 4802 7350 4261 5141 5664 7014 10370 3449 7475 8590 7136 808 8285 2802 15812 581 1138 606 7712 4877 9725 13737 6725 12225 33 8600 14153 10274 3552 11403 5252 3107 1740 12898 15543 6280 836 6571 3190 1141 515 2866 14865 11793 4088 11998 2699 8552 11795 3039 6510 16389 14763 10391 3251 13573 12455 11537 3547 8212 4503 13462 8573 12570 2295 9020 1418 2043 2781 4596 963 9561 3983 6163 8905 6225 4874 9772 9060 13582 11667 11836 2424 1233 8340 3646 8236 12958 4776 3103 5781 3125 4661 14973 1796 503 10965 14189 7336 5720 1789 2559 13800 6707 6352 8524 7640 6734 2607 1350 10233 9368 15527 2276 2069 1203 8049 7115 7031 16284 10713 2643 10222 4171 4423 13833 9764 670 4740 8184 931 10325 14210 13907 12876 11253 12563 14327 14155 13843 8175 1435 14102 14661 2756 7158 6162 2388 9564 192 3800 3202 12121 4297 11479 4320 2904 1595 1718 12408 7778 12176 182 3564 8214 3094 15155 1062 3354 3465 9165
1489	
15886	
13948	4525
8620	
8808	5580 7788
16222	
7130	
12338	13179 12056 15606 9589 14517 5725 2283 2923 3217 11085 419 2220 6163 15932 1030 369 3371 4031 7319 4200
15762	8993
8643	2458 15692 16048 9558 14555 3016 15863 1942 13610 15599 5499 13788 15086 12298 15819 7087 9355 6521 4071 5513 13132 8372 7998 392 15175
6433	6786 1140 4640
3418	13154 8385 6008 16442 14342 16401 10841 9841 1850 2283
12666	11923 13230 5545 2600 7254 3016 6821 13179 3670 6105 12485 15819 12733 1679 6224 11971 12298 2826 4027
9948	
5380	2913 14146
3933	
15091	13039 15268 6207 15804 16010 1027 3844 6453 5114 15360 2766 14822 2476 16455 4197 14719 10146 2643 9611 5428 1359 2684 15618 756 6440 2968 9934 11403 1435 3881 11470 5999 255 6969 3251 1324 14661 6843 10619 2699 4795 3629 9890 11198 9980 15372 3024 5140 14712 679 2031 15936 6371 1844 2029 6910 14986 14102 9543 6667 5440 10920 9052 14785 8665 13992 12462 4033 2355 14540 9136 6786 6120 4989 152 11143 8751 3217 3464 5283 474 7712 10733 3510 11112 3285 10790 15982 2324 14871 6041 4423 12827 6707 795 15457 14621 4152 282 3702 2103 1381 14625 12794 9401 2705 3122 5993 11138 8293 5203 10816 14150 12056 1832 13057 2917 14873 14327 1115 2286 12656 9833 14874 10066 12919 13471 884 12408 2572 7575 10370 3071 8024 371 11761 9020 11689 2628 10222 11127 16465 15495 5131 9815 3456 11937 14789 16522 10325 8590 6804 75 462 12681 11411 4883 6144 14177 4669 2749 3259 6787 8285 12797 14605 3016 7413 2756 643 6402 14040 11708 11825 11530 2607 8122 9280 2828 4469 6653 15721 3093 10879 4306 10291 8237 14514 13459 2873 8600 7697 4912 1759 5499 7788 8319 2464 3547 13388 8589 15885 165 11437 1203 11379 5539 13890 9528 5463 1707 7028 1954 15176 2530 9946 13399 6833 5033 1553 9658 15973 16001 16303 670 7333 7856 5734 10032 8450 16192 514 8142 1726 9567 2984 12331 7466 15708 14020 15637 14039 7257 12301 481 4432 9455 14787 14366 13749 11178 4031 13747 14819 8449 16047 14511 10986 1018 14268 5030 1152 14843 5176 2320 2942 4130 3296 15255 2035 8446 4328 1529 2497 7778 4448 9572 16284 369 2291 9929 13982 1260 2927 14903 8730 11971 6224 5985 9368 5725 12853 5669 10779 4847 1685 10713 7067 8029 16014 251 7405 14433 14120 12990 15701 12545 1380 4107 11101 6188 3559 4171 2116 9695 9248 4594 14388 7626 14284 38 15525 8315 7670 3715 11662 15241 6830 15449 5681 15746 14244 11793 3103 8212 6163 15216 1020 14517 2283 13132 16246 2998 3821
12785	
8029	16010 4847 14020 1245 15091 8404 10540 10146 14102 15594 4448 6804 5203 2942 884 12434
5176	15091
3715	1064 2283 7919 8305 3468 2752 9562 6910 5514 9606 7185 8112 588 6163 13012 4847 11736 15091 11101 5298 15325 2244 8040 14120 9567 6748 251 8315 2722 11054 9543 14337 7203 15599 11031 8364 4207 13240 10790 14039 11710 5074 9937
2600	12733 15819 12666 11331 9890 10841 14533 5499 2458 14017 14514 13228 14621 462 15813 4882 15175 9087 9540 8449 14841 4071 3172 10014 11279 7319 14498 1864 4736
4739	
11278	
3400	8157 7788
11784	3456 1647 6561 11929 5969 2984 10575
4118	
10255	15578
16121	7303 16418 15179 9185 996 4703
2070	
11583	
4932	
6000	
11641	
8970	
8253	3123 5312 8385 5086 3421 2320 13750 473 9 3697 1020 2984 10370 14268 10248 6224 13990 9430 11085 251 5499 14539 14300 1457 13307 2752 2283
16368	
5994	9980
12982	
290	
13571	12274
337	
6001	
6350	8431 15819 10841 3172 14498
11000	3005 7863
2395	14719 2682 11481 6163
11662	15091
7048	8387
16070	
11968	
8659	
13077	8962
7262	
7229	6888 14241
15428	15131 4767 6966
7568	13788 7964 9630 5499 10559 9839 4561 8449 9454 4821 9729 13717 387
5993	1188 8431 12216 15721 15091 1104
4694	14433 12216
16165	11755 7504
6909	
15572	15746
12568	6144
3324	13432
3404	
6694	6671
13182	7788
192	4152 15594 5203
3032	8199 14039 7788 11886 5143 3783
15102	
9586	
8353	
16282	2458 392 14259 9454 16136
4024	6608 8511
14340	7788 5143
973	13273
15728	
10975	
9189	
456	4524
3449	11515 7203 2722 5203
6434	
9870	
3249	
10000	462
12266	
14179	3135 12372 8596 2067 13788 2458 4884
7055	3619 14146 8612 7135 4465 16054 5372 9509
10036	
12464	
7041	6711
6653	15091 606 3552 13414 12939 4013 5203
123	4330 13788
3051	12225 9243 11101 11031 6910
1998	11971 8449 12372 12853 15813 11186 2458 971 15692 10680 3629
14969	11114
4238	12100
4811	
9890	1892 6105 5283 9235 8064 15629 16539 9485 2971 10646 329 15813 12733 15819 8256 1279 5070 3456 14017 4640 10286 10139 13628 7630 13786 12701 15931 7802 6402 2458 9540 6410 13841 9430 5114 1864 1457 15091 15116 9087 7319 4858 14533 4847 368 15175 1609 15237 3956 571 9614 2968 9662 4603 5499 11923 8566 369 8987 9432 14813 8237 1641 14621 661 8449 3172 4561 5428 15873 11971 16168 332 4091 5336 5143 11409 2600 10841 13307 2224 462 6345 11567 1087 9339 5688 556 10295 4821 13046 9021 8856 15748 2208 11886 6163 8361 14362 5892 16188 11388 4330 10559 13788 1802 8691 10248 16049 392 11085
7822	10816 6581 12920 254 2914 1774 12471 1259 5611 12251 5208 11502 7188 12385 882 13046 13920 13321 3676 15631 3559 10614 15568 8345 7185 13215 14555 7015 8377 4718 4908 4763 1759 13987 11346 9968 16147 16541 13808 14284 11797 1588 10324 11903 11689 13669 2421 6815 2320 3167 9032 6932 9223 11732 10053 2145 9903 9574 462 13313 1457 8685 9445 6163 7458 3002 9253 14342 13377 7721 7597 14639 9806 525 7356 10695 7301 6768 5820 8739 14986 14529 3863 4498 7856 15665 2626 7080 3122 227 16241
15033	400
5591	
5491	
10496	12885
9804	5716 10681 8164 3677 2524 6902 151
562	9702 6487
16268	12191 5187 14777 8431 8665
12808	
13661	
15880	11170
6163	1823 15452 13992 5499 14244 2031 14656 9230 2722 2421 14081 8024 16014 1369 6748 3172 16038 2752 5074 7230 2984 9651 12338 9574 14736 206 12372 14986 3559 11234 13090 13300 2320 9572 11886 12853 11681 4858 1701 8771 1679 13464 3122 8738 1514 13678 2917 5783 8856 13361 8665 6188 7855 3421 12452 13046 15568 9370 11379 10067 10053 8773 2324 9496 5428 14843 3391 3157 8187 15273 9679 9946 8243 11736 15973 10644 2968 7856 3670 3456 11904 3881 1844 2731 4200 13890 2473 6919 1802 4640 3697 2210 12571 2923 11390 16138 45 9813 12580 14177 2530 4252 255 14932 251 1642 4669 9430 10114 6910 7788 2395 1924 7767 2626 1759 11971 417 4035 11873 8901 1331 8735 8567 2283 6692 2873 9890 5086 2571 4636 2782 11937 11497 891 2063 9815 1526 15674 13889 14517 931 7822 526 6838 6402 16471 5594 8417 15640 636 9585 13990 5203 7670 10355 7253 5003 14039 7185 10928 11689 4306 3715 13012 6903 2999 14427 8669 462 11530 14719 9798 1686 2365 11085 7422 4469 4967 7304 10662 11420 5143 6786 10790 4847 12386 15091 8237 12396 525 1842 15116 8431 11437 9520 10816 2939
14731	10221 7701 1616 14769 12714 7411 11019 13598 4131
5124	
15446	
6489	
15931	9746 9890
1624	11379
11533	1273 11045
11261	10852 9572 1526 8567
6315	13657 4790
11090	
3778	16187 4847 3629 1310 12028 15176
5368	
13710	11689 206
11163	5071
16493	13673 8495
2224	9890 13788 4849
12415	7788 4483 6431 9314 1157
2689	13787 12049 5884 1638
15713	
10724	6772 5251
12394	2158
5391	
1439	
15395	9474 6796
16475	4652 4584 14517
13477	
3259	8157 8417 5132 7788 4636 251 9314 12954 9880 462 5143 5580 5283 8237 11886 1157 6910 14039 15091 8665 15236 5405 12405 3033 15873 3122 13090 15235 15140 120 7133 7587 2283
16400	575
2407	
11034	13788
8004	9983 8912 6772
4280	
9917	13788
7812	
12581	14577 4031 1823 3549 554 6742 978 9543 943 4772 15701 13090 11112 10085 2755 14350 8810 11603 7943 3584 11346 3024 12855 12873 1359 15296 368 12015 2283 12858 9589 11934 14039 6216 7204 13337 15253 7850 7118
228	
8626	
14474	3697 13090 15746 2752 12821 14787 2145 2643 9798 643 11178 6224 11437 5825 462 3198 14763 4273 16038 9805 15116 11127 14244 5969 15873 2031 11085 11793 282
7720	
14828	1679 7188 2283 7741
12690	
767	3587 1995 16045
9891	11837 4004 2458 3479 13656 13788 3911 1132
5398	
10324	8433 6815 1064 7515 10370 7822 10790 9455 13307 16038 14244
7700	
5576	11760 10424
8508	7180 9663
4016	
4242	13039 6351 8509 3510
549	8140
1104	12074 5993 512 10981
12884	
7882	601 13250 11359
8242	14877 10071 9402
11493	16092
3471	11409 9914 5018 12341 10090
7007	
13555	8157
12240	11066 9700 14039
6274	4494
1375	
13286	1723
4407	8157
8385	6737 5418 4849 15901 3892 9908 14430 1926 4411 11385 8253 467 4616 12255 5554 8372 647 11433 8772 5499 3418 14362 14902 14627 3697 2996 5221 5688 7555 14962 12853 2272 5901 15612 5428 462 11971 3114 655 13337 6105 9630 3934 10224 3631 8510 14813 369 878 8309 16442 16047 14422 8126 13857 6822 9355 1277 7180 2198 15975 9370 15237 9946 7469 10841 3545 1950 12375 10299 15615 3392 8071 4561 3891 13009 5513 14593 8839 14342 461 5969 891 14039 3673 10346 16401 12943 15599 6467 5365 16535 1170 13780 1555 444 1241 5003 13610 8360 10737 9137 6151 1112 10674 2622 11689 16049 11845 11886 8856 9430 10559 5050 7630 2917 554 10295 9798 11793 4847 661
1877	11875 8731 11114 2645
12694	
7142	4969 16515 9409 5955 2579
2974	4997 13788
7738	10841
3658	462
9531	9573
952	
3944	3629
809	
16049	2458 15169 2208 12701 11603 5499 9908 14381 11724 13788 4330 10159 10139 12255 12786 9728 14284 6513 7630 13628 12485 2299 16539 4767 8449 5460 11279 14736 6579 9890 4821 4011 15237 16188 3050 8023 6485 12885 10841 8830 15131 392 13440 4561 8385 1446 6652 5221 9235 15367
3752	5143 7932
15219	
7656	
13791	15692
12721	179 16000 9722 8940 9454 329 12145 9474 9558 13610 7573 5114 7765 13788
3668	12047
13040	13788 1385 15131 8372 14244
14688	5143 9573 7788
5208	3863 7822 11732 16541 6603 13215 1064 10090
9799	
7950	9459
1813	7381 13788 15237 8856
14226	9707 12826 10642 12077 3677 7560 27
16369	
15975	5580 5143 5405 9430 251 14039 4858 8385 13990 14244 7788 2283 11920
919	13788
5616	12485 12701 2458 9235 575 878 9729 5513 7998 11971
14871	15091
3865	
4203	3408 8449 15298 6426 11279 14950 128 2458 13976 13788
2489	
11665	6224 8115
1129	
14088	
3464	15618 643 12797 12418 2308 679 13057 8122 6068 9136 7697 14366 5203 9695 12688 12408 9728 10858 15091 2122 5734 10713 12462
13337	12581 16401 6155 8385
5462	4197
16331	
6320	14931 6487 9571 12975 10028 1642 6107 4032 2571
8199	3032 7788 2283
150	238 5949 1064 14696 10090 10644 14799 10540 1588
11869	
361	
484	12386 7560
10962	
2272	8385 5499 13788 13644 14244
7281	5247
3222	5468 11499 2020 5716 13864
1832	16455 12656 15091
15178	5666
2863	4958
7949	13003 9539 2149 6541 85 16054 4465 8577
9945	15903 478
13688	12372 8449 5187
2063	3666 7422 8773 14986 878 12818 16394 15582 6365 11689 8181 2971 6163 13090
14218	
541	14269 3629 2458 3538
376	13078
1409	
1632	
3225	11875 12054 15485
4340	
5328	4007 493
8695	3534 8716 12740 15204 15833
4657	
7153	7180 11680 13712
6644	615 462 3813 2637 12975 2968 12988 2984
8853	14846 8172 14981 2015 11206 12287 2705 14244 5306
14524	15673
254	7822 1124 16077 3946 462
3930	10932 10020 9474
11681	2283 24 6224 3896 13136 1810 6163 636
10590	
9003	
8236	6910 10291 7031 10024 14194 1595 13384 8167 2575 2890 4273 2283 1245 12571 5726 9032 10790 3452 5203 5573 2658 14039 5050
3839	
5819	10790 12477
8490	
2497	9771 5033 12529 3686 15091
11567	12372 392 13557 9890 1385 2492
5632	967 10620 12975 6696 14168 4199
8928	
4017	8162 12462
8671	11960
8244	14877 2956
11271	4508 2971 60 8187
5886	
3705	1906 5717
13864	3222 14962
6295	3667 3629 14841 1571 8449 10644 8518 2458 13027 14621 11971 7185 5086
12969	11576
14715	
14923	
6977	
16327	
13085	10721
10721	13085 4617 567
5556	
4074	9311
13619	
12591	2320
7422	7275 11689 8773 6164 6374 8112 11691 14039 7253 3794 2063 11809 6163
13666	8279 1424
16000	8372 2059 11971 14032 7883 9454 12721 1242 16048 2198 12485 6910
8377	8773 251 14787 8231 6224 3261 5114 16401 3123 1457 7919 525 7822 14244
14778	
13293	13313 1064 10090 10674 13782 462 14471
3432	11971 7783 13307 1514 11234 3157 11886 9644 14039
6974	8172 6910 8187 9842
4049	12386 5748 8479
510	4411 7319
3410	
15521	
16054	15194 2672 6017 10432 2603 9500 7337 5517 13467 10291 13777 15952 5372 69 8665 7181 13513 8512 11530 4197 10790 85 7788 3172 9989 11513 9349 2149 4465 5725 16307 1759 8170 8577 15368 12469 9043 400 11409 14161 6541 9830 12062 10120 3560 138 11933 2777 10301 2971 10250 2594 4435 8163 7652 10303 10796 594 10162 261 4379 169 7949 15777 11417 7055 10132 7665 10493 12218 1495 4104 14977 3186 4474 14265 10596 11731 16333 8042 10555 2913 2499 7845 15591 5283 8254 14814 5672 15330 9443 14301 9539 13336 2592 2987 2057 1764 66 16304 10370 881 8872 13064 5424 10367 5455 12944 4472 16007 3562 9086 6732 6667 1896 3311 13133 11085 9407 15546 1412 13003 3098 10973 14039 637 3910 11086 878 3786 533 2188 10804 2327 1050 14077 6242 12600 32 2611 9116 14996 9838 6432 12619 1538 1916 1028 11578 6098 617 12853 6929 15362 736 12578 7666 7641 13455 8637 6326 2693
1441	
15193	7253 14619 7387 14039
540	2046 2478 15957 3217 7788 10879 5143
10602	
15622	7601
4015	251 5157 16401 8267 6715 9430
7830	15863
8740	
13361	7304 10112 6910 15140 15235 7788 12750 6163 4669
4736	6821 1571 5002 12701 8868 575 1692 12485 70 12818 13788 3891 2895 13045 5499 9137 2600 15261 3335 13992 2145
9937	2128 3762 4197 3715 2283
8456	7986 15360 164 8041 5440 5131 15253 11143 11085 7118 4200
16443	392 1242
7136	15907 5203
15896	9908 7919 11390 12564 10357 222 8256 10841 8901 16471 869 7319 11937 14514 10517 2458 6066 14639 6821 3172 12659 9614
7351	11103 13773 11174
15682	3420 653 7788 12858 14040 473 14039 3549 3559 4847 14517 12545 13090 5657 2283 6575 292 38 11085 14461
3440	10619 10981 11198 5358 1501 3285 10790
2752	14474 9590 4011 16014 1802 8035 5969 1810 2722 588 3709 636 8237 11459 3715 13090 2283 14787 9430 8253 14123 6163
5300	12485 8449 3016
1296	11656 2984
2028	
14160	13788
2493	
8352	3918
13073	
15314	
12976	5203
4790	14039 13307 14721 6315 13621
16494	6224 6424
5446	
1245	9290 10146 16010 1707 15155 1509 15241 15973 2445 6804 16005 3617 923 13046 1933 8742 2295 16193 13982 7914 4152 2699 13384 13573 6111 15907 14327 2015 3296 679 12300 4503 3388 7549 2584 14020 13747 12797 1390 15543 1152 372 1491 11298 3812 8029 15767 16465 12609 15898 1464 5905 6275 14820 4858 12794 643 7111 11773 1668 4710 15473 16031 2575 4384 13750 1233 6211 16118 12448 2267 7123 15826 884 16503 8974 1138 10222 12120 2559 6876 432 11892 16389 2984 7575 10668 13307 10352 10965 9109 4273 5846 12434 6453 4328 8730 11629 9136 2082 10497 2643 5203 15484 3646 4711 5158 4740 1992 16374 10411 1380 8236 9725 16487 11322 5140 6224 11403 16252
16079	14606 1642
4395	
5902	
13669	2984 5050 14039 5573 5726 7822 10680 6603 10841 14529 12853 12477
12582	5726
7275	7995 7422 11809
3990	6241 13788 5513
12702	6787 13321 9590 15659
3322	6946 2892
11306	15234
4941	13039 909
11760	13651 8704 5576 13610 7364 10424
12263	
13358	13242
9235	934 13788 3016 9890 332 15819 5616 9908 10559 10918 6105 8230 10841 369 2181 8449 5114 15237 2458 16188 16049 13090
10916	4197
7613	
9368	8142 15853 4152 15091 15268 13982 2043 7257 5203
10375	
5349	
16484	8157 7788
8321	
4850	15654 179 5003
12907	14748
12747	
15339	8810 16456 11979 11112 10630
4426	
10580	
1537	3366
7105	13528 2032
15135	643
7404	
12186	10792 5653
400	5372 15786 12600 1881 2913 4465 7337 15362 1089 15952 594 3037 16054 7652 10973 10470 69 5455 9349 617 4231 1896 6541 8170 7665 9830 11086 12062 15033 8254 10250
10248	9572 6216 8253 15928 9890 16542
9045	7788
15994	13132 4398 3670
4849	4046 13788 6521 2458 14957 4330 5472 8385 4821 5499 4226 7482 4603 3755 2762 2996 2224
3916	5620
2745	13347 10559 13788 392 1446 4821 5499 6737 12885 6521 3511 445 10841 6105
1	3436
9532	7015
16356	9980 8431
7163	4561 9980 4603 2344 14719 1457 13307 10841 5901 9374
2122	6133 3464 643
9288	
14258	
5214	
2875	12852
9696	1838 4153
6493	
4032	6487 2571 9529 3737 9459 8545 5548 6320 16045 7346 16228 4719 14931 16461 7431 8007
2973	
8879	
14094	15568
15495	512 11198 10619 15721 8693 11632 1501 3559 3510 4494 6833 15091
7019	7176
6540	
1216	2094
3376	
16092	11493
13171	
4422	
6676	
1557	
12122	2126 9487 9989 2458
4876	
11738	11198
455	
925	
11839	
15960	11198 9361
9701	13039 14517 38 909 7060 11085 2283 8258
12216	14244 10841 2116 4469 13090 978 15701 10981 461 10032 4694 15721 8431 2029 9590 6910 9543 5778 16542 4669 1501 4847 11979 13889 10540 3285 4594 12107 10619 5993 1581 462 16014 814 2722 12022 2283 8509
344	13034 13676
3346	
3337	6603
6241	3990 1571
2593	9662 2458 62
10296	
14552	
15470	
12886	10097
14520	
3806	
5355	15532 15494
7839	
6420	
15050	4841
5262	
4676	
8523	165 2476
9527	14550 12537 8308
3530	5143 4331 8157
3545	14039 4306 7111 8385 3581 11971 11409 5512 3670
12472	
14612	
895	683 7233
14696	462 12477 8537 12815 5018 13377 8841 5428 8737 150 6815 11064 5563
6602	
14517	10085 10538 10357 8509 4652 15873 3559 5969 5131 15780 9567 15091 13039 14787 6742 9701 8237 15253 3217 251 4031 15701 653 909 14039 6402 5428 9679 1823 8736 12338 12059 9370 38 11143 11085 978 2521 164 2283 16542 9445 15682 6163 9589 11603 13090 15227 10981 10879 16475
4178	
8486	7788 6787 3783 12059 8112
369	5669 7118 8326 13039 6207 1359 11632 8237 15091 10619 14268 4469 4494 10879 14220 12059 8509 4847 16542 512 2209 10790 6742 9890 3510 1472 251 5114 10540 11603 9235 13780 2469 5206 5198 565 13788 8385 1500 15253 6482 5273 2159 11934 4033 4446 7515 10981 15780 10014 12255 2283 7319 14585 13090 3114 12338
12418	3464 1027 12408 643
6862	
9862	4949 15523 909
440	828 7788 2283
5513	9651 16432 3755 5114 16136 10308 14017 525 575 14813 5620 6820 15367 5616 8385 10935 8643 6030 13717 13788 5499 2458 15944 3990 845 3060 11971 2283
11569	5561 11373 5405 7788 12264
8502	
6907	
4487	
914	15833 3268
8227	2956
9658	1501 7515 15091 1359 10450 9535 6955 5341 10981 7269 10879 11143 13039 15253
351	
2549	
10559	14269 7630 13717 8449 6485 2458 15131 9890 15284 15863 2762 4603 8132 12485 12701 6105 4821 6737 13193 9235 13788 4330 7568 2968 6151 128 2745 5499 7364 16391 16364 11603 4948 8385 7482
10389	4251
1368	9372
7665	12944 8512 16054 4465 400 6541
5871	
9329	
2098	1064 7680 7169
11109	
4873	10182
5112	2571 9529 16045 16461 5743 11182 6107 6418 2659 7346 967 10028 11127 15746 11208 3737 3587 14931 9571 14998 1110
11828	6487 9571 13307 2283
12084	6487 1999 939 3775 2571 10782 15746 5548 11118
12658	2181 13788 1000 16226
14770	1222 8738 13673 8320
10862	
5493	
11387	10028 11148 8692 2297 15746
375	
941	10964
2955	5151 7355
2393	16198
11202	
3958	
1551	15116 8267 8642 9728
5434	
13215	10090 12557 7356 8737 8148 1588 16077 6603 13319 1064 5208 14908 12920 9903 7822 5018 12971 462
14895	10346 14086
2085	10735
14604	14957 7856 2283 16465 5203 5726
8546	
2992	5463 10199 4841 14840
16145	13242
1654	5891 5580 5143 11886 7788 9370
16252	2643 14973 10411 1245 2942 5203 4273 165 3296 13471 7809 16465 14789 1595
9905	
7265	16120 3911
11707	
14698	
15656	4970 8243 6207 7566 10841 11632 10930 10680 15721 302 9813 15701 13045
8839	11696 1443 6413 206 8385 11680
879	
16274	15957 567 7788 5282 9882 8157
9072	462 16042 3406 700 14799
6479	7515 11525
12474	890 8093
4933	643 1491 5203
13984	11556
77	
11114	6692 2843 1877 14719 8738 14969 615 13673
11923	12666 332 2458 5114 5499 13788 14950 9890 467 726
15828	2495 3408
9844	
3329	10032
11264	
15743	12766
4328	15594 15091 795 2942 13384 1245 12434 8167 5203 13090
1139	5620
8114	9529 2571 16461 3179 11159 10028 14931 16045 3737 6888 6418 2961
9261	
8142	6068 8024 10713 8974 9368 3576 1529 8122 13982 15091 3251 4152 15126 7975 9255 9136
5543	6947 9520 12853 6659 6224
14603	
2438	12372 10795 14903 2971 3629 13464 15928 2826 1098 2984
9170	1713
16008	
8904	3342 15085 4956
13713	8191 16120 15901 2937 8745
15255	643 15091
2076	
8986	12873 15120
12815	11409 9934 10090 14696 13448 3406 7056 14164 462 8046 14799
12324	9322 14615 6426 13681 13875
8267	5708 2939 11895 9445 7253 9370 14106 8665 3735 2968 8173 16211 13673 3243 2873 8279 1551 4015
4801	
10981	1104 3440 15632 7601 10619 7850 13780 1359 10879 3559 494 1501 11143 3675 12071 12216 9658 512 11763 613 9373 10986 14822 429 13039 14622 7118 6554 6786 15360 4494 9567 1686 13132 3285 9543 7986 13211 2029 11632 11198 11934 2116 11379 6216 12056 13981 462 8187 3217 8274 16324 7515 369 4772 6517 4031 14039 12059 13009 8567 9562 11530 11133 3524 14517 11085 14461 15721 38 10790 9230 15253 909 14638 16384 156 5131 12858 7060 2283 1759 8642 8449 14593 5573 8112
7671	
1634	12386 1759
2151	3301
4296	7788
2647	927
3908	2692 6634 5891 6013
3069	
7654	4884
5760	10308 14621 8738
15736	7788
9006	12853
7732	14883 5648 15337 11971 5499 10841 15367
13399	15091
18	8007 1804 14589 16461 3779 9529 16045 8545 10794 10028 9459 4719 3737 4199 2571 3587 2994 9571
8164	9804 12033 3258
591	
11130	
780	
1346	14312
7388	
11180	3450
14934	10841
11863	
3811	
1674	462 874
10452	
13773	7351
12138	2299 16188
12473	2517 6772
8912	8004 6772 2524 8567 7560 3677 929
4589	
10040	
8094	
7227	
15022	13234 10028 16045
5901	7163 14342 10841 2283 8385
7726	14244
10004	
15100	
7515	10508 8925 9658 16384 1359 4494 1490 10879 481 4989 12834 10981 841 11380 9435 5628 8736 16065 14908 6479 3217 11525 9567 14618 369 4858 9455 1477 10790 10324 14131 14268 12059 5200 15796 13522 10229 978 14244 12056 15279 8319 5440 565 1381 9865 462 15116 1472 8772 10828 7767 15841 11085 2283 10356 4080 8733 12346
11221	7630 6485 13844 10841 4330 14342 13788
14365	2283
690	2145
8742	7575 1838 4306 3941 8184 10716 5203 4521 2286 462 1245 3617 7158
13528	10090 7105
4253	
10499	
14821	
3523	2526 5356
2307	14101 14529
9673	13778
2249	10715 6705 11628 575 8191 3828
12607	
12253	
6366	1064 14529
1906	3705 3401
13021	9934
13384	1245 12794 6804 4328 8236 5203
16415	
15923	1751 3629
10280	13673
299	13872 2514
8805	
2270	7788
8618	2984 8956 1177 8665
7290	
12569	
13121	
4874	5203
2328	12129 10199 5514
14718	7390
844	11133
10041	13895 10980
3065	3490
12347	
2432	
5761	6662
14173	
3633	
5812	
5076	7107
4775	3666 15746 13090
14957	4849 1217 10055 7469 1177 6910 3808 2923 11671 11013 13996 14604 3657 6578 2943 3274 5074 6620 5726 14613 7855 3766
11011	
2149	9349 6541 1896 16054 15952 7949 4465 9539 10120 13003 13133
2722	15179 6748 3449 2801 14349 9543 3119 11516 3167 814 6207 1068 14787 2244 12216 14838 13090 1477 3715 4725 9163 8364 7509 2752 1034 6277 7826 6163
9186	2458 12485 9042 14244 13788 10841
13125	
9548	
5610	7212 1561 179
2094	1216 12701 9256
15503	8086 14445 8949
2089	8207
7068	7788 10069 5405 9352
5573	2031 7299 7411 10291 10250 582 9579 13090 9571 5203 15455 12450 10575 12477 3157 13669 12659 5050 2394 4197 13587 12571 13403 8236 14812 14039 10981 2984 12853 10790 5726 9032
6700	14338 11409 2144 5018 8737 11064 10090 7788 10808 12971 4498 15753 6932 4434 462 14799 2032
16515	7142 6964
3018	
8163	3562 9500 4465 16054
11471	
13966	512 13749 14593 6554 13039 8509
4	6603 3863 4979 462 7080 16108 1064
3465	11322 15283 5203
11804	
11394	5086 8279 7047 7788
14471	7141 8046 11694 3203 13293
15987	2201
4076	7855
11112	12581 8287 15091 4847 3510 13039 8698 12894 11321 11309 15339 16401
585	6772 979 8435 9332 10952
8390	14529 9573
13367	10652 12827
2486	681 7203 10370
6262	
3627	
9771	2497 5033 12827
1341	5203 6938
5071	11163 15746
7056	3033 11409 12815 13454 6218 10090 10633 7141
2871	14981
3584	12581 11934 14350 8810 13307 13039 11748 2283 8682
7066	
13219	
6013	5561 12264 13321 1290 4279 3908
5879	
12920	7822 8737 13215 5018 6603 10090 11797 14120 14799 1759 1064 462
14575	4234 13788 2458
9499	
2049	
6452	11409 13112 1708 7674
978	12581 14347 12216 3559 7515 4847 10032 5131 10986 10879 1486 14517
13036	
1910	13547 16011 14039 2283
6589	8545 10028 149 16045 3737 9529
13012	5514 6163 3715 8360 5298
5723	12821 2245
1530	
13733	3779 9459 6188 3737 2571
5199	
5336	13788 5499 10841 4330 9890 6331
16120	7265 13713
14190	8157 7304 7788 5126
13048	6410 15366
12265	15237
5973	12520 3800
15785	3925
14250	1499 11749 5514
9429	
4821	10559 4330 2745 6599 5499 1457 7568 6485 15237 13717 7482 4849 3934 14017 15075 2458 16049 2283 13788 10534 9890
9357	5643 16188 1810 9230
6565	14259 15599
14721	4790 13196 9430
14669	3502 15721 7601 16455 3918
10063	9908 1684 903 4420 11600
15382	2254
8719	
10633	7056 9903 462 11409 5018
3230	5114
10046	2961 4197
13277	9454 6805
7499	
7431	14931 15117 4201 3747 16045 16461 4108 2961 10028 4032 9957 8605 14998
7277	
9738	6471 9733
14435	7788
1475	16432
7001	13788 10841
14335	
12056	3217 15091 8287 4494 15721 2116 10879 4130 512 7515 15780 10981 8110 38 5117 15253 1823 7060 11085 12338
2759	
5864	
1457	1064 3456 251 4561 1823 4821 15887 10575 9890 4033 8112 8237 6402 15116 6786 15873 8433 7163 473 6454 1098 13307 8377 7118 14799 6224 3468 6482 9370 7822 374 392 3114 13046 11085 8253
14998	4333 10782 2191 2571 3317 1677 16045 699 4199 14997 4902 10028 6223 8545 9066 1999 2994 5548 11118 1642 4714 1137 11208 14931 862 11182 6487 12975 53 5112 9571 8755 8825 1159 4258 4100 9 2934 9459 7668 15746 10934 12172 5675 3587 664 7431
9733	13788 9738
12553	12251
12893	
524	13788
4804	
15270	9087
8844	
151	12386 5716 7461 3677 9804
5309	
4733	13673 2984
11819	
12967	5514 4822 5066 8360 5298 6748 7145 8040 5463 4319 11031 13307 11054 6277 9652 8364 11401 13240 5074 2244 15841 11736 2984
16453	
13876	11054
15377	3876 9087 13788 473 10841
4440	
5720	14327 5301 9020 2890 13471 12794 1992 5203
10142	14415 6730 16172 3042
7597	251 9574 2145 7822 3434
10935	5694 15103 16191 14841 5513
4673	5559
7080	6603 10090 7822 5143 3863 12971 7356 8046 4 15873 462 1064
5155	5203
2591	
11372	12052 8737 5842 11996 5018
10133	6160
601	7882
2253	
3779	13733 16045 3737 1642 10028 6227 8007 18 14589 4199 9529 6487 2571 9571 5283 11182
1014	
3142	
8796	7788
16276	
1994	3137
9604	3345 10879 2324 2968 14986 525
10954	12915 7788 15272
4771	14212 1430 10841 9230
15646	7788 1552
13336	5725 12062 4465 16054 6541 7855 8170
7912	1905
12827	12523 9771 15091 7106 512 7698 12971 11007 5033 174 13367 14069 4501
13348	
13742	4007 3357
9546	10662
9539	4465 7949 2149 6541 9509 16054 13003 15952
15725	12343
2707	
16261	
9243	3051
6654	13250 240 15150 2786 13788 13765 29 12066 4898
7470	
6902	8198 16084 1526 9804
6209	
5955	7142
3282	
9580	
9319	
1369	12067 15156 6174 6163
11994	4374 4760 6216
7343	
4812	
15701	12581 12216 13039 4007 4494 15656 15091 13940 14517 12022 3510 6910
14085	
11602	9013
3704	5620 62 13788 9960
3592	10680 5499 12485
11501	5969 6224 2984 8187
10923	
872	967 10226 9529 3737 13132 16045 6418
9692	4494 5143
7803	15903
13637	14841
6178	11409
6126	8782 14854
15423	
11977	
6691	
15117	14931 7431 6418 16045 4108 4333
9895	8641
8682	11934 156 3165 1823 3584
10901	
6795	6224
7111	3545 3371 11909 5203 12434 1245 12477 7809
1784	8449 6467 7544
10359	
3643	
787	
3653	12074 2525
1564	14040 653 14621 3549 2530 4847
10715	2249 16272 14950 8666 11692 10834 2937 1942 8191 3289 15901 5143
11516	5514 2722
11733	
4950	
8821	9454 8607 10370 5348 7919 4858 16220 13307 5145 7728 13981 5070
7214	
6705	2249 8449 9432 12541 11279 2458 8665
574	
11766	7788
12828	
7790	643 8730
13640	9214 12719 13788 10841
9035	
6240	5203
8433	9903 10090 6815 10324 462 4858 5018 1457
706	
11466	
5332	462
6099	
12608	
5673	
11351	8496
25	2220 7871
3060	3016 11937 5513
2685	
12688	5734 3464 15618
2694	2692 5891 15451 2767 6109 5202 7788
16272	10715 15901
8299	
7195	
11133	10981 844 13039 11293 13889 10232 8274 8915 10085
13758	10357
16380	
3165	13090 8682 10983
14366	3464 5203 14120 4152 10540 15091
1034	2722
12193	3629
12627	10619 11143
7727	
7932	3752
211	
5988	
738	
16189	
13459	5203 14775 15091 2643
2187	
1642	3779 11726 15576 1137 2031 16045 283 3737 10028 967 15813 16310 15746 9571 9459 6320 10416 8187 14994 956 14998 15624 1955 2571 4199 13240 16461 6224 8007 16079 3421 10230 8731 962 6163 6487 16135 2283
8608	11409 462 11404
16061	
14713	
9568	12345 3198
9386	14529
14122	9460
4699	
12483	
13530	11208
2138	
12724	
5828	5392
2515	11015
1834	
3588	
44	14621 4494
15777	4465 16054
12902	
8905	5203
11836	10920 5203
467	13788 8385 2458 14485 5499 15367 5620 178 11923 845 9908
11052	
4122	6603
15972	
1477	16504 6910 4858 7767 2722 7515 10790
13550	677
14660	16532 7356
332	12889 9235 11923 10540 9980 9890 5114 15137
10497	2267 16465 12434 713 1245 6725
2246	
14695	
16309	
6727	15746 9571 12975 2571
4144	6912
7417	7925
16161	
8110	3357 14239 12056 11845 13657 2283
15590	6271
15693	
11020	3379
14492	
14342	8510 481 8360 3892 3934 14902 11744 2996 10508 7630 3418 15237 554 7555 11886 1924 8309 11221 16442 444 5901 1555 15599 12853 8385 12255 6947 13788 14422 13990 7822 4847 655 1112 15235
8560	7319 8243 10841 11943 15175
8442	
717	
14315	
7719	
13147	7788 15930
1796	5203
9060	5203
7778	15091 5203
5454	3896 13788 6563 4095
14186	1242 5217
7695	15260 5143
27	14226
16512	
16119	
2881	5203
4892	13189 12126 903 4195 2646 634 8666 4420
8761	8364
6218	8652 6910 3770 10090 7056 11409 8431 1462 12799
11917	
8200	5499 9389 13435 9908 10892
14793	2143
10581	
15952	4465 10790 2149 3186 4231 10367 400 4435 5725 1896 3562 16054 594 5455 5726 736 15368 6541 10120 9989 6667 5283 138 12853 2188 8170 1050 13064 9539 13003 11086
10370	9989 7728 10291 5348 14986 8187 7788 14511 11409 2486 12853 8319 5283 7304 9980 5145 15091 4197 14039 1013 8665 5428 0 2886 10324 458 6799 15965 1759 3696 10790 13981 9562 6603 8821 11530 13307 8253 11379 16220 16054 5203
11282	
13557	11567 392 12372
6622	
9290	643 14020 1245 5203 8730
15644	
9661	15827 5666
10833	14362 5727 10841 13990 16401 5143
2077	
13832	10357
6465	10686
10393	
1307	284 4462 12209 11208
16464	13788
14922	13996
5702	7864
1633	
14318	462 3946 6815
6922	
2978	
9454	16000 12485 8821 5187 179 14841 12721 16282 2458 8607 4603 7568 15367 5499 13277 10694
3713	
12637	3611 15723 10282 8795 12525 2889 15046 6820
14720	
16077	8348 8737 5018 6932 12971 101 7721 3946 462 11409 6435 254 4635 11064 14338 16541 6603 11565 14799 7356 14244 6815 13215 10090 14529
7506	12794 5203 10540 9164
11654	
14176	11532 10539
1184	
9877	
3090	7533
12699	10357 7788
15413	
4859	
7371	4136 8798 6485 4323
3657	8935 14621 14957 5726
1029	
5868	
1940	
9790	1460 7788 120 9430 16540
3559	512 11632 2116 6144 10619 6742 12107 11143 15721 8873 11198 6371 10879 1381 1188 7850 9567 8315 3925 6207 2029 1501 5131 8237 7822 15495 16542 10032 14000 15091 3196 4494 12022 13090 15360 13039 14039 978 1359 14517 10981 14504 3510 15682 9679 909 14177 14322 11085 15873 6163
154	10265
1655	
13771	7788
979	13556 585
7532	
9115	6567
12613	
3332	12514
2172	
4299	
15234	11306 11925
4423	15091 4571 1018 5846 5203
1215	
9903	2984 8433 10633 462 5018 13319 3946 11409 1819 6815 4636 2421 2145 14111 12799 1115 11732 12853 1544 12971 13215 4858 11437 11726 6603 3114 5420 10090 11854 2223 12728 14799 10816 6715 11379 14719 11797 14511 7822 3863 13377 10451 11689 9016 8737
1113	
6554	11198 16542 1188 11143 3024 2283 13966 10879 5379 10981 10986
2604	
8023	7185 11873 9630 9989 878 11530 9496 5283 2530 13245 462 2283 12255 16049
7113	
12476	3308
6223	6487 14998 2731 9571 2571 11208 2994 4199
13180	
2767	2694 7788 5891
12318	
16029	
4513	
2691	
10567	7031
9145	730 5086 16401
10481	10879 8258
7143	
4450	
1605	1242 15174 15833
10374	
8755	4504 14998 3179 4108
7741	5428 11724 14828 13090 2771 2230 14039 12681
6373	7915 8336
12463	
252	
9400	15508
5400	
15396	
4156	5018
857	
16440	8518
248	
11373	15235 7587 1639 7788 11569 2283
2749	15091 5203 11012 15594
160	
2430	
1492	2564 4494
9830	4465 16054 400
10023	11405
163	
3156	81 2729 5216
10182	4465 9487 8512 7135 14118 4873 4640
9805	2643 4273 5203 14474 1152
7012	
5595	9322
10906	
12740	8695
15532	7094 5355 9777 10986 10431 3217
9681	8429 12343 5583
14806	
16250	10090 4138 1064
14139	15451 2618 15028 7788
2994	14920 14931 7668 6806 3587 11127 8825 967 6223 14753 14589 4462 18 517 14998 8130
12552	
10264	7862
210	
15126	8142
3670	10790 3516 12666 4197 4398 13132 5428 7469 11530 16401 2984 10841 14039 2643 2458 16047 6008 1374 3545 4411 6163 15994 14362 4027 2283
1122	14135
559	1064
15647	
14626	
9506	8298 15053
5072	387
13023	
2427	15819
9345	6511 8162 6833 11198
8882	10517 15086
6412	6188
15005	11409 7332
11280	
4538	
1290	5143 7788 2939 1733 15140 6013
11719	10060 3942
486	15299
10013	
7115	5203
6852	
11550	15930 5891 7788 9513 13321 6634 5143 2283
14662	
14358	8622
12961	
16207	
12913	
2244	5066 13753 12967 8303 6277 15873 2722 11031 15841 251 3715 8305 11305 4641
14458	
6339	
9460	14122 8309 16188
14854	8381 9711 7040 9099 6828 6126 16086 10399
11208	7368 12257 2571 7346 1677 1307 6223 11235 7377 9461 14882 14931 14998 13530 5112
8019	480
9662	9908 12885 2458 6737 9767 5767 14555 3882 10790 2593 5643 14427 6579 9890 10841 8117 13788 9087 4767 5980 1942 16138
5978	
114	4884
8830	9908 6820 6485 4136 13788 13610 16049 2458 15237 14244
3918	13039 14669 8352
11234	11886 14843 3432 14039 9579 120 2280 14656 7304 1514 2771 6163 1686 7783 5503 3157 5365
1304	13788 6597 15237 10841 2458 3631
1233	1245 16465 2643 5203 8167
11648	
3681	
5584	1064 462 14529 10090
2721	1431
7740	
11411	15091
14469	
13123	
1788	
9315	
10846	
6324	3217
16450	
14621	5030 13179 15640 12358 3122 3114 442 206 1552 44 4766 13132 9520 15265 3657 9993 7033 6854 1087 223 6491 4985 16504 6295 11529 10816 15116 530 9455 1924 1564 891 13194 11873 13047 12914 7485 1115 9865 7230 10053 13388 3371 8512 4095 8940 7672 2932 6374 3033 9572 7862 4858 2827 10291 9980 5069 16474 8901 1424 6692 5919 3467 5302 3891 8863 1331 6105 12661 5760 2031 2968 7566 14986 6910 716 8372 10568 4197 8315 10540 15091 6383 12485 4267 2984 481 10067 643 329 5492 9901 13090 15139 1701 69 3667 4207 1657 13368 11726 2971 15237 8024 2324 917 5588 11886 5428 3456 2600 6066 5725 3881 12640 10790 3198 3739 251 14504 11129 8738 7244 6188 2473 2917 2421 8051 8256 11903 10230 15746 6947 15273 14081 4640 462 14571 12564 10583 10239 14719 1686 14131 9163 10166 9890 11689 14710 14983 2999 11937
571	2458 2059 12821 13228 10619 9890 5070 10286 16136
1151	
998	
15462	2939 8231
7551	2458
11633	5805
11761	11198 14177 15091
7013	3003
3792	
12728	462 9903 9242 7141 10090 13338 2283
15525	6804 5203 8730 13747 12794 15091 2575
11811	13387
14097	498
15467	9199 13788 1629
6896	
4358	3767
9516	
4327	10465 4108 12458 10071
5320	
3116	1385 2458 10841
5043	
6581	7822 251 9370
6531	12571
11628	2249 10556
3607	11409 7141 10090
4635	227 16077 10090 13377 9106 3946 13319 6603 16037 5018
6287	6772 10636 12386
11588	
9066	15625 6696 14998
5095	
126	1415 8248
12041	
4419	3946 3863
11623	
2143	7788 5143 14793
3180	5283 6224 2984 16401 9989 11603 14230 9370 13307 13750
14816	
5345	2984
7811	6888
6426	14841 12324 4203 8315 9322 11971 13681 7063 2458
14994	1642
15771	
3733	14023 11736
10236	
6235	
15979	
5230	6900
8787	15746 14931
9052	15268 15091 5203
12047	3668 9686 16461 2571
10554	1313
9871	14312
12847	2283
10964	14127 245 5499 941
12107	3559 12216 11632 5640 10879 4494 11143
4539	1286
12574	
9861	
14307	1064
4501	12827
8585	11530 6030 16030
7586	
15911	14931
9589	14593 6254 16542 15203 10450 12858 12338 4031 11085 13039 5131 10879 12581 2283 6742 14517
9781	
12908	
14785	4306 15091 5203 3844
2674	
13344	
7180	11515 8508 16346 8385 7153
656	4071 13788
10286	6910 3629 9722 575 178 4071 2829 12485 2650 9321 8449 11971 11291 2458 9890 11279 387 5114 707 6993 9322 13717 5499 571 12372 12583 12701 16539 3954 15237 7398 13788 1751
10403	11692 7964 6563 12889 5267 178
14850	8665 5003
14898	
2123	7855 653 14039 2283
4485	9798 14362
8994	
11186	1998 971 15692
36	1264
15323	2239
1112	13788 14342 4330 2622 8385
6850	
14542	
6041	15091 5203
16539	9890 10286 13788 4969 15237 14244 12885 16049
14692	
5373	
7749	13391 13788
9705	
6482	7702 8112 15568 5428 9630 1457 11085 15195 15115 462 3123 2283 14039 13090 1098 14656 15922 11603 369 2145 15873 251 11886 2907
2572	14110 15091
15320	462 5018 11689
7992	9908 15367 4995
9416	7788 15312
99	
10836	16108
10672	
15974	
9097	1759 11689 4902 2283 4166
7242	5203
132	
9667	15998 10549
15884	
12766	9435 8509 15253 13039 15743
1871	
13476	12007 12537
9987	13188 3199
14404	
6439	
12885	9662 12485 10496 13788 2745 15746 13717 4698 1446 5499 16539 5643 2458 13440 10841 16049
7587	7788 3259 11373 10308 5126
9832	
14374	
9810	
3949	
4471	
13759	6833
175	
15510	
14932	462 8737 7168 10790 481 6163 14244
11545	
16153	9749
6836	13039
1968	4858 14039
13391	7749
7538	
6969	15091 5203
9266	
6573	9980
6059	1751 10412 499
10562	
10445	
9856	4465
16310	1642 14589 2659 2571 12975 7346
3412	13788 11644 5081
6467	1784 4330 8385
11321	15175 11112
8632	12523 3163
9322	12324 6426 3629 11971 368 13681 4884 2458 15928 13610 387 8449 16188 13875 13690 9729 2984 10286 5595 14841
13610	5114 11008 11971 8449 9322 2458 62 12721 2650 8830 15185 13307 13788 6686 5499 845 8643 10841 707 11760 5892 13717 14244 8385 2283 9230
137	
3220	15465 6772
15538	5203
9894	10090 462
14101	7706 2307
916	7788
1554	
3788	10876
169	16054 6953
15861	
15594	12794 679 9934 5203 8029 10146 7575 643 192 6804 16001 2607 2749 15618 4806 10222 4328 884
11785	
15012	13090
12356	
6891	
12651	284 2571 2569
7243	
3589	
8432	14246
1230	7788 10351 15140 11393 9034 2598
1384	
11183	
564	2458
5441	
7287	
11424	575
5608	6786 3456 2324 4197 1802 3881 3598 14244
15844	
1816	6030 2458 13788 13500 5499 3755
3285	10630 3440 16011 2283 15091 10981 2029 5114 12216 4772 512 11979 14516 10986 2758 9679 5640 7986 16401 11085 6910 861 38 11412 15253 13090
4740	1245 5203
4927	7581
511	2046 5143
13894	
932	
9106	4635
8534	6603
13827	
1318	11989 11042
3910	16054
7375	
5404	2731
16527	13245
9025	2420 5379 429
10366	
9540	9954 9890 10749 15819 2600 2789
11883	6696
11564	
15611	
16111	
4585	
1381	16129 10986 3559 4494 7515 15091 14822 15332 13090
8102	
4247	
5679	4396
10958	
826	
16445	
16510	6418 16045
4641	11736 2244 11305
12250	10879 3217
16216	2201 677
3998	
4484	
2050	
10652	13367
2864	174
469	12818
8073	6696
9747	1064
5329	
9495	
5181	9946
4415	5203 294
9920	
5406	2166
13802	
6053	
14868	
16081	
7555	8385 14342 2283
5631	6772 2132
5301	5720 474
14775	5203 11974 13459 7915 11793
13410	8528 12074
7947	
11476	
898	14589
10645	2072
2018	8372
8779	
6185	
7377	4333 11208 6487
14979	
13086	11270
86	
16044	8449 4071 2458 647 11008
10437	15465 13836 730 2984 4529 4758 2696 7186 3147 10636 6224 8143 6772
432	1245 5203
6207	6833 11198 12930 494 15091 3510 1809 3559 369 15656 2722 1810
6927	4330 10841
2616	4969
15261	8749 4736 2458 13552 5620 5069 14883 11971 5653 4071
12039	
1782	9445 647
9069	
11291	11692 8449 10286 11758 13788
7014	11138 5203
220	8064
12696	
13818	
6667	4465 15952 6541 15091 16054 8254 13003
5580	3259 6787 7788 2471 12059 1654 15975 5726 8808 462 8935 6224 12795 11409 3783 12264
15465	3220 5325 12386 16084 10437 3473 3516 8143 5146
5477	
13567	730
14372	
14807	6251
15412	
4921	
4765	
11797	13377 12971 6603 3863 13319 9903 10090 12920 14244 9253 1064 481 7822
851	
4306	8742 15091 15176 3545 5539 14785 6163 11409 10454
8088	10540 384 11200 6603 13307 1064
1510	
3242	
15059	1064 462 14039 8112
9391	4007
15260	7695 14741 2458
1395	
6632	
8255	12722
7138	
3010	
15156	7848 1369 6623 10695 462 891 4822 14529
12337	
12910	7003 12477
7162	7788 9573
14578	11971 575 5643
13241	
4069	11907
9461	6487 2571 11208
14724	
1137	16461 8007 14998 1642
15351	15068 8665 3123 251 2256
954	
16364	10559 575
9780	
2592	8577 5725 16054 4465 5424
5759	5333 10090
11136	5138 12762 8303 11203 8864 12592 11488
12611	1849 9245
9222	
9086	4465 10250 16054
9437	
6138	6772 13836 6224
8777	
16478	4625
9976	
14996	16054
10199	5514 2328 2992
5989	
15267	6772
8712	
12378	
5941	
894	
7446	
3203	14471 8046 462 10090
11594	
6058	
11910	
5335	
11713	
1717	
5459	
1473	
11947	
679	4152 1245 15091 2942 643 3464 2927 15973 12794 12681 5539 6947 13471 5203 8974 15594 11403
8640	7788
15841	8360 5066 11101 5074 14321 2244 5514 5143 7176 4319 8972 10762 15873 11603 975 6277 8305 12967 7515
2735	
13250	7882 6654 4916
10912	2136 8187
8765	
7988	
15577	1242 13788 9630
4162	
9704	
6116	
14973	16252 5203 165 4273
4316	
13211	4992 16462 15917 10981 11085 11934 2283
9541	2029 10957
1460	120 9790
7775	9918
1676	575
240	6654 4898 29
11415	
12514	9259 3332 14619 1242 9346
4082	15737
16433	
3965	16401
12462	3464 15091 4017
8600	15091 5203
1274	
9093	1677 2571
6486	
9770	
7023	9571 8825
14622	5805 10981 15360
266	5203
10579	13788
4210	
4726	
10733	5734 15091 2890 474 5203
1279	9890
8674	3481
15258	5463 13240 12087
15618	12688 1027 3464 7575 15091 8738 15594 5203
5987	
10940	
11748	4091 4011 3584
513	
854	
1876	
4357	
5881	8157 5143
15386	
4483	12415 6431 15235 7788 12264 11886
3284	9909
13060	
12478	7788 16178
242	12481
13786	9890
7942	10090
3645	15002
6046	8665
13685	
3299	
11485	6061
15099	
4685	
12012	9213
11327	5227
14824	
8446	15091
10361	
5409	
12535	10468 15268 12992 15476
10167	
10737	13788 8385
2532	4494 1484
10739	
10976	
2730	
12723	12477 6087
3707	
10983	14781 3165
3264	824
14311	
8947	
14224	
13301	
3630	
10834	7895 2324 10715 10451 526
8802	
10821	
1949	8144
10144	5203 15898
11251	7863
7260	
9422	5364 4026
7820	16194 10662 9520 251
8741	
15697	
12813	
9971	9432 5114 4767 5530
10512	7033
7381	1404 14736 13107 1813 15873 5643 3667 13788 15739 6345 14244 1751
1128	8914
7478	7525 5225 15831
3621	2762
16199	12537 13746
8603	
1503	
9134	
1219	
4576	
13626	
3549	12581 1564 4847 653 15682 909 14039 2283 9798
10126	6167
1835	
323	
13655	
9113	
5916	
16019	4361
2528	
9670	5143 7788
4027	3670 10841 14362 12666
13209	
10648	
12977	1756
812	
14381	16049
6446	
8748	13090
11416	575 3016
12832	8447 10102
6949	4157
15172	462 10090 1064
10634	9430
13247	
10994	
910	13788 16534
12460	10028 6951 6487 1999
8935	16169 1343 3657 14039 4198 5580 15235 1177 869 5891 120 2598 10754 7788
12786	16049 12477 7320 11279 16188 2299 13788 4767
10663	5203
12513	14338 1064 6603
14286	
6157	
2866	12477 5203
8123	
982	
1501	2116 12216 15495 10981 15360 3559 10879 16542 1359 13006 3440 6910 11143 1809 11632 512 4847 462 11198 2530 8293 16384 9658 636
10777	
4323	9908 4980 368 14017 15042 7371 15237 13500 2458 13788 2283 23 11085
11632	15142 15360 10981 15780 1501 11198 10879 11143 15495 3559 12107 6833 10986 15919 512 15656 2029 369 10619 15721
5713	7107
6579	13788 9662 10841 16049
3417	6831 7593 5920
1896	13003 14814 15952 6541 5050 2149 2672 16054 13777 5725 400
3135	2067 13651 14179
13766	15235
5340	7788
2533	
7925	7417
2475	
7696	7341
4123	
11396	
12032	5825
10762	8972 14018 15841
14972	
11871	
1980	
15133	5463 9700
10630	3285 15339
5680	
9335	
7248	
11537	5203
13790	
5169	13043
5273	369
4920	4013 4046 14244 14362
5659	
2945	
4261	5203
10591	
14386	
11329	11143
1092	
15689	10713 7915
13387	11811
2087	7788
7533	3090 15298 9230
5249	14931 16045
8217	7788
11517	
5298	15873 12967 3715 8364 13012
10360	14641 16076
2709	
12668	
16066	
4428	2478 2046 2629 120 7788 8319
16324	3217 15253 10981
16098	
16541	12557 1064 5208 3863 416 6224 16077 7822 10090 6603
15849	
8734	
1992	15543 6804 12300 1245 16010 5487 5720 2942 5203
13687	
13667	
15534	8364 13075
14140	462
3914	1209
11421	512 4494 5951
2176	462 5191 5410 8759
3761	
2232	6418 6502 5436 8739 2458
3773	575
5053	7132 1484
9630	11530 9445 6482 11390 7568 4561 10647 1534 11937 3709 2283 251 5402 15358 2458 11331 3881 8023 13788 5418 6521 15577 14511 15568 8385 3122
13572	15408 3629 4875
3624	3510 5884
11539	11143
7403	
5233	13414 5203
3186	15952 6541 1089 4465 13003 16054
534	
495	
9839	7568
10911	3946 13043 16038 5726
8956	8618
2127	8157
4638	16193
15826	1245 5203
13163	
2262	14805
8693	512 15495 7601 11294 6833 12523 1188 4071 10619 4175 11143 11198
11003	
7010	
11802	
16486	
2318	
9697	1999
8945	5653
3991	
6825	
15445	2834
15264	9214 13568
3328	
9332	585
14538	
8788	
11253	643 15543 12448 5203 5422 1491
2096	
15669	
2612	3336 13788 10841
15885	5203 15091
11515	11749 7180 5514 3449 7953 8040 8864 2801
6583	5203
6353	
8387	7048
12251	462 7822 12553 7442 16038 11409 5842 1064
9858	
11998	13747 5203
5734	12688 5203 1707 10733 15091 3464
12927	
14161	4474 4465 16054
15103	2305 14550 2339 10935 11174 8308 5114 2966 14750
7126	1424 12007
8578	4494
1776	
5555	3373 6359 5499 9766
5064	
14712	15091
8373	
7452	
9785	4071
12858	650 16542 8509 4847 2283 11845 6118 12581 9589 10981 5428 5852 9959 14039 15682
14194	15220 10291 10067 6786 5050 527 1759 8187 2917 5499 10575 12452 5428 8236 3881 1809 4640 1374 6910 14244 2968 3456 1020 1802 8874 2939 13673 9865 11873 11085 251 1707 15631 9445 8738 14039 462
5744	10028 9529 6418 15746
5147	
4228	
9488	10743 575
15269	1823
9702	562
164	1359 13039 11143 14517 8456
38	909 15682 12056 1115 11085 9701 512 6742 15091 7986 10981 3285 14517 11143 1823 2000 10879 7850 4772 1359 14638
14977	4197 16054
14503	
3362	
11796	
9138	
11061	14451
5587	
1543	14658 2984 13673
8717	1842
9311	15723 4074 13162
547	
11218	
12606	7855
4286	
15554	3911 2458 13788 9230
1726	10027 7626 15091 4152 5203
13299	6183
6198	6618 4061
4391	
7044	5203
6677	
14084	10790 14268
5869	
3079	
13761	
5484	2283
13251	3513
2156	12466 2458
8170	4474 16304 10120 16054 13777 4465 594 15952 1412 8254 400 13336
12904	
8975	
5553	
12401	
373	
10628	
8305	15841 2244 5907 3715
4305	
16168	9890
5481	
11867	13788 4980 828 3016 5499
9365	
15360	15721 11632 494 1501 512 3559 15091 4494 8736 10981 13547 14622 9512 11143 8456
8906	
4385	5874
11035	
4829	8112 4197 8567
10876	13788 3788 9744
2785	
8447	12832
11775	
2643	6910 9989 16010 14474 16005 923 4273 8665 12853 4858 12434 11379 9725 1245 12659 1152 3670 16252 12797 15091 7031 16465 10790 9805 1233 13027 4384 14327 2267 13388 8184 11736 9759 1134 13459 11689 15999 11246 2584 8730 643 5203
9564	5203
6877	
16217	3278
11242	
1229	
8333	5203
4988	
3050	13788 10841 2458 13435 2299 5499 16049
10986	1188 8431 16542 6554 10981 1381 1359 15091 4375 795 11143 10879 13090 15532 978 11632 3510 4494 3285
2584	6804 2643 15543 5203 1245 1933 15527 13931
4795	5203 15091 643
15634	
10203	462
15006	2030 8080
4966	
546	
11742	
10421	
14572	
4528	
16304	4465 10120 4474 1412 8170 5372 16054
819	4714
13765	9068 1738 11050 6654
15200	
1963	
5085	
2002	2283 1191 7788
5100	9238 13944
4628	13890
4062	14202
15671	
6839	
11560	8730 5203
12952	
3352	7793 2984 8191
12441	
2702	
13701	
11164	
6196	125 15917
14701	
7132	5053 1567 9590
12504	
5407	5203
14135	1122
7647	
9791	
11603	16049 8667 14517 2458 1686 6482 11178 11689 3072 12853 9520 13307 2731 12581 15841 10517 369 10559 3180
8641	9895
4973	
8270	5203 11771
989	
11936	
9889	
13898	
13062	
5408	8925
1903	3594
15651	
7239	
9849	
7763	
1661	8509 156 13039
2165	
14570	2939
15002	3645
6328	
14730	
14961	
13135	
1990	
4053	
16517	2770
504	
8881	
3953	5160
6349	7411 6853 7701
4273	643 1245 16465 923 2643 13982 3945 8184 6804 14973 5203 9805 1707 1152 884 8236 4152 2267 2607 14752 8167 14474 2286 12797 16252
3224	
10130	
11391	
11963	9690
6199	
14690	
7765	12701 12721 7573
11912	
6391	12477 13240
12945	
9610	14347
6404	16010 5203
69	400 14621 4465 16054
3730	
14995	
2301	16011 14177
15042	13788 11085 4561 4323
16479	
436	
11031	3051 15873 4319 12967 909 14362 11305 10790 8360 2244 3715
11016	
8725	6687 13788 9258
13499	
12771	
12027	12477
13522	10790 7515 2283
14310	
6570	4494 13039
10097	13039 12886 15780
9507	
8005	
14661	5203 15091
15296	12581 11085
9800	
5331	
9763	
12672	
9124	
12233	15281 20
1774	7822 8187
7510	
1580	7788 8724
16483	14813 4698 7319 11331
16010	2643 15543 8029 1245 6404 8557 15091 2628 15283 643 7626 474 2984 8122 1027 661 8167 5203 7961 12434 6453 6804 12872 1134 1992
14950	4203 14777 12701 10715 3408 11409 12560 12208 14801 8449 8367 5653 13788 1738 11923 8372 5499 11666 2458 11971 8518 161 5094 14017
10699	14039
15048	
15357	
8202	
2291	4152 8184 5203 6453 15091 6804
3363	10619 11143
10740	
2319	
7320	13788 12786 13717
7844	14663
14387	
12116	5203
11106	
4746	
11710	11140 5514 3715
3300	6107 283
6336	14799 8737 462 1064
9754	
15624	6188 1642
11030	
7481	
12973	16401
7668	7112 9571 2994 2571 6487 14998
16046	
5683	
635	
6468	
9764	5203
5952	7788
12557	16541 4799 13215 11409 8148 10090 6224 1064 6603 7356 13319
14522	
9767	9662 12375 5114 13788 2458
10391	5203
204	
2560	1854 12017
9128	5825
3560	16054
13291	6427
8138	13809
10952	12192 4994 13090 330 585 3473
14347	978 9610 14593
1926	8385
12877	
15802	5203 643
8461	
11009	
149	6589 2961
1402	8112 13307 2283 1157
8835	
8158	
11452	
9369	
15253	12766 1823 8456 4031 156 369 16324 11143 12056 14517 15780 11934 10981 11085 9658 3285 13090 13780 14593 3709 12581 2283 4200
8045	
14958	1686
10941	
14708	
5079	
3414	
14053	
8104	
9513	11550 6634 15140 4586
1620	10807 4852 13039
8460	5499 9230 2458
13378	
4907	3677
6530	
8061	
13799	12571
13649	
7464	
5804	
2054	
4404	
7887	6772
3844	12477 15091 14785 5203
6997	
10600	
515	5203
3568	
11922	
7491	
2590	
15542	2029 11143 14239
10990	
11743	5203
11120	
9452	2299
3894	
92	12028 481 7855
4142	
4442	
16196	5653 672 4969
13057	3464 643 15091 5203
11727	13039
10877	
13468	
10433	8495 615 9445
273	
11897	9383
2882	
7334	1064 10816 2090
5954	
15039	
7908	5203
2038	10159
5264	
5077	
4770	
1349	12794 4802 5203
6661	
14920	2994 2571 2659 9459 9624 16045 16535
8026	
882	11409 462 7822 6815 1064 2365 12471 14529
6525	
9394	
8883	14602
1690	
14535	
14050	
1890	
4852	1620 10790 3697 2984
11625	
7319	12733 9890 14177 8560 15175 2600 15819 11331 3114 14514 2458 10014 15896 3172 12564 6652 13388 16483 15752 510 12338 369 10841 3056 14244
10261	
9788	
5600	
12334	
5055	13556 8462 2703 7560 12358
3614	
9909	3284
7636	
11434	
14585	10790 8738 369 14244
13611	
2131	
12070	7834
10573	1446 10841 2059 13788 4561
5645	9238
482	10694
9648	
14628	
678	2458 9214
6202	
1330	
4939	2984
5704	
13353	
824	234 8449 3264
10749	15819 9540
1817	
3959	7560
7902	
15737	14509 4082 15956 722
193	
6137	15110 5203 11793 11298 11771 8524
14494	
11412	4772 3285
1595	8236 16252 5203 7809 6280
6381	
9279	
5058	462 3406 11631
14893	3710 7788
7032	
7379	
9615	
856	
10716	462 8742
1684	13987 5499 5366 10063 10841 13788 2458
468	
6592	
2189	
127	
8259	
10781	7788
13878	
10752	
11978	
9033	13890
9927	
423	
647	16044 8385 4071 13788 2458 13221 10357 1782 8449 5187 4011 16191
11076	
15203	9589 1878
13538	
12471	7822 10090 882
8254	6541 4465 736 85 594 4435 16054 6667 8170 13003 400 10250
1825	1064 7650
4953	13039
1971	
10621	12477
15627	
1448	
12380	4465
10989	
14814	4465 16054 1896
54	
2191	1999 9459 14998 6487 4219
12556	2961
6238	
7764	15621
8701	
8810	10987 12581 3709 3584 15038 943 15339 6300 11346 8107
9777	15532
16195	
5211	
4043	
3605	
139	
9404	
5750	10841 7400
4414	
13747	4171 15091 4152 15525 14020 8757 8167 1245 2890 5203 8687 12794 11793 11998
847	
9374	7163
875	
12109	
8476	
3981	13719
16449	
9782	4598 14415
15030	
5425	
6591	
8524	14525 12659 5203 6137
13175	
156	7767 10879 5778 7118 1823 14822 2283 8682 16542 1165 6833 1661 11085 14039 14593 10981 5143 4469 15253 8107
9028	15717
8066	15072 12331 4007 9679 909 2283
2469	369 14039 9535 15949
11771	8270 5846 8167 5203 6137 14763
3895	
8936	
8698	11112
9305	10984
15185	13610 2458
10661	
7405	15091
6470	11094 9
1133	
12890	
1017	7411 8003
13841	9890
12653	
11086	1518 6541 400 16054 13003 4465 15952
9983	8004
13582	11409 16260 5203
3954	15116 6431 4197 7788 2031 12701 5891 8509 11943 11393 15857 15568 14810 462 14719 2405 10286 11971
9142	
11040	2984 11175
1942	14244 15901 9252 2937 10715 14443 13788 13107 6686 16047 8643 13500 12525 2458 12560 392 14362 9662
4686	11279
3196	3559 9567
3860	
7522	
13539	
5611	1064 7822
2781	13822 5203
8484	
4494	7956 1428 10879 1283 8578 7515 15780 15360 369 16542 3217 16384 3078 1162 9445 14177 3675 1359 4200 12545 10981 15495 11421 461 7834 14605 5951 44 12656 512 3024 10619 1492 1381 3502 9679 12056 6274 3559 10986 4640 16524 5778 8736 9692 14822 2532 6570 15701 4469 12107 9590
15753	6815 6700
13306	5203
1203	2103 15091 5203 16246
14878	
3145	
16263	
7348	
2661	10071
4138	16250 6603 6768
13084	7750 14039 14971 5512 2521 11085
15109	
4961	
9304	
2168	
9641	9430 5726
13784	
6643	
12644	6603 1064 10090
7562	
13268	
6506	5203 643 8167
2382	
2174	
16431	
13418	11174 13865
9062	
3047	2000 16451
10093	
15191	75
7074	12172 2552
11101	15091 15841 3715 3051
7437	243 15336 2791
3049	
6541	5372 7949 13777 12619 8512 1050 138 11086 9539 400 6667 13133 1896 15368 6098 3186 16054 4435 4465 5424 15952 85 5725 10250 8254 13336 12062 2149 881 9349 1857 7665 13003
11703	
10820	
4806	15594 12958 5203
3747	7431 9571
12284	13642
5023	
7973	
4251	10389 2458
4430	
3879	
8736	4494 10879 7515 11143 15360 14517
3350	
2665	78 4319
6883	
32	16054
12260	
5180	
1099	1103 7107 2256
7273	16461
3277	257
12430	
2525	12074 3653
14449	
11902	9811 7087 14529 16401 2283
3694	
7397	1484 5726 16038
4957	
14638	11979 3371 2283 38 10981
8135	8876 4331
15908	6431 7788 1552
5205	14445 889
8776	13788 3695
6737	2745 8385 10559 5499 13788 10841 2458 9662 12313 3631
16089	
9225	2283 7788
6725	10497 5203
11405	295 10023 13090 2283 8112
7989	
577	
11315	
8403	
14383	
14988	
763	
10942	8157 7986
7202	
15993	
839	
3504	
7057	
8878	
12763	16045 3587 2571 14931
9676	4949
8404	8029 5203
4171	357 13747 15091 5203
14485	467 14841
15774	
12182	
2221	1585 12135 13039 1823 9599
7141	5018 9841 2954 15770 12971 10090 14471 13454 2144 3607 7056 12728 8046 462 3571 11409 14744 14799 1064
12302	
977	13788 10841
8018	
3427	
669	
2371	13788 7154
693	
9152	
7664	
6175	
4481	
1054	
8132	10559
7077	11971 887 8596 8372 2458 392
12229	1701 1686
4991	
5749	
15353	
1641	960 15819 9890 4948
253	15675
13058	11925 9042
10586	2821
9876	
12567	3629 490 3667 10683 12485
5271	13982
899	
9693	8237 7855 9088 8360
9824	11809
1023	5643
13562	
4482	
12306	
4081	
16011	420 14220 1910 2301 3285 1359 11085
2091	3524 15581
7558	2283
5367	
4274	5203
14885	10079
13338	1064 462 11409 9934 8186 3863 16038 12728 10090 6815
12834	10879 13006 7515
16072	13788
16093	
14984	
12814	13787
10819	2201
5012	
12227	
15491	2984 13673
4583	
11236	6603 10090 3946
3834	4458 10241
2862	
7133	7788 5143 15235 3259 3033
5823	
7118	8509 13039 10981 15780 5131 1457 10879 369 15714 11293 5117 2283 156 12059 8456 5783 12581 15636
3663	5143
13043	1064 5169 10911
3486	2571
12686	8381
10614	462 6603 7822
11774	2330 6101 15464
14771	
10756	
14060	
3962	
10372	
14253	
2951	
11893	10106
12844	12372
14579	
2927	5203 3296 679 15091
10639	
7398	2458 5114 707 10286 445 8964 10295 128
1933	1245 12794 6804 12681 1851 8467 2584 5203
5420	9903
11349	
2152	10841
13681	6426 9322 12324
1741	10032 11198 9512
4511	
10883	
2564	1492
12883	
3919	
9276	
12076	
16130	
7212	5610
12919	15091
15472	
8954	
3911	3479 9233 7101 5499 9891 13888 3629 7265 9879 329 15554 7676
4958	4969 11925 2863
16345	11971 62 6485 13788 2458
14331	
1287	
11191	
14263	
14879	10680
2454	5086 5203
4097	5514 10100 6224 13090 13673 4411
5311	
11105	
5472	11174 2458 4849 13788
11252	
8689	15451
10165	
2832	13976
1470	
7460	
9942	
10024	6280 5203 8236
514	15973 13737 15091 10540 6910 5203
16259	
11528	
9605	
11833	
12689	2132
13244	
14537	
8407	
6227	8007 11182 3779
1015	
14211	
5308	
14285	
6761	
4999	
10412	6059 2458
5104	
1039	
10717	
9443	16054 4465
13961	
15488	
1469	1064
10229	7515 5203 10790
14827	
2934	13273 14998
3213	
12491	
2116	10981 10619 512 11198 12071 15091 1501 494 3559 12216 12056
15301	
5284	
3351	
12147	
9088	8303 15873 251 11054 13090 9693
10899	
1332	6912 11070 15464 1064
10519	
1068	2722
7745	13788
2925	5203
8539	
10768	15746 8130 2571 9571 11085
14693	
12156	
1383	11379 5695
7369	4458
11571	
2540	7788
7219	
13981	10370 7728 9562 462 10981 8821
5333	5759
5267	4598 15819 11873 10403 5114 11409 1276 206
12544	613
10544	
5010	16188 1791 10330
12484	
8039	5198
2358	4333 1671
8651	14039 3102
10558	14244
8841	11409 14696 10090 462 12971 6815 7356 5428 14799
8869	10963
33	5203
5353	
3273	
14779	
12429	3016
13855	
3002	14244 10090 7822 1064
9346	9989 10356 509 12514
1359	10538 10981 13039 10879 10986 13780 15091 164 9658 4494 3510 4847 369 11143 16542 3709 11934 16384 16401 12059 11689 12581 2204 3559 8509 9679 15227 2283 7515 1501 14039 38 14593 11085 16011 13090 4374
11762	
3020	
14711	
3327	9459 3587
15354	
9655	
9711	5806 14854 6034
5099	
1105	
3938	7185 3261 15568 5428 5086
7090	
1158	
10426	
15958	
12681	9959 12794 1933 679 4847 13778 15091 13090 4011 14039 11380 9202 6910 8237 2771 7741 2283
12153	
11069	
12876	5203 13307
13651	3135 11760 1810 12659
2719	2571
15361	
10956	
11679	
10891	
2986	
14398	
14933	
10847	
10180	
1976	14789 5203
13980	14362 16401
13242	11143 16145 13358
14644	
3221	5050
12974	
8205	
5467	
8794	5203
2942	4328 5203 15091 670 8029 8167 14102 6804 4152 2267 679 1992 4207 16252
2937	10715 13559 15901 1942 13713
5168	
7885	
16241	462 15158 6603 10090 1064 3946 3863 7822
7701	14731 6349 8090
8771	14627 3896 3345 6163
10302	
11305	11736 11031 4641 2244
15274	15016 6982
681	2486
3941	8742 13448
11589	
15337	11971 7732 2458 15367
5251	8431 10724 8738
16339	
15863	10559 16336 1570 6820 12821 4893 3016 128 6197 8643 7603 7830 8372
3615	
8096	
15920	
7561	
11559	
8435	585
14902	8385 5499 15872 10841 145 14342 15237 4226 13788
75	5203 15191 15091
2789	9540 2458 15819 7087 3172
10326	10078
13924	
7870	
964	
10256	
9211	
11460	
9484	7788 5405 15140 14481 9573 8724 2624
2708	
7097	7788
11484	
12036	
12634	
2299	5727 2145 7425 7611 13788 6030 8117 14813 10841 6345 4517 12786 12138 4071 4603 9452 3050 128 4561 16049
11753	
8543	13788
3481	5203 8674
12862	14837
7257	15091 9368 5203
8175	5203
12300	5487 1245 5203 16465 8167 1992 2890
8338	
2720	
13166	
66	16054
102	
10617	
7657	1348
2819	
2404	
4153	9696
9121	12971
6403	10913
459	
6485	10559 11971 15237 8830 392 4616 11221 3016 7371 4330 16345 10646 16191 8449 128 2458 4821 9230 13500 13788 16049 14736
6690	
13412	
10147	5283
8958	
6533	15819 10841
595	8143
2464	5539 15091 12794 5203
4102	
5418	13788 9630 8385 392 128
10492	2501 3371 7788 14529
2836	
4297	5203
7801	10390 8372
1945	
13657	6315 15746 15064 12299 2526 8110 13090
1520	462 225 12073 7015
10538	13039 14517 5050 1359 11530 943
8131	1759 13982
6118	16401 12858 2283
5578	
2369	3458 14039
12455	5203
14482	
15325	10680 5074 1241 7855 3715 2062
3955	
7058	
1581	12216
12583	9120 4260 627 575 10286
8214	357 5203
480	8019 13673
8996	
1851	1933 5203
2190	1999 6487 9577 2571 9571 14109
1433	
14322	13039 13307 3559 10608 11934 909 8262 13090
7831	13788
16050	4453
4031	12581 5131 15091 4772 4652 10981 12338 4469 15253 9589 11085 3217 2220 15780 10879 2283 14517
5117	7118 10085 12056 7060
15664	
7042	
3925	10879 3559 15785 10619 10913 2153 10032 3217
14073	
5572	
15373	
9508	1064 3403 7721
6917	
12438	
12921	
8753	
13006	1501 12834 13090
7429	
12753	3783 5143
1610	
11825	15091 5203 2286
1878	5341 15203
9448	6188
15739	5069 8623 6686 14284 10841 14787 7381 9230 6224 8211
11777	174
15304	12840
16384	5440 15780 1993 4494 1324 1359 14039 10879 7515 1501 909 13090 10981
15598	
5286	13788 2458
6151	9908 4330 13788 2458 5666 15237 6030 10559 7462 8389 8385 10841 3755 13500
8478	
15942	10524
9021	4698 9890
499	6059 9042 14597
4569	
6214	
4130	12056 15091
16188	13788 12485 5010 9322 9357 15645 6410 5114 11299 13196 13717 770 6174 6820 9631 9235 12138 10078 9890 2477 6105 1446 9460 16049 3882 12786
10429	5203
335	
13543	
736	8254 4465 15952 16054
13752	
15928	2438 2458 9445 9322 5892 10248 5114 6943
15359	
12072	13134 317
15186	8157
3263	
12316	
4971	9572 6669
3567	
5539	4306 679 12408 2464 4663 7697 15091
474	5203 15091 16010 5574 10733 5301 2575 2890 12794
4374	13039 2267 11994 8509 14220 1359 15608 2283
4674	13788
1423	257
13120	462
9108	15633 13090
955	13289 9728
5677	
923	1245 7370 4273 2643 12434 3617 12794 5203 643 11255
16178	9915 7788 12478
6327	
4885	15168 2886 8431
13548	4857
4781	
8380	
1534	9630
12073	1520
645	4884
4042	
11966	
2502	7850
8410	10719 3155
4878	
2783	
11429	13788
15645	16188
14869	
1870	
1598	
12301	15091 5203
8332	
6500	12915 5143
12960	
10636	6287 10437 5752
5689	
15239	
15379	
9755	
14960	
11360	16346
14659	
1324	15091 16384
11131	
9323	7653 1191 7788
1454	6603
8933	
15946	
15054	
14627	8385 8771
4013	3107 4920 5203 6653
3139	
13989	
15137	332
6868	
13847	8115
1412	16304 8170 16054
2030	15006
4347	
12865	11749
3728	
1094	
6450	
9567	2283 3559 3196 15091 1735 7515 9679 10981 14517 13090 3715 14861 11085
3287	
16394	2063 4900
8932	6487 2571 10028
13146	
15358	9630 10006 14813 10841
9653	
11705	6772
10010	
10406	
3317	14998 9571
12938	12853
13513	16054 15368 4465
5666	7630 4616 15288 15178 6151 9661
7299	5573 15746 8112
6797	8429
4166	1759 9097
15922	8243 15457 1115 12966 11420 526 6482 14039 11689
4264	
5087	
8999	13788
15271	
9887	
14830	
7479	
372	2267 1245 5203 8185 12434 14789 16487 7456 6938
3177	13788
8957	
7247	
3438	7095
4857	13548
3574	4847
3928	
7972	
2728	5203
15846	
2840	
10842	
9859	5203
12166	
13375	15633 1713 8563
4064	2571
3336	11420 2612 6105 1821
15184	10841
7638	206 7566 7788 442 7611
10011	5203
9073	
8762	5203
2639	
14682	
3374	10635
15078	14593
8658	2283
3617	8742 923 1245 8167 3103 5203 12434
14980	
1268	
15714	5198 7118 3648 16542 5933
14600	
745	
4413	4147
4373	
13474	
11403	3510 15091 1245 643 9109 5203 679
13904	
13727	
10709	
13164	2458 6686 828
8877	3783
16026	13788
8649	
8727	
15313	13673
10506	13090
4349	
11246	2643 5203
5166	
15895	
5903	
13664	
15241	1245 15091 1484 5203
13313	13293 12058 6603 3863 7822 462 1064
11970	5203
15742	8570
11176	
6832	2458
2355	15091 643 10479 5203
7330	
9401	15091 9728
15425	
14448	
1594	
7342	
1253	11088
2492	11567
10313	730 6772 14529 9430 7178 8187
10999	
670	15091 2942 5203
15678	13788 10841
13521	
8555	
1577	
11503	2458 14813
3611	12637 2458 16136 15237
11150	9032
13100	
12426	3510 2283
8379	
6520	
184	
7232	
12949	
5290	
12590	13787 15120
12646	9746
5660	
8462	5055
3292	
13511	
232	
10124	5143
144	
3907	392
6609	
5246	
6979	462 8737
10242	7788 13542
16366	
5396	
8168	
10120	8170 4465 877 8577 16054 15952 11225 2149 16304 138
2067	8596 14179 3135
7590	
1435	13982 15091 5203
8472	1064
4058	7525
7869	14349 15116 13132
11302	
9498	
1238	
4275	
10244	
3200	15530
12962	
6586	7788
1775	
7104	
6615	
13709	
212	
15362	4465 400 10250 16054 13003
14549	
13665	
10801	
12775	
15661	
11245	6087 12477
4344	
3112	
15066	
15745	
2470	
10346	8385 14895
1888	
10500	7788 5143
1367	
16381	
3912	
10564	
2366	
6921	
10576	
13257	10599
16075	
14012	
14327	643 1245 15091 5720 8167 2643 2890 5203
4056	
6716	
1199	
11473	2283
5218	7788
15614	
12131	
10570	
9435	12766 7515
6724	
13630	
10896	
11347	
16353	7959
1347	
2463	
1390	1245
1722	
6853	7411 6349 3723 2984 12714 11019
5495	
3669	
15607	
7723	8287
15667	
5798	11809
10022	
2125	
14936	
12898	5203
4978	14623 7602 1626
11683	
14062	
2888	
8093	12474
2295	1245 1789 8167 5203
15758	8372
7982	9230
11661	13711
11472	
6756	
13093	
8731	1877 1642 2283
3836	
4912	15091
8547	
659	
8971	
5236	
1932	
12598	
5259	
11694	11556 14471 5191
6585	
6976	
16489	
73	15484
3848	2984
10238	2766
16404	
9561	1544 5203
15365	
5339	
749	
6379	
11996	11372
3858	
9703	
12095	7788
15579	
1364	
11926	
9253	1064 6932 7855 9806 6603 10090 11797 3863 7822 3347 9227 14244
15626	9650
11166	
13159	11028
7181	16054 4465
4603	13788 10559 2458 9454 10841 4884 1583 7163 2299 9890 4849
15238	
6523	
1780	
2021	
7960	
11436	
13272	8112
3748	
11758	11291 2458
5601	
12560	14950 1942 11884 6821
12626	
5669	369 15091
7914	5428 8738 1245 12477
11849	13010
4593	
4466	
8360	12967 15841 8385 14342 11736 11031 13012 11085 9693
3024	1188 5379 943 4494 13039 4847 6554 12581 15091
6152	
4339	14445
3207	13976 8665
3651	6815 7356
12525	9252 10282 8596 12637 13788 8449 1942 5526
13285	2984
3294	5203
13826	
3098	4465 16054
445	13788 12889 7398 6410 7964 2745
5870	
14704	
13261	462
15056	
5394	
14056	15168 13719
6075	
325	
12717	
12894	9679 11112
6687	8725
11235	1778 15389 11208
15530	3200
12062	13003 6541 13336 9349 16054 5455 5726 85 10250 15910 400 4465
9265	1496 4969 1667
8483	7788 6517
8729	
1005	2996 3335 10879
5471	2682 7788 9573
9198	8157
13913	13039 1486 429 5131
5202	2694 15451 7788 14529
4631	
5735	
46	
13432	3324 13788
13082	4598 2059
15551	
71	177
9994	
1867	6074
13647	
13185	10841
9044	1462 12853
7071	
994	
3644	13034 13392 859
16466	
7734	15116
4742	
4504	8755 3179
11060	
6369	
14746	6772 8431 3677
4249	
12141	7537 2872
14321	15841 7855
13578	
7043	462 7788
11666	13230 14950
2220	25 4031 12338
41	9908 1446 2458
2852	
15272	5143 7788 10954 12264 15235
9709	
9766	3373 5555
12874	11600
1446	13788 1872 12485 2745 10573 15252 13440 2458 16188 12885 16049 392 12313 41
4660	
2105	
370	
4112	1064 6603
9735	
63	
14665	
6004	
12769	6362
13777	7135 5725 6541 16054 10250 8170 1896 4465
2062	15325 2283
1002	
1972	
12797	5203 3464 2643 15091 1245 12794 3122 4273
1056	
15547	
15628	
13625	15596 6815 6603 462 10090
1476	13039
798	
9162	
9608	5203
8567	14787 9664 4829 11261 4828 14244 5306 9013 8198 15168 2040 9901 8912 13090 10100 462 9572 10981 7313 10659 6163 11409 7937 12386 3121 3815 13194
8988	2816 5203 12872
9291	5143
10183	
869	8935 5143 7788 15896 11390 14919 10841 11937 206 13179 3172
13644	2272
2775	
4378	
13883	10825
8515	
353	
10132	4465 16054
15168	14056 7560 8567 4885
11487	
13715	
15485	11875 3225 2984
7488	526
1018	15091 5143 5203 4423
8453	12654 5620
14324	15140 6109
5029	
4287	
1350	5203 884
3531	10767
5908	
9251	
10563	
1879	
11890	
11244	
6748	12967 2722 13307 3715 6163
12558	
8505	15443
3763	
7465	
14487	
13326	
13099	6820
189	
6127	
10443	1693 12855
8481	10609
1125	8738
485	
2904	5203
13717	10559 392 16188 10286 8449 9355 13788 10295 9908 4821 7568 1239 13610 12885 7320 2208 5513 14244
11655	
5225	11691 7478 2623 15831 9333
6437	
12226	13788 13435
11325	
3957	11925 475
12656	1832 4494 5640 15091
14113	
5748	4049
6281	
11098	368
9912	
14658	5337 1543
3034	
7786	
6323	
247	
15071	5143
14121	
13532	
6205	
5227	11327
8287	7723 12056 3217 10879 512 11112 12059
9682	
12706	
7473	
10328	
2443	
7045	
12071	512 2029 10619 11198 2116 16455 10981
3162	13221 10880
7218	
1538	16054
14102	15091 5140 10222 7028 2942 8029 8167 1802 5203
5672	16054
1935	
7086	
2787	
11283	
14863	16038 10790
15539	5203
15888	5203
11670	
8224	
16280	
668	
7453	1821 16346 2324
14858	
11612	
3511	2571 2745
8751	15091 14020 5203
9354	12714
8985	
11884	12560 1922 2957
5574	474 5203
11629	1245 5203 8590
1511	2984
394	5143
10317	
3071	15091
4470	
10145	
16128	13788
9631	1759 16188 13788
13350	
6535	
10469	
5990	10025
16091	2939
4882	2600 15807
13720	
4671	
13843	5203
4937	
4503	1245 5158 16487 7447 15316 12434 213 5203
14790	16401
399	
7129	13788
3453	
5544	9841
2847	
8687	5203 13747
4704	
3672	
16159	9970
6055	
10453	1529
453	
9784	
5502	
6660	
1570	2458 8666 13788 15863
2961	7431 8114 11182 1804 5000 10046 13008 149 12556 14476 11127 15856 10028 1613 4905 10969
1162	4494
11432	4893
12879	
13824	8303
1606	
13435	16401 10841 735 8200 12226 6820 6345 3050 12208 9256
5569	
13221	647 1277 3162 13788 4884
8212	5203 15091
14813	15237 16483 5499 5513 707 2850 15358 2299 13788 15731 9890 8385 15819 11503 7596 14555 1982 16136
5082	
7310	
3798	
8809	
9371	3536 8665 15131
4519	
6078	2571
4551	
330	10952
10473	
4078	462 1064
8117	2299 9662 9558 2283
11526	4333
6903	10428 6345 2458 6163
9792	
7525	4058 7478
11659	
1967	
3416	
142	
16136	11971 571 11129 16282 2376 5513 3611 14813
3266	
2800	
737	
11803	
13053	
7814	
520	
9622	15529
8010	6772
13760	
15894	
14290	
7776	8191
5557	2458 13788
1397	
16439	
4805	
14316	
7712	15091 5203
1348	10112 7657 2283 7788
3468	2283 3715 13090 14039 1457
7415	
10217	
10465	4327
12852	2875
16052	
16167	
7653	9323
5770	
10915	8738
1546	1064 16037 14529
855	
9556	
10879	9604 1359 10981 1730 12250 3925 11632 11143 1501 13132 12107 2029 3559 8736 540 14822 6554 6742 429 14605 4847 7515 978 12834 12059 10481 10986 12279 16384 15091 702 12056 7118 9679 16191 14177 4553 11085 14039 13090 8287 9361 5499 9589 8509 10619 3217 369 16542 13749 7850 4031 14593 156 10790 4494 2283 1005 420 9658 8665 5131 4200 38 14517 14239 1823
4067	
1437	
10592	
14157	
2350	
4496	3587
11879	
11979	14638 15339 3217 12216 16542 3285 2283
11582	
6475	
11135	
7009	
592	
7800	5203
8557	16010 16465 5203
186	
7807	
8855	
7154	2371
14940	
3819	462 10790
12414	
12270	16228
3333	
15815	
12085	5203
12676	
9679	13039 16542 1359 3559 4494 16014 2029 10032 9543 4469 5131 5982 3502 9567 12894 12523 4772 7829 10879 10619 1428 3285 8066 553 3195 2283 12059 1823 5463 2296 10595 14517 6163 10431 174
14670	
16350	
5460	2208 12821 16049
4127	
6040	
6964	13788 16515
15832	
82	
9954	9540
6042	
6726	
15676	3973
8599	5114 6086
2981	16014 11934 8509 12248 2923 9543 2283 10790 653 14461 473 9700 11085
5620	3704 11971 8453 15367 5513 2850 6105 14090 1139 467 15261 16392 3916 3513 12330
15417	
5844	1235
15160	
15948	
5855	
10509	
10371	
8544	3920
1524	6820
14284	206 3456 3815 3183 9798 7822 481 16049 15739 15091 13132 11793
5341	9658 1878
11298	3039 2015 1245 5203 8167 4011 6137
12787	
5487	12300 2283 5203 1992 643 12477
12111	
6456	
4087	
13928	
2628	9695 16010 5203 1954 15091 6707 1027
9148	
1181	
10187	
11028	13159
8047	3123
8084	
5609	
6166	
12436	
3702	15091 5203
15131	4980 12466 9371 11085 9042 7948 13040 3442 7033 15428 2458 13746 2268 10559 13788 15237 5499 13440 16049 10841
6362	12769 13788 2458
15316	12434 4503 5203
14605	4494 15091 512 12059 4007 4847 10879 14244
3311	16054
7040	14854 6034 7557
9175	
638	
8782	6126 7730
12144	
2218	
13564	
4996	13908
1480	
5092	
11080	
7288	
11617	
4643	15597
9988	5514 11054
3217	10879 6324 13039 4640 12250 540 3925 12056 4494 15091 10981 3510 8287 11979 5114 8509 461 512 16542 11143 4007 16324 7515 11085 15532 12338 13090 4031 14517
1192	
5606	
6255	
15531	
9523	
3377	4411
13160	
2922	14839 3868 1955 8082
9458	
1635	
10108	8509
8911	
14128	
8007	16461 1642 1137 3737 6227 4032 2284 15536 2571 18 3779 4199
9968	7822
666	5203 884
11692	10715 14841 12537 10403 13279 11971 13705 11291
8418	9908 13788
14407	13788
6519	
14203	7788 2283
15854	
3634	
48	5203
2633	
5088	
16432	11971 1475 5513 15435
12139	
449	
4798	
3920	8544
6081	
13618	
324	
15345	
5656	2181
740	5143
2920	
12458	8692 5548 4108 4327
9397	
261	16054
4532	
14294	
8495	13673 16493 10433
7289	
7809	5203 6111 6453 1595 16252 7111 165 884
10643	
7300	
1079	
2164	
9575	
7748	
11232	
9557	6603
4401	6487
1791	5010
6358	
12013	
8344	
5845	
2139	13788
15872	14902
15686	
13660	
91	
13597	
11823	1603
746	
7208	
2409	11601
13136	11681
9204	13788 4193
3512	
15231	
11256	
5767	9662 9908 13788 2458 14362
7293	
16042	4145 462 9072
12944	7665 4465 16054
9389	8200
11725	
8685	7822
949	
14282	
12798	
2753	7672
1380	9595 15091 12794 5203 1245
9426	7788
5582	2242
11786	6603
13302	
8090	7701
15807	4882 13788 5653
1869	
9119	
7000	
13190	
7617	
13390	10357 11736
15776	
2115	
9181	
2267	643 16465 13982 2942 372 16005 6518 10497 6954 13090 2797 8167 1245 8237 14763 2643 5203 4152 3709 12434 4374 4273 1484 6804
15940	
8408	14668 1630
12802	
5667	
11269	
8605	7431
4396	14800 5679
13231	
11480	
1089	4465 400 3186 5725
6103	
15001	
945	9573 1902 7788
6392	5203
13360	
6870	
11267	1143
15420	
11757	
15433	
14781	10983
6820	12637 15863 13099 1524 8830 16188 5499 13435 5513
3552	6653 606 5338 5203 15283 2607
6049	
5186	
10136	
2004	
2476	8523 15091 1292 5203
4268	1759
16260	10267 4690 5203 8167 13582
12860	
15804	2699 15091
14288	
14470	
4537	
538	
9043	4465 16054 13003
8758	
4200	4494 3510 14822 7396 10879 6910 13090 6163 8456 12338 2283 15253
12058	1064 12971 3863 6603 13313
6759	
10503	7855 1035
16316	
4908	7822
4490	
16391	10559
4647	
3884	
637	13003 16054
6673	
4224	
6627	11800
8630	
9063	5203
9510	
3843	
10723	
13835	
1429	
16416	
6537	
12707	8303
15057	
13026	
8346	
16379	462 13377 14799
3474	
2965	
14193	3398
14462	
187	8738
11482	9171 6460
15209	
14031	15500 11512
6132	
6566	5203
5817	2458 354 788
12245	
3190	5203
16218	
9698	
15543	6954 13573 11253 12434 7549 643 1707 1245 16010 2584 3114 16465 6111 8167 5203 1992
15368	6541 4465 16054 15952 13513 4435 85
15435	16432
5621	
12029	
2575	1245 16001 8236 474 5203 15525
4353	
8668	
6743	7400
6670	13788
14168	6487 10028 14931 16427 2571 16135 8545 5632 2997 9571 6188
15712	
9213	2872 12012 11300
11925	8654 1652 13058 15234 3957 13196 8990 15734 4958
6722	
10553	
7964	445 7568 10403
10254	
2477	16188
2818	
11865	
473	4599 653 9535 8253 2984 11845 13090 14719 9543 6224 14255 7092 15682 3522 15377 2858 13307 11408 4011 2981 14461 13750 1457
1257	
2851	
13988	
6968	7788
6170	
1083	
12081	2659 3677 12386
7970	
7987	
14800	4396
13274	
12309	179
4785	7411 10799
4126	5203
9633	
5605	
6683	14529
15848	6077
14822	10981 15091 10879 4494 4200 1428 1381 13090 156 9728
2051	4886
13887	
5521	
11773	1245 5203
7953	11515 16346
3636	12386
10137	
12524	
11362	
8057	
9420	
507	7788
9710	
11323	
11513	16054 85 4465
4596	5203
7380	
9991	
1845	5203
1729	
9593	
15138	
13970	
8141	13196
8249	
1389	
1141	5203
4405	
4926	
15142	11632
15508	9400
10589	
11456	
14651	
12155	
6614	
13139	4152
7692	
9135	
15105	
13187	
9684	
7791	5203
8038	
10802	
6618	6198
7608	
10464	
1725	
7258	
4310	
15788	6603 1064 10090
14436	
9565	
3854	
13679	16326
16053	
15136	
2582	
8371	
10961	
13354	
9393	
3635	7627 16289
6141	7168
537	5203
2434	
4861	2984
6897	14799 462
1600	
13196	11925 16188 8141 2458 14721
14657	6603
4622	3121
10301	4465 16054
2569	12651
3403	9508
8108	
12550	2984
9257	
4190	
7182	
15825	
12638	
6319	6603 3946
1120	5203
14589	4065 18 898 11182 3779 9571 6487 2994 16310 3737 2571
490	12567
7640	5203
3967	
4386	
16166	
3524	15665 2091 10291 661 14516 16465 13307 462 14656 10981 8112
8069	
6875	
12220	
15334	
10832	
305	
16096	
12561	13788
786	
11779	
7698	12827
909	13039 14787 14517 10431 4652 38 3559 16384 9701 7986 8066 14322 11031 11085 9862 14150 4941 8509 13090 5131 10981 3549 7609 7067
14465	
12499	6772
5440	7515 15091 8456 16384 5131 2283
3749	
5084	
11117	
6923	
1991	
2238	
15218	
7442	12251
10196	7788 5949
10692	
13050	16542
15179	2722 16121
13271	2571
4959	
12800	1064 6603
6002	
2322	
8890	12053 5858
13324	3447
14459	
3334	
9761	11284
15216	15091 11423
9001	
12391	
14738	10067
15855	
16191	12549 6485 10879 5499 4893 647 1924 10935
13200	
14583	8162 10032
12647	9020 14873 5203
2687	16146
5146	15465
15680	
13987	13074 7822 15873 1684
1058	
4461	
5693	
6803	10841
8501	16289
6599	4821 5499 6521 7482 10841
8654	11925
6387	
9573	9531 9617 7162 2031 14688 2471 8390 14514 3573 3536 3033 5471 9484 7788 945
5570	
11447	5203
5031	
2605	
3754	
5160	3953
9956	
16421	
7432	
11297	10680
183	
3577	
15734	11925 10934 4333
45	6163
13415	
5062	
672	16196
3150	
15795	
3769	
9843	
12980	
12636	
626	
6828	14854 6772
6033	
3364	
12379	5203
16352	
3989	
8153	
11718	
11077	10138
5038	
12421	
6272	
5781	5203
4091	11748 9890 8257 12917
9408	
7733	
14925	6487
6671	6694
2897	
9478	13788
3596	9042
557	
13168	
6501	
3011	
10582	
11534	
1410	
5258	
9599	2221
6088	
6397	13788 2458 6845
9177	7523
12083	
10002	
6550	
12986	
7660	5203
7392	
15391	
12490	
6994	
5599	
5052	
6100	9430 1571 9798
9963	
5140	15091 14102 3296 808 509 2890 1245 5203
7423	
13072	
289	
93	
11684	12372
9456	
14096	6487
2074	
12034	
16236	
2693	16054
8139	
6293	
6045	6261
15593	
14953	
16306	
3246	
10158	
14766	5653
3272	
7366	
10927	
14689	
15938	
165	14789 2286 16246 8523 10713 15091 16252 7915 14973 7809
9581	
10284	9554
5635	
10987	11143 13039 3709 8810 14220 2283 14593
2033	
7123	5203 12477 16465 1245
14613	11726 11530 461 9430 11873 14957 7203
14593	13966 8385 9589 13780 16542 13039 12450 553 10879 13090 865 7850 14347 15253 15078 6216 10431 3709 11143 156 4772 1359 512 10987 10981 2283
15638	
13485	
16138	13788 6163 9662
6890	
14749	
15917	13211 6196
6645	
13176	
1463	11689 14529 15227
6555	
3521	1999
7658	8565 7788
5094	14950
3030	
3076	
7574	
8672	14529
5131	11934 2420 1486 10032 4031 3559 11494 9679 15091 13039 429 978 13749 7118 5440 8456 613 9457 9589 10879 14517 909 2283 10981 13913 11085 6742
202	
16375	6487 14931 4108
15744	5203 12958
6120	15091 5203
16383	
13797	
9986	
11	
10339	
1066	
6219	
12572	
796	
13504	
10427	
4498	462 6700 7822
9048	
11404	10090 10808 10853 8608
2544	6772
12350	
10122	11359
8984	5191
4895	
7029	
72	
12010	
13198	
8918	
7272	3794 90
9099	3121 14854 12648
5816	
15969	
3361	
6679	
5628	7515
10502	
4003	
12923	
10245	
7438	
12381	
10695	8148 15156 462 6603 3491 426 6624 10090 6101 12971 7822 7356 7188 14244 14799 1588
76	
4365	
4298	
7868	10468
8471	
10101	
2357	
13973	
9549	9459 8825 1995 2571
12714	10221 8965 6853 2984 7995 7411 3723 16444 14731 9354
4435	6098 4465 4231 15952 13307 6541 16054 15368 10250 8254
4004	9891 12368
773	
5307	
15118	
7829	9679
14393	
340	
1996	
6279	
5640	6833 12107 3285 12656 565
5603	13788
15858	10524
8533	
5999	15091
1045	
1418	5203
2425	4007
3105	
5820	1064 10090 7822 7855 6603
4384	1245 2643
15797	
7171	4640
561	7788
355	
9078	
13013	
5936	
258	
11596	
7308	16048
8691	9890
16007	4465 16054
1263	
6265	
15653	
13389	
8891	
4132	
4350	
13022	
7570	5203
9039	
4794	
1371	
8535	
13945	
6160	10133
1772	
6709	
10917	
2562	
7396	4200
15910	12062
3048	
236	13132
1685	15091 5203
9140	
15824	
7750	13084
6718	
7536	
6936	
13779	
552	
4443	
6413	7672 9946 8839 15599 878
2231	
4392	
5538	
10697	
3805	3033 14177 636
2546	
7627	16289 7411 3635
702	10879
881	6541 4465 13003 16054 14039
8564	
10418	
14971	7204 14039 5512 13084
14747	
3306	
9002	
11983	
1846	4465
4375	10986
1611	7886
5317	
3509	
5509	
10102	12832 9483
4041	
752	
3535	
9500	8163 16054
12425	
7302	
14308	
13591	
4571	3800 4423 5203
460	
6564	
3628	
354	5817
13663	
13536	
10349	
9600	
8201	
14819	15091 5203
1542	
4492	
2326	
10884	
349	5203
2197	
4963	
8653	
6680	
15865	
13470	
5171	
152	5203 15091
11398	
9439	
11312	
15586	
6847	
6955	13039 613 9658 5696 11907 10450 9535 13780
10996	
2181	12658 5656 5499 9235
7216	
12292	
11610	
11091	16465 6453 2015 5203
5419	
8053	
4321	6603 10090
15912	
8089	5203
6464	
5728	
11187	8738
14623	4978
6762	
11723	
608	
13471	679 5203 10540 12794 8167 7575 15091 5720 15973 1292 16252
11146	11255 10090
1482	
2887	2971 462 3456
5657	11736 15682
11214	
12889	332 10403 445 5114
7178	10313
550	7855 5726
9343	3804
11525	7515 6479
6025	
13177	462
14976	11971
14382	10275 1760
14968	
16351	
5412	
14339	
10869	
13186	
8781	
7837	1064
6251	14807
3053	
9753	
2257	
10491	
7857	
9102	
288	
13052	
5201	
8488	
3505	3406
5103	
13055	
3075	
704	11934 2283
1071	
2635	
2195	
12172	7074 15746 4201 967 14998
1688	5203
8910	
12045	
2596	9571 9938 2571
15225	
4320	5203
8248	126
6372	
12406	
7200	
6106	
843	
5357	
682	4707
6547	
7255	
8710	
9342	
4992	13211
1936	
16337	
12618	
8589	15091
5382	
8705	
4754	15466
14326	
6657	12259
15918	
12069	
5703	
12534	
13558	
9012	9728 7788
974	2821
1628	
9659	
9195	
6030	13500 1816 4616 9744 9908 6151 5221 1720 8585 2299 4980 5513 13788 1874 9943 7327
3390	
948	
8082	2922
15668	
4073	
4379	16054
270	
14363	
5852	9535 12858 11346
37	
7357	
16401	4561 14719 12659 1823 12943 10431 12973 13039 13337 9572 9946 15780 11112 13256 15599 891 2458 3709 13614 9798 11001 7943 1359 771 2774 13678 3753 10841 15273 14790 7850 9145 4354 292 11845 10644 10334 6118 5692 4046 3180 206 4015 14039 8385 10833 2996 14350 2106 11902 11437 120 9993 12726 8237 13307 3285 13980 3673 3418 661 1241 8377 9558 14540 13435 9526 3670 13046 1373 11971 3965 12255
1059	3738 6772
9007	
12102	
3664	
3064	
16468	
15460	
13560	
1854	2560
11038	
15535	
391	2458
1627	
11613	
9632	
6978	
1190	
3852	
9826	
8892	
2761	7788 5143
434	
830	
1550	
4526	
3121	4622 7560 2705 12192 7747 9099 16084 8567 1526 5003 16451 7646 13090
8459	
6217	
9545	
7529	
6393	
10577	
15290	13788
2457	
5235	
14794	
8049	5203
1472	369 7515 14039
1900	
8186	462 8737 11143 13338 12971
14849	
8334	
3988	
11126	
3586	
9104	6603
4869	
11145	
599	
938	
13201	
4377	
5742	
9268	
3343	
10585	
4654	
5590	
10428	6903 7017 12133 10841 13746
6253	
10001	
829	
12351	4598 9474
15966	
4141	931
9188	
2808	
15455	5573 12853
12259	6657 6561
6865	
8566	9890 13788 8888
1271	
2140	
6111	15543 1245 5203 884 7809 13573
14350	12581 11621 16401 9535 13039 16424 3584 8509 6514 8274 10450 13937 15949 9625
5371	
7725	
6261	6045
5826	
4826	
4449	
6601	
12563	5203
7916	
10307	
2511	
8964	7398
12236	
6765	
11599	89 11527
4581	
2352	
12328	
3466	10357
12064	
6510	8167 10222 5203
2877	4333
729	13788
14525	8524 5203
533	16054
5739	
1276	11971 5267
13330	
15401	8167 5203
7757	
8241	
9729	2458 3667 10299 8449 9322 8372 5616 7568 13788
912	
1132	9891 13788
2522	
14502	5653
8499	
2842	
13208	120
8426	
10824	
6802	
12867	
4360	
14265	16054
3022	13039
13789	15692 1242
1187	7788
10178	
8382	
10694	9454 482
3462	13788
16183	
9834	14039 2283
3025	
12189	
8465	6487
10189	
3716	
808	5140 5203
9911	
1146	
11770	
2363	
8676	
1621	
3039	11298 5203
57	
1522	
7223	
4845	6772
7449	
10353	
8581	6603
7596	14813
5352	
5096	
9981	
13489	
3358	
11495	
7688	
9505	9882
6108	
12738	
13243	10790
11124	
9900	2458
3170	
13682	5203
9179	
6626	
8532	
3339	
14840	9355 2992 8449
14441	
628	
6050	
6819	
10856	7788
3519	
12343	9681 15725
13907	5203
4575	
1031	
16242	
662	
7620	
67	
13339	
13748	
14156	
13963	
5975	
9011	
2545	
12897	
3613	8842
426	10695
13957	
1678	
14641	10360
11111	
11553	
6430	
5237	
4514	9700
2563	
8707	
14016	
6750	
15188	
3289	3243 10715 2343
13831	
6326	16054
1283	4494
2088	
14249	12975 5675
9451	7862
6928	
9024	4870
11563	
7576	
10626	
9320	
7762	
12320	
9440	
8952	7788
12205	
9715	
14565	
3087	11717 2104 1042
16511	9908
14399	
7358	13788
9538	
11212	
3699	5203
8423	
6898	
4675	
1916	16054
14686	
6460	11482
7062	
14768	
2988	
1148	
10303	16054
529	6521
6658	
3210	
6874	
12546	
4188	
3006	
14001	
11597	
4731	6224 10735
5228	5203 643 16465
9406	
13672	
6606	
11189	13788
6970	
4491	
8160	
16473	
15291	14594
958	
3402	8157
8370	
2474	
10898	
2043	9368 5203
9411	
2673	
5424	4465 16054 2592 6541
9220	
2275	
10042	
5643	15444 9357 14578 7381 9662 11023 13788 3391 1023 12885 15237
7075	
2086	
12174	1064
623	
14385	
9218	
10376	
15617	
1615	
11153	2186
10367	15952 16054 4465 13003
6187	
2738	
1616	14731
10928	6163
4128	
15517	
15829	
16133	
285	13788 6521
13443	
10595	9679
2568	
7642	
621	
10080	5203
4262	
2429	10413
14694	
8421	2571
10413	2429
16243	
16251	
9331	
12501	
8572	
7976	6487
13333	
109	
10549	9667
12204	
3724	
5426	
1608	2984
6405	
147	
886	
13675	
452	
3093	15091
870	
11096	
470	
2758	3285
11229	
1326	5143
3926	
16244	
10873	
7035	
13881	
9071	
7395	
12765	
1794	
11955	
4148	
11204	
7946	
1028	7135 16054
16403	
4311	
5292	
3526	
14392	
10903	
5776	
13967	
5452	
848	
4716	
7546	
13823	
5337	14658
5614	
9378	
14466	
6483	
13592	
9793	
3997	
6800	
6527	
8558	
15707	13788
11806	
4176	
6956	
3136	
9249	
2837	7788
3923	
5537	
6364	
6070	
6442	
11535	
9588	
16476	
5226	
7624	12145
1438	
13785	
3703	
16018	6224
7150	
4984	
12217	
14126	
7209	
14497	
11015	2515
2401	
7372	
1789	2295 5203
1987	
619	5203
3153	
7958	
13213	5203
15275	
13853	
11592	
182	5203
42	
1887	
107	
4040	
13308	
4667	
2948	
8623	15739 9230
12014	12584 416
12595	
9351	
6624	10695
3127	
12294	
3140	5203
8582	
8127	10090
11165	5203
4564	
6945	
14728	
13038	5203
6191	
16387	
968	
9960	14841 3704
12108	
15591	16054
10279	
3014	
14277	
1753	
5857	
11780	5203
9160	
11870	4330 13788
3349	
8513	
4149	16038 1064
9620	13039 13307
13641	
10493	16054 4465
4184	
10565	2984
8763	
7770	
10796	16054 4465
8068	7788
9468	967
9312	
3917	8509 13039
14734	
1048	2984
8021	
12295	
14702	
12662	
1080	
12315	
10934	15734 2571 14998
9046	
9775	
9174	
7489	
13634	
13133	6541 13003 16054 2149
11307	
10378	
8592	13788 3016
2278	
130	
12812	
13440	7482 4330 15131 15237 1446 2458 12701 7364 5499 16049 13788 12885
1894	
9360	
8550	
8770	
5980	15144 9662 2213
1166	
13545	
12333	6487
12151	
16139	
4060	
6432	13003 16054
868	
7810	
8519	
3656	
521	
15207	
14065	
13428	
2803	5203
9760	
6356	
15370	
7125	
518	15999
12585	
14783	
12442	7788
12649	
1336	
15383	
15914	13788
1419	
583	
11147	11409
11650	
12586	
13695	5203
5161	
105	
12023	
12720	
8800	
14442	
14104	5203
4313	
5853	
14380	
13518	
5125	
14490	5613
10992	
16270	
8895	9042
1408	
15754	
5378	
3163	8632
2579	7142
1478	
7945	
7652	16054 400
9951	
4104	16054 85 4465
6738	
8637	16054
6462	
6310	
2482	
5690	
1269	
13602	6603
3496	
13840	5203
15778	11190
10574	14362
5025	
2237	
11490	
7324	
1019	
6317	
7860	
6790	
14506	
8077	2984
5248	
674	
8814	8187
10169	
1691	6603
15336	7437
4356	
4713	
1982	14813
3173	
3164	
14189	5203
2003	11368
304	7788 2598
13729	
7322	
807	
1880	13788
7170	
7408	
14287	
11716	
13363	
8179	
7386	
34	7788
4803	
6169	
12243	
10440	
1030	12338
2773	
570	
2854	
13900	
1769	
9847	
4218	
11084	
10345	
9797	
15574	
6561	11784 525 12259
9637	
16414	
10679	
10409	
10160	5203
9100	
4106	
14257	
14673	
15331	10288
190	
16073	5203
3712	
1406	
10878	
15775	
7540	
8660	
11973	
627	12583
16233	
7412	
7430	
11006	14039
13923	
13514	9042
12837	13039
13371	
9866	
5145	10370 13307 5143 2283 8821
5670	
5827	
1601	
14325	
14075	
3610	
9922	
1155	8133
8848	
13848	
2578	
6558	9034
9522	
1088	
11316	
197	2984
9644	3432
13969	
8152	
3383	
1824	
6689	
13874	
10528	
12674	
7139	
13728	
2293	5203
1762	
6867	7788
6067	
11295	
6778	
9154	
16497	
4890	
10330	5010
13019	
16022	
8095	5119
5149	
13484	
4807	
15287	
15330	16054 13003
1920	
6285	
11357	
6334	
517	2994 16228
2987	16054
4412	
4951	
2820	
10460	
14901	
5943	
12079	
10095	
6146	
10843	5203
5129	
12791	
11210	
4688	
11669	
9473	
15328	
8786	
3637	
4934	
6545	
4431	
6289	
9171	11482
2023	
11668	
7475	5203
6283	
4194	
6879	
5929	
13111	7788
9748	5203 1529
8862	
14195	
584	5050
8858	9728 14563
141	
10228	
15480	5203
10395	
5285	
6162	5203
1828	
13899	7788
4208	
13689	
9125	
5646	
2114	
4717	
3929	
14887	13788
23	5499 4323
4630	
15206	
13128	
12392	6815
7477	
1745	
11584	
4828	8567
15565	
4221	
6992	
16141	
15247	
15892	
10320	
14859	
9587	
11999	
2387	
12400	
7213	
12620	7788
7207	
1764	4465 16054
6799	10370
6122	
13919	
14860	
15501	
4292	
3564	5203
176	
13838	
4998	
11454	
13083	
15924	
11377	
11701	
16123	
6063	
3370	
9645	
6203	
3097	
9603	5203
12502	
10893	
4540	
10658	
12154	
10277	
5942	
10368	
3396	16170
6775	10575
9818	
13885	
8266	
12663	13788
3572	
12758	
3399	5203
11400	
11141	
2716	
2499	16054
14332	
7683	
2557	
6713	
15297	
8296	
2217	
3062	
7854	
14103	
7414	
13413	
11731	4465 16054
8819	
12888	
1244	
5938	
13002	
7103	
13519	
1334	
413	
6406	
12171	
2327	16054
8828	
6571	5203
1100	6772
2436	
3027	
301	
837	
15643	
9434	
13376	
15683	
8055	
3454	
1740	5203
8251	
1718	5203
11443	
10632	
15014	
7527	
991	5203
8520	
13076	
2868	
13249	
5089	
8728	
11308	
14845	
3118	
1965	
6950	
5397	
7578	
5873	
6739	
1754	
4923	
2	
15469	
11756	
274	
9262	
4942	
7957	
5970	
1807	
13852	
2064	
658	
10495	
4602	
5351	
95	
697	
16321	
16219	
12080	
4429	
15553	
5229	
1258	
1565	
11573	
12419	
3760	
4009	
1077	
12404	
5313	
2944	
14876	
11859	
3913	
6140	
2805	
7550	
15702	
3077	
14357	
4695	
3691	
6204	
5464	
15394	
7231	
3857	
6973	
15088	
2317	
6697	
14390	
9096	
7421	
5120	
1547	
15315	
12271	
14293	
5766	
5009	
7427	
7306	
825	
13893	
7034	
10882	
9082	
5751	
10501	
7905	
14930	
1176	
16422	
1856	
10387	
7846	
3809	
536	
1004	
9674	
2941	
8414	
13956	
8909	
12420	
13096	
2541	
14521	
8714	
3785	
4554	
4189	
2234	
6792	
14022	
2203	
10336	
10489	
11152	
8272	
15805	
12632	
15685	
14029	
12124	
11652	
1947	
11363	
6396	
1951	
3448	
1540	
14378	
4098	
358	
9694	
15710	
5945	
11949	
14759	
16162	
7789	
10348	
6781	
6556	
1481	
3109	
11465	
611	
3593	
5315	
4272	
10243	
10171	
6038	
3393	
11265	
1224	
2653	
1213	
5162	
12875	
14592	
10031	
3160	
5287	
8678	
13997	
15341	
7514	
1614	
1765	
446	
11911	
8916	
8690	
11209	
7710	
5787	
14620	
6095	
15403	
3652	
8105	
11097	
8437	
316	
9091	
724	
6458	
5800	
5937	
11635	
13517	
10462	
11805	
7787	
589	
15519	
10304	
9492	
224	
13526	
11240	
15790	
14617	
9504	
11445	
2130	
1150	
2448	
14561	
13049	
7206	
7026	
4814	
13718	
3086	
8058	
6193	
804	
1246	
5983	
2374	
16460	
1743	
465	
14125	
3143	
9260	
3899	
13949	
8378	
7866	
9482	
6344	
5027	
1866	
12359	
9470	
16434	
5310	
10837	
14129	
4192	
1399	
108	
433	
9787	
16538	
13654	
6184	
12055	
5551	
3457	
13955	
9029	
7099	
10068	
8384	
4648	
7234	
12495	
7645	
9414	
7433	
2670	
15967	
3293	
5116	
1086	
4191	
14568	
8188	
5401	
15514	
16190	
14006	
3290	
6192	
4929	
3231	
6076	
13801	
10057	
8602	
14228	
6858	
11121	
4579	
4202	
10311	
7591	
5962	
15070	
16382	
10018	
563	
8121	
15859	
7114	
119	
2902	
11651	
10951	
10394	
3096	
6918	
308	
4665	
7419	
13901	
16273	
1267	
11162	
8554	
2900	
74	
11413	
9083	
15889	
430	
1161	
4863	
19	
10827	
5048	
9537	
2613	
7520	
4936	
13565	
7140	
15847	
7877	
16257	
10186	
16247	
8627	
11798	
11442	
11693	
7691	
7093	
11290	
3204	
14222	
13698	
155	
11199	
5639	
4308	
13456	
4523	
10541	
5508	
12621	
1860	
4778	
10117	
12453	
4119	
9855	
5575	
4341	
14966	
7541	
15256	
10613	
8516	
11627	
13217	
10979	
207	
12708	
8428	
6682	
9666	
9390	
4952	
7585	
1300	
12508	
6159	
8166	
5882	
9706	
9203	
14165	
6695	
10115	
12092	
1434	
8920	
319	
2480	
3878	
2413	
8323	
6313	
7373	
5579	
3780	
9807	
2078	
10281	
12610	
7847	
15677	
5178	
5497	
11722	
3719	
8209	
8065	
7993	
4906	
3969	
8067	
4077	
11334	
10587	
14384	
4917	
6848	
7215	
6758	
3365	
13524	
5347	
2878	
7899	
13110	
3541	
5017	
671	
12329	
15416	
3726	
3497	
14418	
15240	
8929	
5432	
8527	
10154	
12918	
12293	
13220	
1207	
6299	
9489	
10601	
14066	
14706	
4115	
10675	
1597	
15757	
13632	
9638	
13130	
12369	
6801	7788
8664	
6961	
972	
13636	
2636	
15121	
13803	
8938	
2346	
12228	
6384	
15950	
11486	
1836	
7625	
5021	
1275	
8556	
10059	
12899	
9206	
10148	
4817	
15415	
4600	
10253	
14206	
8109	
4059	
9156	
3188	
1070	
15583	
13596	
10533	
3315	
11962	
133	
6302	
7280	
14453	
3872	
5141	5203
2856	
16064	
322	
11231	
15249	
12566	
2294	
1302	
14298	
2985	
13897	
15402	
5438	
13379	
13795	
13169	
1897	
291	
8943	
11714	
10456	
3814	
7539	
1666	
10653	
14875	
16279	
2375	
13706	
13576	
3869	
12125	
8137	
12953	
15740	
13613	
16319	
12411	
13141	
5813	
3951	
7785	
8145	
15980	
2490	
566	
4459	
9229	
5568	
10531	
7598	
9947	
16176	
15029	
1186	
6642	
13964	
15153	
6200	
15672	
12202	
2510	
10859	
8477	
9058	
14242	
14305	
9324	
6228	
4376	
1651	
3771	
10725	
14045	
10678	
5375	
6158	
10143	
13692	
10769	
1848	
11313	
5061	
1934	
4749	
12162	
6560	
1525	
10773	
7457	
15558	
10738	
4751	
14737	
3171	
1576	
4233	
12985	
612	
1387	
1426	
7339	
11585	
13419	
5288	
11877	
2182	
10054	
8955	
5479	
2809	
14892	
1709	
10442	
2921	
12091	
10306	
3369	
4756	
15130	
7174	
3880	
714	
16068	
4651	
11587	
435	
12366	
12150	
7069	
2884	
2341	
13383	
7307	
10732	
11344	
2909	
4743	
984	
9405	
13905	
2760	
2400	
11237	
2790	
10297	
8995	
13343	
9743	
1432	
8203	
9867	
2045	
9691	
5893	
10758	
13314	
15023	
5356	3523
10722	
2910	
11675	
9049	
3187	
7815	
5350	
14553	
8562	
2202	
1455	
1123	
4177	
5110	
10009	
10763	
10435	
4727	
13531	
129	
1220	
7110	
10463	
8580	
10640	
6515	
12548	
3480	
217	
1329	
10584	
16117	
10084	
15837	
15782	
9846	
403	
5004	
9201	
9133	
6619	
13896	
11337	
9974	
10478	
9298	
3693	
602	
4427	
5593	
1779	
2606	
13722	
6580	
4542	
15352	
12282	
6860	
9902	
6117	
680	
15992	
3921	
9973	
14518	
2348	
3784	
6905	
7177	
2367	
3774	
9308	
5453	
2414	
6246	
7966	
14862	
6755	
4614	
2169	
6596	
3867	
6933	
1353	
12146	
11538	
4259	
10627	
13227	
88	
2009	
12384	
14564	
2109	
5047	
12665	
10945	
10641	
6085	
14797	
15441	
5255	
7008	
4196	
13124	
15913	
4163	
7340	
6181	
3489	
14573	
10213	
7285	
16140	
12743	
11055	
15082	
10184	
3975	
10338	
1319	
4023	
15399	
4364	
11018	
11361	
14675	
7196	
6920	
13295	
8575	
116	
15196	
11448	
7526	
16526	
1573	
9979	
1865	
1357	
5633	
15496	
1826	
5501	
10323	
12587	
7159	
464	
6861	
2585	
13486	
11855	
12519	
3554	
5212	
4646	
686	
9281	
13866	
3873	
9247	
15871	
4981	
5547	
6044	
13325	
1451	
10012	
10516	
4697	
12365	
1189	
11276	
10988	
9462	
13239	
8325	
4172	
11082	5203
4408	
5946	
12866	
6018	
8310	
5963	
3937	
11336	
12691	
8440	
14496	
11988	
11636	
10616	
3678	12821 7482
6916	
9450	
5483	
6849	
56	
311	
8454	
10785	
4611	
7835	
6590	
7507	
2461	
9718	14529
2206	
1694	
4135	
10425	
8822	
8252	
15477	
159	
766	
15162	
14147	
2652	
16100	
15060	
1939	
13554	
13296	
13113	
4729	
281	
3950	
4460	
12187	
8443	
7155	
11658	
15540	
1167	
12824	
2651	
16082	
15317	
3671	
1301	
10061	
6016	
5488	
13629	
2580	
15434	
9657	
15041	
5444	
13463	
4968	
10753	
16131	
13475	
7981	
7190	
15257	
12354	
12929	
12305	
10835	
947	
9812	
5932	
7175	
8769	
5780	
10793	
11343	
146	
14742	
7731	
793	
13912	
10736	
12009	
12639	
11184	
106	
13280	
6363	
2505	
9398	
13495	
3698	
5032	
13764	
13281	
8948	
14273	
10698	
9273	
13143	
11843	
911	
10015	
4186	
12830	
9479	
6048	
13018	
11197	
2975	
6309	
11562	
4154	
2795	
11195	
7940	
3996	
7344	
7455	
502	
10970	
10350	
6343	
7486	
14643	
3679	14529
10525	
10088	
12900	
970	
4943	
10510	
1194	
4940	
11991	
12117	
5801	
1696	
10939	
10252	
4836	
1338	
2792	
3904	
7756	
6733	
959	
12086	
10831	
3320	
10285	
9714	
1011	
10507	
10854	
2641	
11868	
4500	
1322	
5607	
15810	
4002	
9551	
16114	
10703	
11548	
2982	
2898	
6559	
1681	
5097	
7878	
15881	
14217	
14275	
2576	
12628	
15303	
11469	
2451	
528	
15915	
1814	
4862	
14989	
3431	
15801	
2938	
2630	
1843	
13061	
4550	
1574	
1941	
14541	
9295	
12993	
2117	
15164	
16200	
14640	
8647	
1589	
13469	
13328	
4682	
4180	
11739	
12307	
4696	
14052	
2915	
6640	
10125	
2831	
13617	
11801	
11782	
1519	
852	
13282	
13479	
16373	
13624	
8784	
5604	
2799	
14548	
15587	
4887	
8	
12388	
12494	
6543	
13482	
1587	
5745	
5699	
11824	
7407	
12234	
6360	
13959	
15213	
15929	
2423	
14036	
5525	
8416	
6776	
15522	
10193	
1211	
3994	
9596	
12288	
16152	
10926	
450	
16	
2547	
14913	
3387	
13975	
1790	7788
8811	
4955	
1527	
11115	
1805	
16528	
5875	
7389	
1964	
6824	
7777	
12692	
12286	
13523	
12577	
2879	
5984	
654	
10712	
7121	
3791	
687	
10514	
3861	
2935	
10210	
7173	
3046	
13315	
6508	
1714	
1243	
11880	
10711	
11518	
1958	
8898	
3360	
14376	
12931	
2640	
3639	
13510	
4752	
8016	
3344	
3000	
3966	
16320	
8824	
8349	
4214	
15369	
4001	
8764	
10857	
776	
7928	
590	
10153	
11992	
15937	
3281	
9337	
3254	
8327	
3055	
8044	
16533	
3132	
2548	
9466	
14400	
11676	
14005	
631	
1912	
2353	
13911	
10991	
16262	
8330	
6574	
1687	
8335	
1266	
9809	
8294	
3469	
8613	
6234	
8225	
2959	
5270	
12650	
4653	
4237	
13781	
8281	
8542	
16203	
14886	
6952	
366	
9381	
4326	
7711	
14767	
3235	
5991	
5560	
6702	
13407	
15976	
15228	
2750	
4702	
4510	
11051	
10560	
12163	
5772	
6630	
12128	
5808	
5245	
14851	
10234	
10134	
15067	
5729	
9000	
12573	
544	
10511	
15555	
11919	
11239	
15509	
9997	
12407	
13694	
12199	
15106	
14765	
9719	
3426	
14078	
8998	
4664	
12517	
4371	
12051	
2196	
5992	
4732	
1282	
5090	
1261	
13024	
6981	
3141	
3888	
11463	
3507	
10152	
9275	
10818	
9739	
14313	
4706	
5305	
4441	
785	
5589	
13612	
16109	
13819	
11853	
15698	
9517	
11151	
6633	
10223	
5769	
2047	
5427	
13929	
12383	
10419	
6082	
10181	
16490	
5865	
2310	
16412	
12770	
14798	
4244	
6378	
14633	
892	
3833	
667	
4121	
12741	
10804	16054
7241	
8633	
9147	
1981	
11959	
14180	
13601	
12505	
8934	
4324	
7205	
1781	
4709	
6549	
8697	
2929	
8595	
14068	
12241	
15959	
9808	
13430	
14199	
14054	
5281	
7361	
15823	
16265	
11275	
3319	
9924	
3795	
6084	
5395	
4068	
13677	
13365	
9825	
1792	
15768	
9821	
2411	
2911	
13812	
13042	
1771	
4254	
1212	
346	
2587	
14944	
14447	
4809	
15233	
4558	
5687	
13635	
10430	
16292	
14926	
15730	
13699	
11056	
12409	
12149	
15450	
11682	
7930	
12836	
1822	
336	
8959	
14667	
4639	
4351	
12249	
2933	
11558	
4325	
6257	
9583	
8686	
5020	
2161	
4555	
11554	
4475	
867	
256	
7819	
620	
12811	
2312	
14709	
6880	
11938	
7722	
7220	
11768	
1858	
7513	
293	
14452	
10407	
10521	
15214	
7679	
15840	
2183	
5049	
9399	
15000	
3964	
3871	
3245	
2178	
16397	
11841	
12792	
6507	
2010	
12169	
5359	
3537	
5130	
1962	
1299	
3441	
1147	
10157	
15726	
1799	
3066	
6273	
10017	
3004	
14582	
12768	
741	
13815	
9419	
2595	
603	
14900	
14278	
8950	
9144	
10482	
221	
853	
16435	
13849	
14978	
13892	5563 12477
10680	2734 3891 2421 5912 11129 7051 9502 15422 2917 8243 4987 14526 14081 6888 12098 5037 9016 14833 12459 15932 12313 13017 7067 8665 12853 8799 4383 457 10849 9850 12482 15541 2971 11409 716 7512 9534 8395 12222 7160 8551 11814 2659 726 1802 10067 15944 1841 3824 5283 15692 12221 6383 4302 8256 3725 14777 15581 10790 16509 11765 4970 6623 3391 8901 13890 10291 1331 15580 14571 15457 15784 13669 3408 9980 11530 14846 206 11937 13132 12545 2610 7611 8315 15325 6210 16408 11904 15656 11185 9814 2530 7566 6066 3345 9989 11390 3114 11379 14879 7328 4448 11850 5964 7033 878 1087 9166 9209 11689 11297 13335 9835 3592 7088 15560 255 10396 7788 7761 15452 4197 1844 1998 4627 4000
1182	9016 4944 15116 711 3037 2984 10897
1416	10748 5856 7504 3296 295 1115 5070
1802	3525 8187 8024 15792 15457 10680 11409 10816 6692 12564 9502 7965 9865 6210 14515 795 9042 9445 8431 8395 2971 14131 2184 878 726 2610 12853 6910 14081 9815 10593 3881 14777 1081 1474 9901 11873 2145 891 9980 16542 12701 1087 2984 15116 6567 5594 12988 13046 14719 10230 6838 15418 462 9880 5608 10790 5428 8738 14511 2968 7067 9223 12358 14986 8172 661 2917 2324 12452 6188 6786 14244 13788 14102 9558 5283 1115 13673 4640 7792 3120 9543 14039 3456 14514 9230 1110 11502 6383 10788 14787 8243 2752 10067 10644 8799 11726 9224 1892 2895 14194 16186 8856 6163 9016 15177 1374 11689 3123 10662 5499 4847 2571 4267 9890
15422	14889 10680 1892 3467 9617
711	7067 16230 4034 12545 2984 2932 7788 13890 1182 9016 11886
12914	12853 14621 9430 11379
4782	15112 2984 15481
13194	13047 13122 9280 14621 11873 6188 8856 14903 12114 8567
11989	1626 13946 1318 11042
2266	6567
4946	8187 15236 4669 7067 7788 14740
9339	9016 9890 10422 15116 11085 14511
6786	4352 9865 6433 15792 12358 14924 5782 3467 2968 14511 9016 917 3881 1474 15091 14986 2971 9815 11873 3525 6910 2421 10816 13454 2324 11192 3710 1457 3522 14903 15708 14719 14194 9901 9445 6567 10981 5499 462 4847 13046 9223 11689 251 406 9880 4640 10593 14515 2999 5608 1686 11502 9980 1374 11392 3456 1802 525 9611 15227 9798 13090 6163
10744	
6821	6105 12666 12560 10357 3345 14514 8856 11937 15896 11971 8243 4736 8256 3172 3268 6066 10841 16471
223	12853 4207 2394 11689 6659 14621 14252 1177 3123 2031 14320
181	
9392	11409 4508 8157 6692 3525 7160 4522 2145 14427 8737 14511 8738 8401 8665
10897	1892 10816 1182 14903 6383 13549 15783 8509 4011 9617 206 1331 488 14511 15116 8449 12372
12998	2462
1531	9016
2210	4767 13979 726 488 9209 9042 15452 13659 15457 13388 13223 8243 2394 7291 1892 7051 10908 2530 16047 4000 7185 8024 10841 3114 6163
1374	6692 2421 6454 15675 3525 629 2283 10575 3240 6786 13223 8588 8157 9572 6910 3067 525 2324 14194 11409 4640 9445 14511 13673 2971 8024 3456 1802 13046 9016 10790 3670 2968 7788 1809
9731	
10667	11873 9202 2971 14986 7185 4352 11689
14081	10680 9689 11990 6066 1892 10170 1081 9502 2917 6692 1802 8243 2659 442 8431 14777 9016 6910 3114 14719 5428 8738 15049 13046 10314 1087 8157 15457 15452 15932 11129 1841 3467 4383 14621 14244 6163 4640 2283 3456
374	1457
2774	1443 16401
1103	2242 1099
2968	6174 2324 2145 14777 13673 417 9223 3676 9445 9901 9016 15273 3710 10559 6692 3881 9815 6910 15873 14986 527 10816 5086 8431 1374 251 9459 13046 8738 10308 8267 9880 462 14621 10540 9604 3067 2971 15091 1802 9558 11497 7313 14511 1081 8187 384 6163 3525 4640 6786 14719 7986 14787 6383 3456 3697 6644 6567 9890 14194
11689	10055 2063 13890 6190 10790 3467 5405 10540 10667 527 7413 10816 9209 15944 7626 9016 11749 442 14120 14020 10053 5514 3083 9136 7422 15813 7469 12564 8431 10239 1701 1424 4640 223 7016 8063 6567 661 10357 1742 14039 9572 15436 4346 2031 6402 15091 462 2984 9903 14986 4858 9097 3510 13710 14621 10680 8122 13788 9353 7919 9259 9989 14244 6910 4594 12526 878 15116 14594 8856 16346 12545 1359 2643 4197 8665 5783 7822 3456 5086 9980 530 525 15674 8350 3375 5500 1802 3122 11379 8863 6786 2473 15922 9815 15176 5428 2283 13046 1810 11206 1463 6659 15833 2421 11085 9798 3700 206 6163 10811 8738 14337 15320 9042 1321 15227 15708 10662 9901 3114 15640 16374 8385 13228 12659 4847 10114 10841 15873 3853 11603
15016	15274
3725	10680 11379 9901 13628 1081 10662 10067 8615 14719 5428 6910 462 11876 14039 5114 8157 3881 3261
11995	9664
6663	9445 1892
4267	2971 8417 1924 15746 3710 8738 14621 961 462 11873 15116 2907 1802 8112
11800	11732 20 6627 16045 15746 8692 14606
2971	5594 10593 6454 11873 7998 13027 8395 6692 917 481 9008 8187 8157 10659 6174 3456 9815 3522 2421 8670 8610 10644 9590 10291 14401 1374 9016 12222 10680 3525 4267 3881 10667 3442 295 417 1892 9572 2324 15675 1081 2031 11732 5283 4197 9880 10885 11379 2968 6383 11192 795 13223 9989 9445 3710 14719 8315 1821 616 14621 6749 8628 10090 9890 15746 10790 16054 12701 4640 4572 2438 6707 1759 8856 11271 878 525 2887 10662 7965 15944 1087 12853 13890 9209 11530 14777 6786 15640 3114 1802 6330 9980 12361 14986 9558 7788 1474 11409 6910 14511 2999 2063 8665
14527	14248 3016 481 16230 14362
5783	14120 462 4197 1759 11409 11379 11530 6919 10230 6163 10790 0 11689 12853 10291 7118
11266	14787 10575 13307 6224 9520 3157
13890	12701 10680 14026 3398 11689 2950 10681 345 2865 9617 5468 128 5594 6469 16530 2917 15633 11409 97 12895 4628 730 7956 9572 6179 10455 11324 2971 5752 15944 12313 11194 8708 1713 5283 1117 5364 10642 14566 12119 10321 817 5121 2835 90 2534 3599 9016 8923 13079 3473 5716 1247 3807 12386 2344 2705 14035 2873 7096 7304 14719 6910 10606 2983 8431 12297 13673 14962 8615 15792 2020 1474 6061 8187 6163 13132 9033 4026 14512 7560 13090 12192 16084 15091 711 12853
13027	13193 3411 16048 4636 15704 3508 4763 11948 12313 6551 222 15311 10396 9759 8024 575 10816 2458 10128 6190 15999 6295 15227 3898 2971 47 2643 2410 5782 392 14296 5217 128 5069 9445 3147
3587	11182 3327 9529 5112 767 3737 2659 9459 2571 10028 7346 2297 2994 16045 18 4496 14931 16228 9571 967 8545 12763 6487 15389 4199 15716 14998
7708	7338 11886 8319 12940 4847 14039 878 15483 8112
7268	5059 5647
8431	9543 4197 2917 8256 2287 8243 6350 9016 15629 14081 10986 13216 10032 4669 16268 1042 3522 1802 2835 10067 9590 5993 16356 12192 12821 8923 5428 14962 1188 6557 8187 1526 10918 9798 14635 10527 6218 13890 3473 12853 6179 9572 8173 14719 2000 12216 9081 5251 8198 2637 3456 2968 14746 6224 4885 11689 4636 11971 11509 13673 9574 10344 14150 6163 16084 2984 3631 12348 8665 5364
9680	
1403	
6502	13223 2232 13265 2530
9865	1081 3467 6786 1802 9815 9445 961 6900 14511 5128 6910 7515 9013 13046 10508 10790 7788 3676 14194 3456 726 795 6692 462 3881 14621 11178
12683	12192 13464
16124	
5782	6786 14903 11732 5014 13027
11381	11437
8735	15568 6163
11129	3304 1115 488 457 9016 9209 4000 10490 1892 4864 15819 14081 4970 12564 14621 8732 462 10680 3345 14719 15367 9980 6374 14777 11937 16136
14801	15783 4753 14950 206
9223	3881 2324 1821 10788 6910 525 4640 14986 9572 3456 2968 1802 14777 9445 3525 8738 14719 2939 251 13464 6786 6692 8243 7822 3710 8665 15631 15873
1844	8157 3891 9449 9016 9558 15091 10680 15116 6163 3341
13915	
12840	1892 15304
11901	
15190	5283 9016
7283	9571 3891
2724	
15457	6838 13388 9042 6593 9455 6066 2304 14081 2610 5274 1802 7185 8235 10680 3114 295 442 13659 7051 3248 726 15792 8157 6383 3345 2530 14903 70 14777 15091 2210 6623 526 8243 9572 488 10166 15922 3828 8315 15116 13046 14244
14212	4771 9230
9534	7120 3391 3261 10680 15580 9901 15541 5086 7185 3122 295 4847 5428 13046 15452 1892 14719 13628
1548	8063 14461 14516 4847 8157 13090 1427
2383	9993 12007 292 2917 9946 661
287	
14369	11873 13047 3122
3825	
8675	9502 5002 2917
4252	10067 3525 8738 8665 6163
2984	1742 14240 7083 12024 3576 8431 3375 10998 5500 10053 5289 9051 7805 5018 13650 3711 3525 11873 15674 1999 2330 2473 10924 12773 14367 10315 4944 711 1087 3255 1802 14120 3717 3391 9016 5003 13142 11784 14368 5050 10575 4861 8618 9903 16472 5726 7480 15640 1222 4824 3670 15091 1204 487 15562 6518 10790 13285 3029 12735 12247 4782 11497 9965 462 14810 11175 8739 11501 11364 15112 10919 5345 14039 1182 784 5573 15491 14719 13743 11690 8253 4847 9989 4852 11691 1608 3180 4084 15116 3697 2438 5283 7313 1398 12348 14124 12714 10437 13750 3243 1245 5969 1543 16446 16444 1037 11409 8820 11929 15873 7535 12783 13669 14621 12967 9969 7352 10811 197 473 3654 2201 10565 11792 15132 1296 1511 3841 16047 2826 6644 4733 11689 15481 1053 5613 516 2136 2731 6194 13954 4939 7411 9708 174 12550 11453 3723 522 11304 3352 10943 3848 16010 4985 11861 11886 9123 11085 11040 759 9032 492 4219 891 6648 3874 13307 15485 12477 8077 9322 16441 5428 1647 8856 3536 4197 2577 6853 14937 9975 2145 1849 5086 12136 16171 8665 12853 11341 1048 6163 1273 1737
13586	
13188	9987
4197	13921 13132 4883 481 6089 8652 4173 3954 5428 8759 3198 396 5283 11409 3770 1462 16038 1119 5573 7855 5608 11379 10790 14621 7788 4618 2917 12853 10046 2450 2031 7024 5462 235 9190 12829 14039 4847 16054 10370 2984 13046 10100 462 4640 4829 14977 8063 1759 905 10680 7746 1905 878 11530 6603 6639 15891 3467 9081 9209 9571 2571 8665 6980 8997 2891 2971 8856 15305 2682 2320 10810 12799 8318 10291 9005 14599 8431 3670 15091 10556 14986 12507 6443 14422 9989 3456 5783 9980 11689 9937 10916 14799 15483
4645	1256
1443	2917 8839 5428 2774 878 9558 292 14362 7630
913	3881 10067 7411 10635 1081
527	9574 14777 11726 2968 10790 961 251 16097 11873 10816 2324 14719 3456 6910 11689 2145 9980 14986 15873 7160 9445 5428 6692 14194 4640
5500	12853 14368 2984 14120 3255 1892 7919 4766 5428 9016 11689 2473
12895	13890 3198 3525 14777 4284 1474 5492 8157 3456 13046 12134 7956 14511 417 2145 9016 6910
8187	8466 9502 3525 6454 12385 10830 2971 1802 1774 15675 6996 10370 10100 5028 11271 4946 2145 4640 11501 1474 462 4902 6974 4824 7471 5613 10912 9445 15087 6749 13890 14194 1809 1642 6910 4030 8431 3881 10313 13090 2968 8814 6163 10981 1849
10746	
3243	8267 4847 8874 4669 9445 8738 2984 3289 14511 13108 1236 2939 2283
4663	1529 5203 226 5539
1562	
814	9590 9543 16014 14039 4847 13889 12216 3709 2722 14123
2039	7965 3525
2015	9163 9572 11206 14846 6910 4152 12434 6804 643 1245 8853 14719 14981 11298 8172 5203 1892 9651 13810 11091 14024 14244
9990	
4206	13046 993
3960	9016 3421 1892 9980 14719 9430
7015	9532 1520 7822
9327	3458
4763	7751 481 13027 9572 14719 15311 9496 47 9212 1351 13090 14571 7997 1474 3147 9209 5499 7822
818	9459 14039 16045
11374	
8424	
283	3300 1642
255	9016 6610 10680 11873 462 15091 6163 3122
4766	721 9016 4640 9376 14120 15640 2473 6910 14621 10662 15116 6224 16038 7413 5500 1892
4266	
7512	12909 251 10662 16408 2571 10680 8665
13659	2210 2530 9980 8243 5964 15457
12950	7581 9227 4970
15792	10644 9209 9057 13388 488 9016 1802 8157 8243 3345 6593 15457 726 6786 1115 13890
16151	6197 7917 1712
8596	14179 2957 8308 9885 2067 12525 10841 2458 14550 7077 9908 6105
3052	8054
2734	10680
14652	
11352	13788 4767
8054	5102 3052 12341
8014	525 98
16504	1892 8036 5428 1477 10644 2813 7948 6910 14362 14621 14244 3676
13223	488 7087 10211 5457 13844 12821 9474 1738 2971 9209 8732 8372 525 1374 1701 16239 6502 14883 387 3288 1892 5217 12853 2210 15090 11409 8064 653 14111 5250 448 14425 13045 14411 5283 13212 15819 5030 1821
10033	
14586	
16288	9980 3421 1020 4967 9430 2873 10575 6224
4279	8724 13321 6013 5891
3298	9042 2530
11418	15704 2031 9432 12853 14846 10790
5102	8054 1618
2119	14279 10074 5498 13034 7817 5588 16239 16437 7933 7185 866 15580 10067 9746 6983 7504 9016 9137 13946 1667 276 6210
443	14337
13388	13454 2210 15457 7440 15792 345 7185 12355 10166 772 488 12850 2610 15326 8157 5594 726 11873 15116 8243 8901 235 14621 6623 7761 9202 9980 7319 2643 4970 10841 15091 8799 6838 7051 1892
6900	5230 6833 12074 1553 471 8494 9865
11320	
10106	11893 2662
14296	10669 10067 13027
6073	9617 10644 5428 3881 9430
2764	
13788	206 910 7917 6174 6155 10876 6418 13763 6151 15290 15731 1132 9908 4561 8776 14179 5603 7630 4849 6818 6397 15144 15807 16072 7254 11433 13844 5883 2745 16048 15150 12313 9630 7358 10559 9733 5221 1988 16275 977 7129 11867 14014 4330 2895 9235 3984 6419 11724 10508 634 11352 16464 4835 4844 12821 6841 194 6362 12658 12934 392 3462 9204 10286 4683 11624 2458 9767 3177 9746 475 6686 9447 524 11050 14841 285 3990 9744 1072 1254 15678 729 2471 11429 467 6579 7528 4718 7603 1570 11971 6105 14719 9472 3412 707 5636 3274 7462 16539 12659 16345 15467 10790 887 10259 9729 4847 8418 10706 12525 14039 11291 14736 3008 5114 13610 6030 4616 2737 14269 6410 15377 6856 6359 15707 8195 9896 11923 6964 14881 6737 9662 8002 8322 14342 15443 7862 5366 3667 5625 5835 3629 9234 6654 14792 14887 1813 9064 14555 9602 7714 8363 4674 12701 12951 3892 6019 7087 4736 10573 13440 10737 15615 4858 14813 6597 2272 14547 15018 2299 4323 647 3159 12446 5157 8592 13746 10795 12226 14362 15230 3881 9631 125 2786 12718 3227 15914 14950 179 2612 12663 3050 14443 2334 1802 14244 4603 5557 8725 10356 7716 14774 3704 9150 15157 16026 14575 14921 735 5581 556 5418 4507 369 6112 16163 13158 12641 9885 4948 5454 14902 6587 6753 13266 5286 3922 1572 5513 6485 12721 2198 14160 8372 6834 13347 11221 15529 11566 12853 7364 2224 8643 11034 12330 10579 2208 16392 7707 14064 5688 9186 3690 12477 15554 7749 2495 11689 11605 16188 15175 8566 10159 7482 6368 7568 1112 12437 7381 14457 3119 13640 3631 12255 13259 10224 986 14610 8402 12561 9478 8543 903 828 9811 6539 6670 10841 7892 1924 15515 11189 7556 5767 2311 1315 12485 5472 1684 7530 4698 4255 401 5777 10299 3638 9019 4071 5678 16049 15367 3176 4234 7745 7376 8449 15237 4980 656 5336 13865 1502 2371 8999 12786 9917 2292 10864 919 7320 5643 15577 15042 15104 13040 6451 9321 15131 7859 1007 14928 13264 5411 7327 9068 4884 11846 1239 10045 8798 8856 1750 8339 6521 3952 9572 1880 445 1304 5499 128 11726 1172 7831 4389 2056 2974 11279 12511 368 15748 5070 4821 1942 3755 11816 5377 4203 5878 2104 2850 5860 5383 1516 9554 14407 12885 14473 13717 1816 8830 123 3137 16534 2435 4767 5523 3750 10536 16128 2139 5727 16138 7001 2268 9891 13228 9890 1446 13432 11382 13221 2518 11600 3934 11870 6345 8739
3041	7084 10168 3124 1841
5799	12361 6888 1952
5533	15452 5912 10644 11990 13046
12539	
7441	
10235	
15461	15640 11557 14120 1810
8497	
8856	1802 3456 8885 14039 7855 2571 12564 13194 4847 11873 10816 7566 251 5753 4197 462 8738 643 13788 9890 2044 10662 11689 15273 9280 4636 13122 6821 1813 5727 10508 5050 2971 9430 2984 14719 9558 8237 8385 14571 6163
4553	10879 11198 2029
708	11593 15430
12134	12895 14511 2046
1505	1115 15963
237	12057
357	12520 1345 10713 8214 7915 9020 4171 12049
14511	8874 9865 12895 1374 6786 8024 11873 7956 2145 15452 9209 12853 3456 481 3467 12988 12134 3525 16346 10897 6454 878 2421 9445 2320 15581 1636 8738 1802 9980 2971 2324 2917 6910 10790 13046 462 10370 3243 8157 15091 1474 9901 4858 9630 15568 9008 2968 10816 1424 9392 1892 14719 11409 9016 5492 251 5725 9903 7788 9339 1273 2283
6664	298 5203
15814	15292
4331	3530 15944 15235 3005 846 12532 8086 8135
6443	7855 4197
10086	2766 3157 14656 7788
8466	1892 8187 12864
10924	15116 2984 11873 1686
6345	5428 11873 11085 5499 13673 9890 6903 7253 2299 1072 13435 14244 13788 7381
10233	5203
4307	13774
5651	
2558	
14587	
960	15819 14244 1641 14986 8665 9459
9716	
10743	7436 7070 9488 11042
12054	6910 11437 9520 3225 4219 251
16047	15436 10865 11420 462 488 6910 13046 3670 4000 7919 2210 12853 16417 3345 7566 2984 442 3114 7185 1115 6143 7895 15091 3172 4226 10841 15116 8243 1942 8385 2283
11529	11222 3700 2473 9016 14621 7413
1474	3710 4763 13890 1802 15944 2971 6786 9572 12895 9008 5492 525 9445 4383 5594 11873 7856 9880 8187 14511 3456 471 917 8874
3729	6210
339	
5909	
14576	13600 8665
4084	2984 13673
8732	9016 2999 8243 6066 11129 13223 3828 8665 5114 4970 13090 10540 14244
5725	138 9901 11379 13777 7788 16054 12853 5428 13336 10291 1089 8237 14843 10790 14621 1759 8665 15952 2592 5283 85 9989 4465 2031 14244 11409 11886 6541 4640 14511 9980 13132 12338 5455 4231 594 15091 1896 16038
14903	9016 3467 206 5782 15457 9209 12853 15294 2282 13194 2458 15091 2438 5428 14039 10897 11873 462 12372 15116 15783 9432 6786 9202
4640	11873 1802 8157 7160 10182 7051 4864 1842 525 11159 14889 13544 462 12853 4766 12701 6838 2917 7496 442 6433 4744 2324 2421 6910 4476 6692 10230 3881 3456 578 1528 6402 14081 7171 14777 2971 14986 12358 417 3217 9890 14787 661 11726 2968 14719 9901 3525 8315 4197 6567 9572 4494 13673 8187 9617 9746 6786 12348 7672 9016 8665 11409 11530 10790 3467 2198 14039 9880 5428 10943 5725 13046 16408 9980 251 3122 481 1115 14194 7788 9280 14621 9223 7244 2031 9989 8122 527 1081 1242 11689 10788 10816 1374 8738 14244 13090 6163 16038
12616	9474
8982	9143 12924
9359	
7581	4927 12950
15963	2458 10841 1505
12393	12821 9474
8037	8512 4231
11064	2144 13377 3406 462 7291 13974 3946 6815 16077 5018 11904 7895 13020 12526 14696 7566 13307 2421 11409 4145 10090 8737 6700 12971 9841 13995
481	4763 2917 4640 14527 8319 3411 2932 12853 11904 8051 12564 462 14511 471 5200 10790 15273 11873 7515 368 4989 4197 10090 661 14131 13132 2971 5428 11409 15235 9562 3456 15091 92 5018 5283 2283 14932 6815 7855 11903 4858 11346 14342 9455 7788 14621 11886 14244 14799 14284 11797 12477
5283	15190 9989 6749 11530 578 9487 6610 11706 726 13132 2971 9209 11409 481 9432 10067 10291 1260 2421 12853 8157 10680 15091 8665 11379 5725 13046 10370 1759 2339 2984 3259 7788 13381 1686 14230 1236 3180 4197 15452 2917 5428 13890 10147 11873 1802 3779 12313 9899 13223 12222 9282 14401 13090 16054 9980 462 10230 9890 512 14039 8023 7919 15952 10790
14677	8273
629	1374 6224
13810	10194 1812 2015
12018	6210
9246	14368 9016
10273	
5415	
3573	4985 1892 251 2571 10662 9573
12793	7788
6960	
2876	
5718	6904 6764
13108	16230 1686 10659 1892 5003 14187 7253 15483 3243
14159	
3813	9016 11873 251 7856 13046 6644 4847 8738 16038 9880 15973
12493	9502 15580 11409 13039 10771 3391 10455
9624	14920
11856	6692 15873
15021	
3799	
15095	
11512	14031 9014
11274	
4079	
3128	15032 8573
9980	11129 10680 13659 15524 9647 11379 8315 16356 9989 15032 11873 16288 9016 6143 14777 7670 3960 10790 13132 11409 2320 3261 9618 12853 9209 5994 3421 9901 11530 2344 14456 1087 14621 10291 286 2971 8783 14571 11230 7185 7788 15248 15483 2999 14719 7387 5725 6786 8665 4640 3456 462 3172 14039 8213 1802 10816 12661 13544 13228 2324 9202 13046 1115 7163 11937 417 332 15749 3345 4847 15091 6224 14511 7802 4197 13240 8850 2917 1892 6573 10067 526 5003 5428 10230 2365 527 9081 8230 8738 2530 1759 5743 14427 6623 7672 11689 13388 5283 8243 14244 16399 878 10370 12955
206	14801 9209 1064 10897 15640 4847 15783 13788 10262 15813 14514 9558 14777 8243 13228 462 12022 2458 10680 7638 869 14621 8839 5267 16038 6224 11689 10662 14244 14284 10841 13179 3172 6163 8901 771 15294 12701 10230 14903 16401 13710 9908
3274	7855 5726 13788 14957
4230	10185
16060	7054
10291	10790 15581 7788 10680 4197 795 13132 11409 11530 12853 5050 1759 15483 13544 11379 1892 8157 2365 15665 9032 5573 16054 9980 5283 4255 5725 8236 14244 5783 5428 3456 878 3524 3172 13046 10370 15091 1686 14039 9989 5726 2971 8665 7304 10540 14621 14194
841	7515 10790 13307 14244
5086	9145 14777 16211 3261 11726 8345 11394 14986 2968 3938 6295 11689 2637 5803 2031 15049 9534 12386 12452 15631 2984 8253 14853 5428 10575 3522 7185 14513 7276 14177 9741 16509 2454 2731 15873 14719 9886 11178 6163
3851	
2121	
10855	
14735	8235 3345 9474
6422	3375 11850 3515
11747	
12726	2939 16401 15873
11368	2003
14761	6831 2201 3301
8979	
5806	9711
16232	10179
3095	
3642	5203
8993	3863 15762 462
4139	60
1195	11409
12924	8982
12909	15580 15009 8665 7512
14546	7788
16129	1381 16336 4226 691
1842	10662 14244 9572 8717 4640 6163 251 6910 10540
3765	15116 6269 8157 14362 7895
11201	
675	1999
11696	8839 9946
1913	11690 13673
3115	14663
12050	13090 4909
12996	
6414	
7788	14351 2223 2598 1686 4483 2405 14292 9045 2471 16484 1230 14136 15429 2247 4198 5451 4197 13222 4207 5282 12988 4847 6752 2478 1927 10790 6431 9989 14190 11530 567 9882 2143 120 8237 3732 15908 4152 4489 5126 14688 9314 1654 13132 7662 2046 1552 10816 10291 12264 2971 16274 6047 7587 1218 9533 9129 11409 8157 4956 3793 10067 863 5132 15235 7068 6213 9865 12415 3830 3259 4295 1061 4428 15975 7874 13182 463 10196 3229 14719 1902 5921 11438 2765 13361 4296 9426 11550 13321 711 3456 462 869 531 6586 6962 10954 5405 10404 12059 12345 15272 12478 5143 7498 10540 6787 4858 8724 7304 4640 9012 16054 3954 6243 8663 14435 8935 15736 11393 5340 5118 12710 6517 5428 2917 5471 5283 15091 16326 8808 12405 14546 13340 7739 11886 8796 540 6815 9915 2031 2540 10817 3032 2618 985 878 8665 1761 2990 13771 3033 10539 5854 277 7162 12095 14893 9536 7133 12532 7100 4946 12750 8419 6498 2692 13142 5580 5218 9670 5725 13851 5202 2002 2680 14172 2186 9573 4103 5952 11066 7658 10242 12442 5802 11373 13147 6801 9590 945 2694 5195 12915 1236 304 10379 12793 14340 15147 15660 15140 10492 10086 8952 8217 7211 14039 15028 2761 6968 11379 10370 15682 5891 11085 1580 10856 1191 14203 15639 10781 9225 12853 593 15236 8486 6985 15646 15902 1157 14799 15451 4738 7638 9790 7043 1187 15659 8629 7047 653 9484 13355 3597 11394 3458 2270 1759 9980 11569 8199 3400 13842 15957 5890 10381 3522 15077 3485 3783 496 11766 5390 5949 8635 8889 6700 12699 9323 10500 7097 481 14237 1290 7502 2527 6910 10351 13111 14139 2732 14481 7179 3881 10680 13899 4161 14678 3536 15930 916 9416 6163 1790 8899 12620 15312 2767 8483 8068 12659 7424 6957 561 2727 10112 1348 1374 34 16178 8640 2087 507 1997 6867 4547 9592 440 2837 11542 11943 5111 14511
11354	
4875	13572
12121	5203
13028	3590
3067	9008 13673 1374 462 13300 2968 5428 10575
6567	2266 9572 10540 6910 4640 2201 6786 9115 7120 14719 11689 10816 1802 3525 2324 525 3456 2968 6692 9901
1196	
418	
6930	
4295	9779 7788 6752 5282
11530	10680 12564 10230 9630 11379 16030 5203 10291 9980 4197 4640 329 12853 2971 1759 11409 15116 6910 14719 8665 2530 3198 6971 14039 13132 462 4847 7788 3456 6124 7672 9798 16054 3670 15220 8023 5783 5428 878 15091 7413 8585 10662 16038 9722 13046 10370 9985 9989 12477 14244 14613 10790 213 1892 5114 11085 4411 10538 6163 5283 14120 10981
1360	
10459	10902 9252 14550 5342 476 10795 14411
3971	
4931	12424 6306
8052	9016 7817 6772 9042
11444	1671 15610 11399
4948	1641 13788 4411 10559
7684	7253 4207
3943	
4724	2473 1999 9016
9726	
9020	5720 15091 15769 357 8273 12647 5203
8903	14312
9989	10790 12122 2984 10291 12853 9487 11689 878 2126 15483 3391 9016 11409 11530 10816 5283 13132 1892 3180 2643 9346 16054 4640 7788 13446 2031 10370 1759 10680 8665 9445 6947 9980 11379 2971 6335 5203 4197 2283 5725 8023 15952
719	7244 4970 9928 2145 1924 1073 5562 8112
15385	
10490	11129 7751
12221	10680 8665
14431	
1892	8319 14081 5919 2222 2473 567 11222 9502 6383 8063 6984 13223 1667 13112 6623 1115 2330 3304 4864 12459 9728 1242 4284 9057 4975 8466 14777 12028 4213 12782 3960 15311 1802 13138 9980 11706 5018 2932 9928 11990 377 11074 8724 5563 4543 1061 5500 7051 4985 13454 461 14802 2917 8864 11457 12853 4868 12701 8086 14511 9016 11873 10291 463 2210 4302 5342 12715 12564 3732 3251 9890 10897 11129 2184 14136 9601 5925 8024 7201 2554 6663 12358 8364 9280 7063 12840 10853 16499 10659 15957 15640 11409 3525 9989 11961 12545 3473 13708 7253 13673 9210 8243 9137 14018 15833 1331 11530 14279 4400 7211 6707 9882 3573 2971 5143 525 14039 14897 8256 15581 15580 4476 4424 10905 4766 7185 3522 13108 15268 9445 4970 9815 15476 2015 16039 6830 10100 9533 2287 9848 3248 7926 16504 10913 5204 6357 9520 15422 3696 9534 12313 14719 4361 1362 13388
10077	
4215	6394
10044	
4380	8184 5203
14476	2961
4796	
10908	7291 2210
3676	9617 9159 525 8518 3391 9016 9865 11392 11045 14986 10644 7822 14028 8738 2968 9209 3711 6188 2283 16504
14639	15819 15896 8315 10841 7822
14882	15746 2571 11208
3036	10841
8865	10357
1413	
10082	
14364	
15582	8665 2063 4669
9497	
15983	
9267	13331
10902	10459
12984	
2160	15224 5105
917	6786 1474 11392 14986 2971 2473 15944 2324 4967 462 3456 15873 11178 417 6286 9016 14621 14244 6224
7621	
7609	636 12614 909
2777	4465 12313 16054
9511	3473
9536	7662 7788 15235 4617 1552
1582	10644 878 6829 9016 10575 2473 9032
7705	
5405	7068 11689 120 2478 7788 8724 14351 9352 2405 8319 716 7662 6213 15975 9484 14719 14136 3259 9533 9314 6047 11569
11140	15580 1242 11710 8864
10779	16001 8273 15091 643
13155	
3240	10644 2421 6454 1374
11007	12827 7639
3837	
3654	2984
10016	
9252	10459 476 691 12525 8795 1942 10282 9811
15690	
2243	13696 3184
956	10417 1642 15746
11509	8431
10269	
10710	5282
11132	7448
14504	9370 9562 14621 1686 3033 3559 3157
13746	14741 16199 10428 15131 2458 13788
2167	
11148	11387 10028
15093	
14362	10930 14527 3629 10833 9430 14244 6224 10067 3420 8739 13403 4920 4485 8211 5294 9155 11031 2678 16504 5030 12878 5767 12943 1443 13980 891 8385 14150 13788 3670 1013 3765 6008 9929 3516 9946 4027 1544 3673 11049 9890 7566 10574 5726 992 16014 14509 13132 1942
15440	12066
15273	13678 2968 2917 5030 14621 481 9815 2283 8856 13307 16401 6163
7544	7564 1784
8151	
15819	15813 12733 14247 9235 12564 7185 9540 10841 2600 12372 3114 8625 11971 442 2344 14419 11129 2458 11331 11937 9890 8256 16048 10749 12640 13179 673 14498 16471 6533 15175 10795 13223 12754 1641 13228 1864 5007 11390 10422 14533 7319 2789 5653 1361 14639 8643 771 6224 444 10517 15436 2305 1087 14777 8243 5267 15086 14813 9908 12597 960 556 13950 2844 3345 14017 2427 12666 6350 4847
15111	8374 6161 1588
10198	9640
828	9520 15615 11867 3934 10546 13164 2762 12255 8449 13788 4616 440
12159	
2092	15568 15873
16055	
5794	
5050	11457 5573 14194 9032 11045 3221 2984 11379 1896 15176 584 1731 11066 7313 9230 2731 5726 10538 11409 8856 13669 4669 10291 8673 8236 14039 8385
359	
1062	5203
4718	2330 5018 9841 7822 1064 13788 6224 6603 10090 462 11409
1098	15568 251 9212 1457 2145 6482 9496 1273 13464 13183 2438
11379	9980 1462 12853 9989 10291 10790 3391 11409 11530 13132 4197 14601 795 14981 7783 15091 13003 5283 9032 8363 15438 5725 4847 1383 462 10370 3456 5050 13046 8665 10981 9388 878 13090 14238 14244 1624 8652 11085 11689 1759 9903 2643 5783 12914 7611 13464 5428 7788 2971 12571 6163 13039 3725 1064 10680 14039 5203
554	661 12581 14342 8385 10841 12255 14509
15869	
3915	
8493	
4824	2984 8187 13673
9158	
15010	
9627	9872 11409 12341
11673	1428
11595	
3445	
2179	
13703	2410 5069 15298 3629 13684
9875	
2132	5631 12689
6741	
8628	2971 417 7855 14986 3456 13046 251
10543	11409
11580	
6402	9445 14986 9572 13628 14719 8237 3456 9901 454 3122 11689 525 15708 1457 11873 9212 15091 5428 13464 442 2006 6947 9890 251 2324 15568 14517 6163 15873 961 4640
8921	
8399	5203
4183	
10027	1726
15096	10931 933 11827
1922	3314 11884
15640	15461 3255 8280 15674 206 5289 10053 11409 14120 12485 9432 1362 2473 462 2984 13212 4766 1810 2971 1892 14621 9901 1115 14028 15227 9016 15873 2324 6163 14023 3375 7016 11689 15176 3114 10032 3700 7935 9008 8237
2977	2332 8157
12978	6686 306
4918	
8003	1017 14280
4219	2984 12054 251 2191
1588	873 13215 15111 150 7822 6603 10695 1064
7641	7135 16054 13003
13700	12408 5203
4587	683 3406 1723 462 227 6114 1310
7649	
6984	1325 1892 12477 3371
1303	8917
11497	2939 2984 1222 10575 2968 6163 13673 2145
14864	
10849	10680 6885 16496 3261 8874 10067 8345 5428
8429	6077 6797 9681
2019	
7191	
6659	14401 12853 13009 5543 11689 223
7313	8567 2984 2968 5050
14829	8665
15964	6487 9122
392	2059 1242 8940 16282 13788 5070 9908 5499 13027 12701 2458 2745 11567 6485 13705 3907 7077 15367 12067 4698 8449 16443 13307 13557 4147 3629 13717 1942 501 2268 16049 8643 1446 1457 6521 12382 12481 5418 9890 11085
11143	4847 2029 10981 3559 3363 6742 1501 10987 6910 13090 8693 10790 3510 15091 9728 9361 13242 512 8186 6554 10879 10986 1359 11632 11539 12022 1686 164 3217 10619 15253 15542 2283 8456 11934 15360 14593 14039 11085 9658 10032 12107 11329 14517 8736 12627 1823 11971 38
8888	7250 8566 3313
14769	7411 14731
10783	
7368	11208 2571 7858
3782	
6335	9989 2646 9355 4420 4070
8198	6902 1526 8431 7560 13090 8567
11087	
16374	11689 1245 5203 15649
11427	3033
11248	3740
727	
3261	12386 14962 377 7185 462 6179 5086 8377 9430 6224 3938 10067 10849 3725 525 9980 14719 9534 2320 6749 15568
6179	535 5880 8431 13890 9815 3261 2020
7639	11007 7782
2133	
7469	11689 13132 2917 1115 14957 6910 2923 10055 3670 8385 1177 7855 5726
15032	286 12215 14777 1115 2530 8243 2166 3128 5428 9980 9590 6143
15226	
10337	
13090	11143 14474 12581 2283 8509 664 12216 10986 14244 5884 6224 14000 5143 2771 13006 10879 15012 419 14621 12681 6482 2287 2731 8180 4097 14517 13778 3121 279 5003 11903 15253 2267 10014 878 1823 13890 5753 15873 10506 8187 4640 10185 6786 13421 90 4328 3259 1548 10321 10952 1526 13673 4499 9088 8567 2752 4847 3468 15657 14456 2722 4763 11845 5283 4574 3165 9567 13921 11198 6163 3666 7937 9574 14593 2782 13039 16384 6854 8732 1372 2063 2031 9380 12022 1759 7024 1381 3675 995 10100 16014 11736 9108 11721 653 11405 2923 5296 5573 3371 6144 7986 6300 13132 3559 8361 6216 14040 1359 2029 5306 8181 14039 9543 909 6518 11379 7269 4200 3285 10085 8642 2007 7741 9901 473 128 13937 3198 14822 4775 8748 15682 8773 16542 12050 10852 317 11085 8198 9235 13657 3217 369 14322
3257	7524 15489
1693	10443
721	2144 3571 4766 9570 462 10090 1064 11409 6603 10662
13070	
1995	767 2571 9571 6487 9938 862 9549
6221	
14805	12022 4447 2262
1831	14931
4698	222 11441 9651 15237 16483 9021 12885 392 15654 10841 2458 6210 13788
535	2020 795 3677 7560 14962 6179 2835 6772
6617	
7537	12141
7956	6692 13890 12895 4494 15873 14511
2872	12141 9213
2678	14362 2283
15873	14685 9848 14986 11856 5665 2968 12386 11505 9901 6482 2244 11437 8345 1242 14474 251 10918 1457 11031 14051 3259 9212 12452 9088 1514 14517 13046 12726 5298 70 13987 2984 7381 8237 15841 3345 14719 1886 15640 527 7185 11689 11873 9890 483 7160 13750 7080 12988 14039 4847 3522 6787 3421 5086 6402 2637 9520 3559 471 9445 10555 2145 8739 525 1819 462 10090 2324 14411 7956 3456 9223 11886 917 8112 2283 4561 2204 2092 9370 13090 3172 5428 11736 10788
3144	
2684	462 15091
9798	1064 14474 11530 8431 4485 9651 11689 5030 2031 2939 14284 9430 6786 14986 4867 13464 6163 15746 9901 8385 251 6100 11873 3549 9283 16009 13046 15708 14244 16401 3122 9572
16237	
9005	4197
14597	6210 4919 2335 3629 8439 499
10265	154
1679	14828 2530 10841 12666 6163
14498	6350 5007 12733 2600 3345 15819 771 10841
15560	10680
7728	5348 13981 10370 4858 2932 2283 9562 8821
12722	8255
6130	16045 7933 2794 1999 10028 8545 2997 15941 3382 2571
3331	
9819	
6881	6416
14507	
961	417 527 3525 4267 9865 6402 2283
12120	5203 643 1245
4577	
6147	6603
6418	14931 4258 16045 1804 11127 5744 13788 699 5743 10735 967 15117 8114 3737 11182 14981 5112 2571 15999 6888 8329 2232 7919 10028 8825 872 16510 10644 9529 9459 16461
14177	11761 14423 2029 12331 6833 2301 3805 6910 4594 10879 7319 16542 3559 15091 6163 14514 4494 5086 3510
9576	
11023	5643
8279	9572 8267 6772 13673 13666 11394
2698	2662
3082	
4066	11690
3942	8243 771 3828 11719
6946	3322
2111	
14812	5573 2031
8642	10981 16542 1551 13090 462
15210	
241	3359
497	2145
1886	251 10619 15873 10662
9665	10644
6380	3629
7804	
1424	4207 14511 10357 14039 14621 11689 7230 6224 13307 14244 9016 13666 3896 7126 4847 9445 10230
10020	3930
4599	6910 473 11459
2677	7917 4979 575
12603	
6477	
8318	4197 2682 462
7631	
12641	13788
10451	9903 10834 12564 3172 2283 10841
3345	8901 10299 9604 3411 12733 8625 9163 7291 5274 7802 14514 15457 12317 4970 4276 14919 10795 1115 14498 878 13179 14411 1087 8315 16471 8256 7440 7185 9813 14986 10841 11331 11129 6821 726 14735 3172 8771 6838 4226 5007 6910 10444 9980 8243 15873 10422 9880 3114 11390 16047 13216 12564 15819 6066 15792 11937 9614 10680
12477	14696 6926 5819 3844 13362 6087 4844 5321 6391 14039 1177 9053 7548 7123 1464 12027 2866 481 5563 7580 13669 12786 4505 3371 7914 12853 14740 7193 7024 7531 15123 5573 13575 893 55 13854 11245 10316 12723 6361 12887 5487 10790 16485 6804 6984 3980 16134 5203 10621 13892 6603 12910 7111 2984 15028 1064 2873 13788 5811 11530 1759 7003
2177	15222
11752	251
15549	
5486	14550
4193	9204
16329	
15533	10644 13673
9950	
16240	16451 11873
7448	11132 8157 10404 8012
1905	7912 4197
9070	
3397	
0	5783 10370 5726
11390	10841 15819 13228 3172 3345 13179 10680 587 16471 14514 15896 12564 9813 9614 869 9630 6163 11937
14229	
9656	6224 4011
16471	8243 15367 3345 11937 6821 15819 251 12733 5007 14514 11390 11215 3172 15116 15896 6163
6190	15957 3581 12033 3456 9572 15227 1810 3219 9445 11689 10811 2247 6715 13027
4594	12216 9683 636 2283 9543 14177 4847 14433 462 4669 11689 13992 13039 14039 10227 15091 9590 3709
12257	11208 4333
12750	7788 13361 4198
12547	251 10662
14220	16011 6742 4374 10987 11621 369 9535
625	3408 933
5862	
3318	
7834	4494 12070
7264	12405 10885 10841
15985	
3458	9327 9901 11886 14733 7702 2369 11066 2283 10299 7788 14039
5528	
14509	2770 554 15737 9526 14362
6764	5718
9340	
14238	11379 2571
7997	15629 4763
13535	11873
10664	
3956	8256 9890
14719	6431 7788 15116 11873 12853 2015 3122 16171 3525 14511 11530 9980 9903 527 1759 12564 251 2320 6567 5405 525 14081 6402 10816 3456 6910 13673 575 13890 2984 9534 16014 9901 2365 11726 5003 11129 16211 1115 3954 442 1819 3261 2917 3033 3421 9496 6188 9572 14799 2395 15091 8738 417 11971 5594 3172 6224 11114 3725 2971 462 7163 4640 1892 771 14039 1020 9223 2145 13788 9520 6786 15367 5428 14986 15873 16401 14244 473 4763 11409 10067 13990 6610 1802 6163 5086 9430 8315 7935 8431 14401 14621 2968 12313 4636 8856 13046 2324 878 3960 9880 11085 14656 10662
11494	5131 429
13233	
3305	
6685	13492 12312 29 575
16179	
2688	
12716	2471
2255	
1648	
13844	13223 13788 11221
2867	
14554	
1486	5131 13913 8494 5691 8237 2420 978 3420 429
396	4197
12746	
3580	
13628	11726 6402 9901 15568 3122 7185 3697 9890 15541 8874 9534 8237 16049 3725 7564 16509 462
2536	15431
10351	9034 1230 7788 15930
2626	8738 878 11437 10662 7822 6163
6107	6320 5112 3300 9672 15746
1873	
9722	10286 4136 8518 12721 11530 9811 16312
699	3737 9571 14998 10028 16045 6418 2571
8545	14931 16045 6589 9571 3587 14998 6130 9577 4719 11182 18 14168 5001 16228 1677 4032 9459 2571
2914	7822 8972
4714	2571 14266 819 14998 3155
15384	13750
8451	8157
12934	13788
15562	9032 2984
927	2647
3178	2283
10656	
9959	4446 12681 12858 4847
4033	8237 6563 9728 15091 1457 13464 5114 369 3122 5379 5428 15568 14039 462 6347
12148	
1946	3891 878
9651	9798 5513 2015 2782 2907 7253 4698 2173 6163 12917 1924 2283 6395 1157 6910 11886 11551
5968	
3756	4843
4572	1152 2971 3522
15220	14194 2797 9032 3697 11530 9901 10816 14685 11437 10230 1020 9280 2283
13731	14846 2731 8417 4867
4565	
1759	11379 9631 10370 10291 2971 9980 14194 5725 6910 14719 11127 8131 5428 1634 5283 7230 5783 4268 7788 4197 8708 14039 16054 11530 9097 12659 462 4166 13046 15550 10981 1064 878 12853 9989 12920 13090 11409 10790 15091 11085 8665 13132 6163 7822 12477
12715	1892
12799	8652 2682 3770 6218 4618 9903 15116 4197 1119
12939	16522 6653
6681	7411
7575	5976 7028 643 8730 8742 3296 1245 15618 5203 7697 15594 13471 8024 15268 6804 4152 15091 8167
4701	
3673	6066 8385 16401 14362
5476	2072 10356
16201	
13437	1911 11974
2923	462 14039 4858 4847 9543 1177 2981 14957 13090 10790 653 5726 6910 7469 2283 6163 12338 11845
8563	6034 13375 238 6772
16462	13211
14018	1892 6910 2917 10762 14244
15288	10074 5666
12352	6588 6772
7244	719 10230 4640 14621
6080	295 2458
6634	5143 11550 9513 2692 644 3908
756	15091
1988	13788
10344	7230 10540 8431
15183	
3452	3547 8236
5325	15465 8665 4858 11085
10575	1457 6454 6224 5573 5428 11178 2421 11266 1582 12853 3067 6775 14810 5086 16288 516 9430 2984 16472 3421 2145 1204 1374 13673 1222 2826 14194 1273 8874 13307 11497 11784
15398	5203
13674	
12509	
7106	10619 12827 5198
13992	2145 4736 15091 6163 4594 14039
8937	
1954	8730 4448 2628 15091 10540
16030	11530 8585
10110	
8034	
8860	
11837	9891 11422
6944	5143
12640	15819 14621 10841
9464	16455
707	7398 2458 2895 10299 13610 13788 10286 878 6224 14813
13431	3510
5613	2984 15821 8187 14490
7924	13258
13232	
16164	
4453	16461 4333 20 2571 16050
16087	1841 10168
14197	
4255	13788 2458 10291 10295 10540 5499
14059	118 4744 10816 8738
4108	8825 9957 9459 7431 4333 14931 8755 15941 10071 4327 862 15897 12458 16375 2956 15031 15970 15117 13234
1801	795 3629 10790 8738
9155	14362
7821	494 7601
5113	
11640	
15500	14031 5381
2976	3016
646	10646
7618	
3167	1188 13377 10090 2722 7822 1064
13921	4197 13090 2283
6815	13974 1064 10090 462 14244 14696 3536 5018 16077 5312 10324 3946 13338 9841 8841 6932 9903 481 10540 7886 3863 13625 12971 14318 7822 13377 1217 12392 8433 14799 14529 8737 7788 11409 13448 15176 3651 7356 15753 882 9076 11064 9455
14427	3421 6910 9662 9392 9980 8738 6163
483	2145 15873 3881
8146	6779 16038
5489	10799
13944	3301 3582 5100
6351	8112 4242 606
15040	8509 3495 7553 12372
10597	5033
11954	
16419	10790
10905	7 2571 1892 5428 4411 8112
14024	2015 12470 5203
11262	
3094	10267 16465 5203
2290	11409 8737 9841 2144 5842
12314	
6678	
7169	2098 7367 11881
636	11706 7 4594 16014 3709 1501 6163 2752 7609 14433 11681 9728 3314 9590 3805
3308	12476
14740	12477 4946
9929	8157 7948 7855 14362 2283 15091
379	
3812	1245
3963	
4842	
15568	13628 6482 7822 13556 5892 6623 14787 3938 4033 15227 5114 887 6402 462 8735 2092 2731 7185 6163 3261 661 9630 9445 14511 1686 1098 3954 5428 14094 4411 9370
8656	
4477	
11896	
10294	8167
9430	3421 6073 8738 10313 14244 15999 6100 3122 13256 14362 1020 2873 13816 14613 9946 15975 5018 4636 2917 1277 3522 10321 10588 14719 15197 8253 2320 3261 10441 16211 10634 9890 3960 14721 9790 8739 2145 6163 8856 14268 16288 5562 8385 2752 13990 12914 10575 406 6224 9641 7269 11004 9798 4015
4499	13090
9087	2600 15270 9890 10072 15377 10841 14419 9662
7091	
2701	
15660	7788 9779
13087	
14631	5203
6188	5428 14719 1802 15746 7003 15624 11182 2917 15091 462 13047 6749 3122 11726 14032 7185 14621 14810 9459 9529 2788 13733 13194 13046 9159 9571 11873 14168 1999 16045 14039 6412 10816 9901 9448 3676 6163
8836	2618
7589	
13990	8253 6224 6163 15975 14719 15631 14342 11085 1152 9430 4465 10833 13673 2873
7971	
16524	4494
11203	11136
408	
14148	
4974	297
11981	
12932	
3309	4080
3817	
4318	
5241	3629
2280	11234
5840	15436 10540 8112 14039 7855
3787	
7495	
9594	12408
2251	
8667	11603 15145
7426	903
15887	8669 2324 1457 1514
12958	4806 2559 15744 5203
4779	
831	
11468	
10305	
3538	541 3019
9813	15367 10795 6838 14411 442 7611 8256 3345 15656 6163 11390
14214	2835 5364 7996 6374 12192
148	7542
14672	
3446	14931
11085	15131 12165 15042 9572 3371 11809 8253 38 13211 12255 11530 1457 6163 5428 4867 13084 12056 10981 13046 2731 11689 4847 12338 12853 8456 13990 1115 6224 10422 2473 1823 11392 6742 9890 4772 12246 16014 6345 7788 8665 1020 512 1686 9590 7850 9589 6482 11143 2031 251 10768 3217 3285 10816 909 10431 13090 2283 14474 16011 13464 14719 14194 15116 14517 4469 10090 2145 8262 13039 1359 9370 4031 2421 3122 9339 8874 9701 14039 5070 5131 9567 15175 967 5512 15682 4669 10879 3559 9445 462 9163 11934 1759 14244 14928 16054 2981 8738 5499 11379 8360 9455 10790 392 15780 156 4323 14367 15253 12452 12545 7515 15296 5325 13377 10918 2204 4707 5562 2984
8148	10695 10090 13215 6603 12557 1064
8573	8167 5203 6224 3128
11054	5514 11736 9988 9088 3715 13876 12967
10052	3371 15197 7935
5758	12853 6910
15999	9430 13027 11409 6418 2643 518 2815 13307 9370 15452
3794	8965 7422 7272 13598
431	
677	2201 2001 3582 16216 13550 6831
15604	14529
12011	
15787	
664	13090 14998 2571
11272	13976
11772	1064
11882	
2100	
15282	
3447	13324
8655	
11309	11112
9514	
15665	10291 3524 7822 7855 14039
14567	
14105	
14051	15873 6772
6300	8810 2283 9050 13090
9149	8864
4997	7751 10356 5070 2974 14883
4071	62 11279 2600 16044 845 656 8449 5653 13788 8643 9241 2458 647 9785 10286 8693 575 14244 2299 9908 15261
7895	4902 10834 11420 11064 16047 6143 526 11943 7566 2283 11004 3765 8773 10841
6	730
2445	1245 251
11303	
14908	6603 10090 10790 7515 8319 13215
9939	
10791	
5330	15746
6796	15395
11934	3709 13780 14322 3584 9543 11143 704 13039 1823 369 9535 10450 2981 8682 13211 15253 11085 1359 10981 12581 5131 10085 15949
16534	13788 910
1989	4884
4547	7788
1197	16146
9908	206 11128 9235 13717 8200 8418 13500 8385 12485 4330 4323 8596 9662 6151 10295 3119 7482 8830 13788 5767 2458 15819 6030 467 1874 10063 2737 5499 41 8665 7364 8389 16049 7087 4071 6224 7992 9355 392 11551 15896 16511 10647
8112	2824 10905 14244 1457 13272 6482 1042 4267 4847 5784 12917 4829 2907 2135 7816 1157 14516 6351 3524 7422 9081 1402 14039 5840 878 16417 11736 10100 15746 14726 5889 15284 10230 12123 11217 11726 15115 11686 9928 8237 5360 7253 6972 8486 13750 16132 10981 719 7708 6395 7299 3033 15059 3715 462 11405 3157 3 16346 15873
2733	
16413	14041
12219	
6754	
15123	12477
7743	5105
12088	1401 4884
6216	2283 13039 3392 14039 1087 462 13240 11198 10981 13090 6224 11994 10248 14787 3114 1899 12581 14593 12564
10892	8200
1697	
16213	
1208	
9503	
475	13788 3016 3957
16017	
5655	
2860	9957 6487
2850	13788 8372 128 7530 5620 14813 10841
3647	940
6892	
429	10879 5131 10981 9025 13913 11494 1486
1484	3502 7397 530 1289 5925 7772 12737 6144 5053 6371 13078 2267 15241 2532 461 14041
10754	15635 8935
9868	
15165	
3870	15418
661	462 4640 8385 481 9901 3881 12007 878 11001 1802 2917 2324 9890 14810 16401 4847 15072 11873 3524 16010 2873 891 2383 14244 3456 4046 11689 7630 15568 554
13931	2584 5203
3801	
1159	10644 967 862 2571 11477 14998 1677
13737	1027 12408 8730 514 5203 2695
771	10014 15819 7919 10841 9901 3114 14719 14919 11937 3172 206 1819 11331 14498 4226 14244 3942 16401
10155	
11816	13788
3750	13788
9084	
6314	3598
8666	10715 8191 4420 4892 1570
11895	8267
4010	
6941	
3373	5555 6359 9766
15411	
14361	891 878
2265	10841
7	636 11066 10905 14039 9248
1252	14405
14049	
14884	
2339	15103 5283 5530
3847	
10422	12564 15819 8256 12733 15116 9339 3345 15367 11937 13228 3172 3037 11085
15038	8326 8810
1881	11225 400
7959	16353
7500	15633
7081	
3968	11643
1447	
9274	
7995	7275 12714 3723
11734	
12276	
8115	6772 16390 3357 13847 11665
11332	
4402	
3366	1537
9230	5050 5069 14212 2917 13046 1430 12853 9357 462 16255 1802 7982 14244 13610 10981 6163 6485 7533 5499 8211 4771 9032 15554 8460 10841 11066 8623 4229 15739 9445
11066	9455 3458 7 10790 7788 9230 9032 5050 4847 13436 14039 5200 7702 12240
1672	
9501	
12048	6603
7474	2153 7871
11350	
8843	
6889	
15649	16374 5203
5392	5828
12371	
12943	2873 8385 7760 16401 12007 3891 14362
5280	
4858	14621 7230 8319 12853 9455 5428 6149 13377 15116 5018 5348 5203 13046 1245 8738 3629 5003 7203 15284 8433 643 5325 7788 9700 7728 9562 9903 1968 1686 7515 5463 1013 8172 4847 10662 16346 10583 9890 7986 14039 8821 4152 15973 11437 14338 9496 1242 14511 878 1477 5514 14268 8364 3198 2923 9934 481 6163 1924 2643 11689 462 10540 15975 5143 7855 13788 4636 1819 2283 11793 14244
8966	2154
13101	7751 179
3483	
12597	15819
24	11681 5126 7230
2705	4152 8853 1895 10090 9520 13890 15091 12794 10222 8665 643 2145 3121
7607	
16447	2031 14529
8445	
8292	6730
4574	9259 13090 10053
4681	
4580	9034
10220	
14000	14616 13090 3559
8631	
13541	
4844	12477 13788
1427	1548
5035	
15688	
2170	15356
8679	
4493	
10870	13974 10090 11409
7690	
7969	
14039	8385 3545 4847 5428 2282 10370 739 7708 13228 6216 15116 14040 4594 14870 4033 15193 12477 8417 15227 6910 12581 15235 3032 11234 4552 14116 818 1424 11393 2923 4858 8901 11726 653 11689 4790 11873 2469 4207 1555 2415 15780 11530 10032 14656 7788 15975 8739 9815 3559 1910 6482 10879 2029 5753 2521 3725 7422 13992 4640 462 14903 15059 8935 10067 8237 156 8856 14971 16401 7672 13669 15599 12255 120 12345 3269 15922 6188 5840 13377 2984 8040 11845 12732 12853 13935 814 15665 3161 7 3690 6575 512 16384 9370 14517 12858 1686 15176 3715 2797 4291 7741 3016 9543 10291 16347 14244 251 10699 14719 2530 881 12681 3468 6518 3810 9572 3522 6144 3667 5512 6163 5708 3120 1759 15284 4989 1359 12571 5726 14799 5018 11459 8063 15873 138 12545 11379 3549 8394 13307 1514 1177 8651 2344 13436 9901 3670 5050 10508 6440 3456 14577 4197 15177 8665 15064 967 2943 16054 12240 10055 2932 5066 8112 1472 15237 15091 3102 1924 10790 3259 9980 5283 9032 461 5573 13084 3709 3432 13090 5114 11159 3458 7702 2123 15682 13749 11006 15956 1968 2369 9834 9953 9562 9606 13673 10662 3122 70 10981 15115 13788 8035 1802 1892 7253 16474 11085 8449 8639 8236 2771 14194 11143 643 12466 11066 2283 4669 14843 13927
6276	4131
8577	2592 13003 3562 16054 4465 10120 7949
16308	
6031	1961
9783	
11952	
6425	
2518	13788
3952	12756 13788 15346
8339	13788 10841
2853	
11763	10981 10790
2079	
15419	5203
14655	
11958	
14787	14433 4847 2031 13889 6910 8377 8567 10816 14474 251 11266 909 1152 5306 15091 462 5179 9683 15599 16542 9590 6518 16014 10662 16211 1757 2722 2968 9585 4561 12853 3815 2752 1802 3697 1686 14244 6216 13421 9520 13039 4640 53 14517 461 8143 15568 15739 3709
7977	15746
12100	2458 10841 4238 5762
3566	
16398	
11489	
282	15091 15907 14474 15767 5203 1464
10262	8737 5540 1064 10090 1943 7251 206 7188 14799 6603 462
7922	15072
9778	
11359	7882 10122
10985	
9310	
9089	16452 9923 4625 6603 10674
2667	
7827	12498 5203
14042	13039 5170
1064	8472 16541 6366 9747 13608 9798 9756 13338 6980 6815 5540 4145 5820 206 559 12800 1041 6635 12174 14338 5611 11793 9253 7141 1457 4078 5584 1630 12671 14307 1469 14594 7837 1546 14244 5268 1124 9166 12513 12853 11881 13293 16227 2095 5516 10324 4112 12644 2098 9923 4625 11772 12058 8148 4531 12557 10262 9618 882 6603 13215 13920 3946 55 4799 9690 1115 416 11797 4889 1588 721 150 1355 16038 9508 13974 15464 6932 227 12920 8088 1825 10090 7188 13313 15172 16037 3002 3167 1332 5208 4718 4232 13043 393 7356 15059 9227 1759 10327 10816 14799 6336 15788 3715 16241 5911 11379 11419 15456 3296 3863 7334 12659 4 16250 937 12477 12971 7080 12251 4149 9192
4889	1064 6603
14266	4714
9999	
14019	12 6210
9577	1999 2190 15716 8545 7471
6669	4971
10599	13257 5923
6268	
7630	3667 14736 13788 9890 10559 16049 2622 11221 15599 661 4046 5666 5499 1443 14342 8385 2283
11614	
8140	9543 549
15907	1245 967 9571 282 7136 5203
16303	15091 11767 5203
13256	16401 9430
10687	7919 9995
1850	3418
10775	5203
14461	1548 4469 11845 653 16542 473 9700 10981 2981 5066 15682 9543
2939	8267 11861 16091 417 6201 12726 2637 15462 7185 2145 3243 11497 9445 3442 14194 9223 1273 9574 14570 1290 8237 8444 9798 15631 13046 4847 6163
7112	2571 1222 7668 3456 6487
8752	5203
2058	
13884	6536
8815	
13039	13966 11085 16455 8665 4057 4941 15091 10085 6216 11727 14517 10987 174 10538 3709 9701 9543 9679 15701 14787 9658 5131 7118 2159 3024 3217 389 15991 2221 4374 1359 13778 1661 11133 11934 6742 11379 10981 8237 14042 1115 8262 13738 5296 3918 11112 6836 5933 11198 3022 909 1476 1893 6955 14322 2473 6201 3612 16401 16078 13547 10097 388 8850 6224 14593 6605 9589 16014 3917 10790 15997 3559 260 9590 4594 4469 4953 3584 14350 3838 2106 9535 12837 8766 12493 12242 7986 15780 4242 8738 13090 512 13913 613 5198 369 10450 14929 8107 2283 16542 1620 9620 9728 1289 12766 14725 12299 164 12135 8222 3114 15949 6570 3850
10221	8759 1462 12714 14731 7411 13598
6834	13788
8474	
11591	
7747	3121
14529	5128 15796 11226 2307 11971 15604 6683 6815 3239 11937 9370 11407 8035 6109 1431 10492 15263 8390 4319 15340 7228 5913 11736 10313 8825 13046 9022 462 9718 1463 10090 9985 16077 8672 16221 4531 3679 882 11902 15706 6366 9386 13669 5202 1546 7822 15156 5584 16447
2431	49 12022
11137	
614	
6428	
5365	8385 11886 11234
15376	
3946	1064 16077 8737 317 13377 11064 12971 254 683 11409 12341 6686 6603 10911 4419 462 14594 101 11236 14318 6932 9934 10090 16038 6815 6491 14244 5842 4635 5018 14799 9903 7706 14338 6319 16241
10179	16232
7549	5203 15543 6453 1245 643 16465
15716	9577 9571 11182 3587 14523 2571
8452	
203	
7149	
10657	6787 6224
5157	1177 4015 2889 13788
4420	13189 10841 12126 8666 10063 903 4892 634 792 6335 2646
9293	
12345	14039 15493 9568 7788 10540 5143
634	4420 13788 903 4892
3291	
15308	2963
4418	15746 15151 2571 9571
15867	
11920	9885 10841 15975
15991	10079 13039
8684	
6472	
7278	
11894	
13783	
7677	
7251	10262 6603
1320	
9595	1380 8167
3697	10357 8385 13628 14474 7855 8253 15220 2283 2984 3037 6224 5499 1821 15116 2968 4852 13046 6163 13588 6623 2145 14787
5561	11569 12264 6013 14079
10431	8107 16401 15532 909 2283 11085 14593 9679
8511	4024
15436	11409 5840 5428 16047 15819 3456 11689 7387
14280	8003
4444	6359 7672
3740	11248
13319	8737 9903 11797 7356 12971 695 11409 14343 13215 4635 937 12557
8232	
15073	
2916	
10415	
16456	14508 15339 4446
13508	
10865	16047
12434	923 4503 10497 7111 643 15316 12470 2015 16465 8029 213 16010 8184 15543 372 4328 3617 1245 5203 2267 2643
7060	12336 10981 10377 5117 12056 9457 9701
4223	
2741	8930
4799	12557 15158 3491 6603 1064
5138	11136 15796
12170	6400
641	6648
5724	
4774	
1277	13221 9430 8385
5623	
3278	16217
6538	16134 16465 5203
673	125 575 14533 15819
13005	
153	
13393	
10966	60 6036 14473
9428	
15977	
6211	5203 1245
10079	5003 15991 251 10212 14885 6371
11933	16054 4465
11314	2571 8665
1677	8545 9459 939 6628 9093 3999 967 2571 6487 15389 1159 14998 11182 11208 2997 9571 15746 3775
6490	
9370	15999 5428 6843 16132 1457 14504 8267 1654 7253 14529 5499 5203 6581 5003 10795 8385 10662 2826 15873 1514 14039 11085 14517 15568 251 3180 1686 2283 4847 6163
3631	2791 5835 1072 13788 8385 1304 6737 8431
6331	5336 13993
15936	15091 15268 4152
10159	2038 6022 13788 2458 4330 16049
14853	5086 10841
1491	1245 3472 9263 11253 5203 4933
2526	1291 12299 3523 13657
14513	14328 6895 5086
3107	3103 8167 4013 5203
8792	7291
10295	9908 9890 2458 4255 6105 7398 8385 13717 15237 12208
5191	10948 8984 13858 6114 2176 743 6603 11694 13782
975	15841
16209	
8262	11085 13039 8915 14322
395	9728
16535	11477 4462 8385 9938 9571 14920
13356	
12492	
12859	
5900	
12854	
78	2665
10416	271 1642 11160
5707	
7451	12213 3084 8652
9180	
9196	
14473	13788 10966 10841
14328	14513 6772 13762
572	9032 16171 1658
2690	
4652	4031 4584 16475 14517 909
416	12014 1064 16541 12584
7439	5933
12718	13788
5485	
15143	5291
613	5131 13039 12544 6955 10981 2283
2207	4411 10357
8552	14244 10790 5203
1884	643 12853 6947 11814 12408
7204	14971 12581 10542
10674	8385 13793 9089 13293 6603 5499
3800	3490 5203 13714 4571 5973
10071	2661 4327 12213 14848 4108 8242
420	3102 16011 10879
9585	10067 526 5003 14787 7253 1924 1686 6163 10568
12468	
2337	
16424	8915 9535 14350
15798	
15806	
15566	
1750	5499 13788
16441	2201 2984
3068	
14109	2190 7501
389	13039
10014	3423 3172 7319 10139 369 2600 10841 8256 771 10517 13090 15175 12733 251 5428
5322	8167 1810
5847	
10021	
2740	5203
10274	5203
13993	6331
9752	
823	
15451	7788 8689 15930 14139 2694 1032 5202 13004
5252	9725 8167 5203
2186	7788 11153
4644	
1459	
9521	
8087	
4301	
16069	
13830	
12956	
1050	4465 6541 15952 16054
15380	10090
5986	15120
6539	13788
1310	3778 4587
14255	2458 473
1630	1064 6603 8408
12443	
3802	
1532	6788
12213	284 10071 7451
816	
9957	2860 4108 5548 14931 7431 9571
3035	
11691	5225 16358 7422 2984 15597 7411
4290	
8193	5447
1236	8665 7788 3243 5283
12087	15258
9811	9722 13788 11902 10356 10841 2458 9252
9953	14039
16037	4635 5018 1546 5726 1064 10090
3208	
15528	5863
10258	6742
3781	
3084	937 9759 10208 14594 7451
5691	4847 8944 653 1486 13749
2000	38 2283 8431 3047
9349	2149 6541 4465 16054 12062 13003 400
7098	
7612	
12382	392 12575 3122
588	2752 3715 16014 3709
5958	6224 2571
16275	13788
6495	
5815	
4776	5203
4236	
8389	4980 9908 6151
5944	6772
10114	5499 7919 11689 6163
3922	13788
8159	6603
3532	
6966	15428
3767	4358
4561	7163 13788 5588 5499 10573 1457 15042 9630 7568 14787 9890 6224 8385 5114 16049 251 15873 2299 16401
16425	
1591	9164 294 7951 5203 10146
6017	16054 4465 13003
3147	10437 4763 13027
5293	
942	16126 10299
1986	1449
11892	12470 1245
4692	
3536	7788 9371 6815 9573 15116 2984
8345	7822 15873 10849 5086
6370	
444	8385 15819 14342
10868	
1342	7855
4256	4669 16542 6772 2283
13487	10259 10841
2669	15157 12536
3604	
13867	
9853	10841 9258 8625 3172
15017	14962
8233	
7859	13788
2146	
6176	
5866	
13080	
12026	
10224	4945 8385 4884 10841 13788
11886	9651 1924 2405 5725 15115 7498 2478 481 7855 3432 14136 5654 9890 8669 1362 2090 9882 12853 11508 10816 7708 15312 6482 1061 14268 863 12988 3259 11234 12659 3458 3032 3012 5365 9728 2766 1654 4987 14164 7295 7788 15236 6163 5428 4847 14656 2283 4502 15873 8237 7304 6498 8157 10705 6239 15235 462 11873 8385 7662 1514 3157 10885 7253 4483 5003 2984 13321 14621 14843 120 711 9913 14342
14421	
14444	
996	16121
15796	5138 14529 3239 7515 15145 13307
6719	
3585	
8204	
15989	
6524	4827
4512	
10540	462 8029 120 6815 2471 2968 8732 332 10344 11726 7506 10291 11689 9848 4136 13471 2282 14873 369 7067 4398 6768 7788 4858 10918 14366 14136 7003 4847 9445 10808 7926 4255 7188 5840 1842 12345 6567 8088 8401 14621 150 514 1954 14411 7301 5428 525 16325 12216
7053	
13167	14246
2284	1999 11732 6487 8007 2997 9459 2571
14268	7515 369 9430 15091 5428 6224 462 14084 13937 8051 10790 4858 11886 8253
2731	6223 251 10028 13090 15568 13307 5404 14870 11603 5050 13731 7855 2984 6163 5086 9212 11085 11736
3388	7923 16465 15268 1245 5203 4711
14839	2922
7353	419
8831	8873
12269	
10757	1523
284	2571 12651 12213 4462 1307
5366	1684 13788
5083	
15064	8509 14039 13657
11226	5203 7919 14529
7145	12967
4815	
16448	
6789	
9982	
8813	
5114	332 10286 9767 9890 369 2458 5513 8518 5007 8599 13788 12889 22 10123 9700 14039 12385 4033 12721 12208 16188 12485 11530 9971 4561 13610 9235 6347 15568 3217 9445 11923 15091 2999 15103 3230 3725 3285 7398 8732 5267 11971 8377 15928 1087 5428 16388 2145 3137
12247	2984 12498 14028
8885	8856 8665
14090	5620 10841
8035	14529 2283 2752 14039
10075	
4065	14589 15389
6498	11886 7662 15235 5143 7788
6478	
6224	13090 5580 10575 15739 5774 11881 6947 11266 9520 1424 7948 14719 10644 9656 10508 6951 11793 6795 9908 9980 2825 917 11681 2320 5692 14362 15819 3261 6216 1245 15708 8253 13039 15125 12853 13240 8377 11809 6623 1823 14474 3735 16288 13778 10321 12557 16211 10437 14244 13307 13990 8431 3697 14456 4766 11501 11665 15248 1526 4465 4731 15599 9430 1204 685 10657 9590 11085 12872 12666 5958 629 1642 1457 16018 11903 2458 707 4561 473 3421 8573 4718 4097 16358 14268 4967 15091 206 3180 5543 6138 15276 1999 16494 16541
2607	6804 5203 14020 15594 12794 3552 15091 4273
52	
2268	13788 15131 5499 392 2458 2786 15529
12059	8486 14605 10619 7788 369 5580 9679 10981 3783 7515 1359 13749 2283 7118 14517 10879 7850 8287
2106	13039 16401 2204
13714	3490 3800
7484	
8987	9890
3775	9571 4560 1677 12084 6487
16386	
695	13319 10811
11019	6853 7411 15831 13598 14731
15227	462 14039 530 2627 1359 1115 13027 2031 6715 14517 1463 15568 6786 8237 15640 6190 12659 15746 11689
6244	
16542	16014 1802 10986 8509 15714 11979 14517 12858 13039 3559 4494 4847 2029 14433 14593 1359 13050 9543 369 14150 11198 2571 9679 12853 11293 14177 12216 8642 10248 6554 14461 156 13937 9535 1501 10879 4256 14787 3217 12165 9589 13090 4871
7331	6772
2780	
13	
16503	5203 1245
7767	4989 1477 13307 10790 7515 6163 156
12872	643 13982 1436 6224 8988 5203 16010 8167
7779	5203
3882	9662 5499 16188 9614 14017 2458
16005	2267 13822 2643 1245 5203 643 5788 16031
6901	
11104	
12007	878 2383 9946 2324 661 2917 6008 13476 2996 292 13780 7126 4046 12943
11319	
3195	9679
15324	
6427	13291 6772
1249	
5448	
11642	4332
862	13054 4108 9571 1159 1995 13999 14998
13398	
11887	
5179	14787 14120 15116 15176
2646	10841 12126 6335 4420 903 4892
4199	6487 967 18 3587 1642 5632 9571 3779 16045 6223 2571 8007 14998 3737 962 9529 5548
12299	4772 2526 13039 1291 13657 6028 553 2283
7400	6743 5750
5805	14622 11633
5793	8930 2025
11909	16465 7111
6077	8429 15848
2361	
9962	1686
8309	8385 9460 14342 7783
5825	14474 7411 9128 12348 12032
2433	
10683	12567 2483 16298
3460	
1488	1280
10734	10790
6424	16494
526	9980 70 8191 4744 15457 15922 8315 14244 442 7895 7488 9585 10834 1686 6910 6838 7919 9901 6163 11004 2283 10841
14975	
15529	2268 9622 4330 13788 1072 10841
16157	
13889	14787 12216 814 2283 12336 11133 6163
5294	2458 14362
14252	223 15284 12853
1977	2645
13189	4892 4420
15112	4782 2984
12165	943 11085 16542 5198 4007 9535 10441 8509
5296	9543 653 13039 13090
8847	
10624	
14532	
3495	15040
1076	5203
5892	15928 9572 13610 15568 10662 9890
5583	9681
14191	
1053	2984
5510	4332
9563	6772
6763	
8381	12686 14854
5775	
7387	15436 2208 9980 15193
16024	
5796	4949
13753	2244
2966	15103
15764	
14377	
14256	10168 1841
877	5372 10120 9509 7135
811	
8083	10841
8174	8195
7593	5210 3417 1849 8455
3117	
5115	
3709	8303 2267 13039 10987 11934 1359 9630 4594 2283 11459 14787 9535 8810 1823 588 814 2752 9590 14593 636 14039 16401 15253
15072	7922 2917 9547 2283 8066 661 14244
10290	
1391	
5685	
7746	4197
16427	14168 9571 2571
10384	
8185	372 5203
6696	15576 8073 11883 9066 16194 5632 11477 11182 6487 1999 9571
16057	
9970	10357 16159
3191	
5066	2244 15841 653 12967 14461 14039
1669	
9228	
5247	7281
6906	5203
13857	8385
13260	
424	
6249	10662 251
5170	14042
7318	
2099	
7350	1138 8167 8475 5203
14985	
6368	13788
6149	4858
9732	
5982	9679
12479	
7203	11367 5074 14618 1242 3449 8303 5514 16076 14613 9572 8040 11749 2486 4858 3715 11736
13240	12967 6224 5463 1642 9980 8665 6216 15258 3715 6391
11600	13788 12874 10063 903
14825	11406
16506	
609	
15176	10505 12349 11726 9016 11409 7096 15640 13368 3255 6815 7016 11689 14039 12659 14120 15091 5179 4306 8863 5050 14028 3778
501	392 2208
170	
13434	
8020	10365 1394
8265	
2957	8596 12537 11884 14550 2770 8795 691
11500	
9965	2984 9884
11050	13765 13788
2315	14145
1585	2221
7983	9919
9297	14259 16491 12066
15158	5081 7301 16241 4799 6603
8972	15841 2914 5514 11736 10762
2885	
9984	
6266	
14539	2283 8253
11079	
11393	7788 3954 120 14039 5891 8319 9034 6517 1230
739	8565 14039
8568	
10347	
10003	
14114	6772
12507	4197
11459	3709 15444 14039 2283 4599 2752
5839	
3846	
11128	9908
2204	9535 1359 15873 2106 11085
9773	
3072	10841 11603 2283
987	6772
15961	
4157	13316 6949
11946	5203
3735	8267 13307 6224
5721	
4769	
1430	5499 4229 14244 9230 4771 16038
2762	10559 5499 3621 828 4849
10365	1394 8020
14388	15091 5203 11793
16429	
1291	2526 12299
14127	10964
8772	8385 10790 7515 2283
6453	16465 16010 11091 7549 2291 14020 8730 5203 1292 643 15091 5158 7809 1245
5678	13788
14408	
9309	
7435	
6139	
6008	3418 3670 12007 14362 2283
11556	11694 13984
11851	
12342	
6242	4465 16054 13003
5753	3102 14039 795 8856 8237 13090 2283
6239	251 11886
11070	1332 6603 6436
5549	
3194	
3392	6216 8385 9535 15949 13307
10825	13883 6772
5768	
9356	
9272	13673 2577 2645
16255	9535 9230
5209	
15767	5203 12659 1245 282
15018	13788
4232	14244 10090 1064
3172	5499 14919 2789 8625 7802 14514 6910 13179 771 3345 16471 9485 10790 2600 6066 6652 12733 1864 10291 11971 16054 11390 10014 10517 12528 8256 10451 11215 6821 10067 5187 8315 206 6521 15896 869 15873 14719 9853 11937 10841 7304 5007 7319 9890 10422 15175 878 9980 5428 6350 16047 6163
3945	5203 16465 4273
10965	1245 5203
3244	
15988	
2024	
12788	
5577	
7509	8665 2722
7365	
8509	13090 1661 10897 369 16542 14350 10108 12766 3954 12216 7118 4374 12165 2981 4242 909 4398 9457 1359 7986 10879 3917 14684 15040 1823 14517 653 2530 15064 13738 8107 13966 12858 8222 12917 3217
936	5203
10232	11133
12551	
770	16188 10790
8696	
11943	3114 70 6838 14244 8560 3954 7895 10067 7788
6734	5203 16465 6505 5846
9725	2643 5252 6275 1245 5203
12995	
3783	8486 12753 12059 6787 5580 8877 3032 7788
6094	
12255	8385 369 16401 16049 13307 10841 8023 9547 14039 2458 15237 16442 554 2283 13788 14342 828 11085
5291	15143
14516	8112 3524 1686 1548 3285
1786	
4411	222 8385 12751 2207 10905 12372 3670 12659 6838 13132 7670 1115 12806 510 15568 179 12850 3377 10555 11530 10930 12821 4097 4948
5463	10811 15258 9679 2992 15091 15133 13240 4858 12967 4370 384
11505	6910 10357 15873
4462	16535 1307 12209 16417 2571 2994 284
896	6603 13920
2376	16136
8411	2786 5835
16298	10683
13999	862 6466 14931
14071	
11953	
9943	6030
1231	
11284	9761
13534	
11426	6028
13877	
3356	
13588	8665 3697
12748	
7553	15040
15170	
13153	
13750	2984 251 1245 9520 15384 8253 685 13307 3180 8112 12348 473 15873
5788	5203 16005
16519	
4336	11875 7183
15536	8007 16045
16492	
13228	10795 11390 15819 13179 2600 8256 14039 206 9980 3629 11215 10422 128 8237 1115 11689 11937 14555 12733 13788 571 14514
7254	12666 13788
7783	2766 11379 7304 12238 1514 11409 3432 8309 11234
7682	13756
11477	7346 16535 15746 6696 1159 2997 2571 6487
5512	3545 14039 13084 2521 14971 11085
6704	
5836	
12140	15756
15657	6772 13090
7038	
4967	917 2031 251 10321 11178 14244 14456 16288 6224 6163 16211 10790
1502	12298 13788
5148	
8311	
10479	5203 6003 2355 643
10950	
9258	9853 2242 8725
10881	
3031	
13782	13293 5191
14848	3155 10071
122	11809
13730	5203 16193 16465
6827	
1464	5203 643 12470 1245 282 12477 7158
13003	1896 9043 15194 11379 7949 9349 6242 6017 15952 6098 7641 6432 6541 9539 15362 12619 10367 16054 8577 10250 13133 4465 15330 2149 2611 881 3186 12062 637 11086 6667 14301 8254
6125	14763
545	
3603	
14046	6019
12357	
6782	5203
12268	
12709	
761	
7919	11937 11226 3581 9520 5500 11420 8821 11409 1686 10687 8315 12821 120 5283 3522 11689 10114 8377 5428 3456 9280 14244 526 6418 6787 5726 16047 15930 1485 12033 5003 462 2530 771 3715 15896 8739 9759 13723
12589	6814
9690	6603 1064 11963
1809	10032 3510 4847 6207 9901 461 13547 11726 1501 1374 14194 8187
15891	7855 4197
10222	10447 2705 12410 14102 6510 1152 12794 5203 15594 15091 1245
762	
2756	15091 5203
1020	1686 14456 16211 9430 2932 2571 15220 9901 9572 2320 8253 14194 14244 16288 3881 11409 14719 11178 3123 462 10788 10790 442 11085 15091
1043	6772
6109	14529 2694 14324
11488	11136
2323	
9459	13733 4032 6487 14241 2191 6188 9549 2284 10028 16211 2571 4108 14920 2968 1677 6418 11182 960 9529 8665 1642 3327 3737 16461 13372 4719 7950 462 18 967 818 14931 11094 9571 9445 1686 962 3587 15746 8545 16045 7346 10067 8468 14998
13004	15451
2686	
6021	
14943	
9938	1999 9571 2596 1995 16535
9634	
7605	
5503	9242 11234 3157
13749	13966 10879 5691 15091 5131 14039 12059
16172	4606 10142
5637	
3722	
10341	2336
9245	12611
5390	7788
6322	4618
9555	
13547	1809 13039 15360 1910
10208	3084 14594
9226	13787
1421	
7872	
3513	13251 5620 1689
2113	
3321	8258
13719	14056 3981
13723	7919
9918	7775 8915
4398	3670 15994 10540 13132 8509
2622	7630 1112 8385
4454	
5362	
4847	11143 14259 9700 3813 16474 206 251 10100 11530 8901 14571 11689 10540 11379 2984 661 9520 2530 6742 5203 8112 6786 3033 6910 13788 12681 1793 7708 814 9455 14605 11726 8029 1424 7986 6692 530 9534 2873 12216 11937 10879 1802 7496 369 15091 3456 10816 12545 978 3778 14110 4858 16542 11624 1501 9543 1548 2031 15682 4207 8319 4669 13132 10790 992 3549 1809 461 11112 8180 1564 10055 3574 3024 12564 653 10146 8315 7788 8237 8243 4000 11066 14039 9959 2923 4197 15819 13778 3371 4594 11886 795 14244 9890 12858 1152 3715 14787 8856 3421 11437 3881 15873 6603 2287 2939 1359 9166 16455 13090 8063 4469 14040 4400 16014 3243 9370 8773 9980 12853 2421 10943 5691 3510 11085 11845 8385 14342 6163 5428
7390	6603 14718
3380	
6087	7003 12477 12723 11245
2755	12581 3428 3089
11831	
15484	5203 8167 73 1245
13273	973 2934
16182	8455
10980	10041
14899	
9110	
15515	13788 13307 10841 2458
15750	
759	2984
15838	
12105	
3648	15714 8738
2120	
13991	
8302	
11604	
11260	
822	13627
14751	6772
14803	
9301	
13583	
11812	
4748	
15132	2984
1604	
12857	
12437	13788
4309	
5507	
11570	
2672	16054 10162 1896
15312	11886 9416 7788
10029	
15766	
13172	
16361	13184
9014	11512
2396	
7301	15158 10540 7822
9723	
10571	
3110	
5548	6487 14931 9571 4032 12458 12084 14998 4199 9957 2571 53
13483	15237
4573	
6134	930
2456	5203
11346	5852 8810 481 7822 11409 12581 11873
11167	
5733	
5545	12666
6225	5203
12719	1872 13640 7233
6940	
12671	1064
1692	4736
14762	
2830	
13608	1064
4467	
11845	2283 16401 5499 4847 2923 3102 9543 13090 461 8385 12858 8110 14461 9535 473 14039
6635	1064
14014	13788
9	2571 6487 10788 2873 8253 4201 6470 9571 14998
16095	16465
7221	
5469	
2668	
11353	
9299	
347	7923
7078	
5696	6955
5275	
13442	
2679	
16367	
8303	5074 12707 2244 5514 13824 5119 6277 3709 11136 5907 7203 9088
13439	
5969	8385 2984 14474 14517 1273 14810 2752 11501 11784 15481 2826
10919	13673 2984
1214	9571
15011	
4216	13778
8700	
407	5393
12308	
11293	16542 7118 13940 11133
16287	
9526	10090 16401 14509
12796	6833
13741	
15658	
14745	
10104	
12819	
13425	
3820	
3490	13714 3065 3800
4446	369 16456 9959
2570	
16508	12571 8063
8514	13046
11025	
14302	
8746	
1247	13890
5455	5725 4465 15952 400 16054 2913 12062
11294	8693
15699	6487
15537	
1583	4603
15732	
5803	5086
4052	
9668	
12445	
11729	
7274	
13627	822 8825
13307	8088 2826 5145 2984 16474 3584 10575 11937 12255 841 13610 4790 8893 15273 12348 3735 3524 11903 14405 12876 6277 3432 4011 9700 11828 9759 16401 14039 1424 11736 4435 1402 1586 15631 12652 8237 1115 2731 11721 2886 11266 16338 1245 8821 12645 458 15796 1152 7689 15999 4822 1273 10324 8173 392 3392 3180 11603 6748 7210 11904 7909 8364 473 6224 5738 1457 8040 9890 11064 462 13750 10370 8253 9562 7767 10816 279 9620 15438 14577 10085 14322 16220 15515 12967 7163
14991	6210
12596	
6074	1867
1063	
2962	
7716	13788
292	2383 12007 1443 16401 2996 15682 3335 14244
7865	7813
2883	
15119	
7031	2643 10567 5203 8236
12794	10146 7028 15525 4152 15527 643 9055 1933 13471 1349 15091 2607 1245 6804 13384 7506 2464 10222 1380 294 474 5720 12681 8850 15594 2705 923 13747 8730 679 12797 5203
15150	13788 6654
15086	13253 15175 15819 8882 8643 10841 2344
13940	12022 2303 11293 15701
8359	6603
14796	
11356	
7961	5203 16010
14451	11061
12129	2328
1682	
6982	15852 15274
390	
12592	6603 11136
10335	
5540	6715 10262 1064
12275	12782
3674	
14166	
14087	
986	13788 10841
5887	
5883	10662 3881 13788 16171 8738
7497	
3540	6603
7556	13788
2552	7074 6487
15236	4946 12264 3259 5891 8256 7788 11886 120
5931	
6054	8594
14320	6330 223
3786	16054
16365	
14231	
16349	
1396	
951	
3239	14529 7855 15796 8480
1979	
11438	7788 2283
14697	
11957	
13573	1245 5203 15543 6111
10035	
2811	
11041	
11036	11634
1662	6603
9472	13788
10729	
4891	
9817	
4291	14039
7017	10428
7849	
13861	
12727	
12954	3259
3727	
12511	13788
314	
6575	653 15682 9543 14039 8063
3868	2922
8211	14362 15739 9230 2458 10841
4822	12967 13307 15156
262	
16146	6747 2687 1197
16442	8385 3418 14342 10841 12255 9547
1078	
8326	369 15038
11263	
327	
11520	
13253	12528 15086 10841
11287	
11793	15746 14284 8336 5203 1064 14388 14752 15091 14120 14775 6224 12433 16465 13747 14474 6137 4858 8385
7096	15176 13890 9572
14234	
3214	
4904	
5496	
9207	
161	1626 14950
9686	12047
9023	
3450	11180
10647	9630 9908
8854	
4330	2458 13500 9908 16049 6927 1112 123 14928 7482 4821 1226 5719 13440 9890 7603 5336 10159 10841 10559 15529 6467 11870 6151 13788 11221 4849 6485 4980 14216
12444	2351
2943	5726 1177 14957 14039
2770	16517 2957 2072 14509
14192	
12364	
2390	
1827	
15595	
328	219 1626 7107
53	2997 5548 7346 14787 14998 6487 9571
13584	
14417	
9591	
6173	
7901	6910
1778	11235
14047	
6167	10126 16045
2343	3289 8243
5559	4673
15962	
13127	
10839	
4167	7855
5585	6603
16192	15091
7564	13628 10811 7544
10362	
8846	
8215	
10325	15091 5203
12947	
7718	
13734	
9519	1603
1575	
6793	
3123	8377 6962 8253 3421 8047 11049 6482 223 15351 1802 1020 5030
13920	7822 6603 11409 896 1064
9740	
6361	16193 12477
2241	
9034	11393 4580 6189 14867 10351 2598 6558 1230
4893	15863 3667 11432 16191 16513
5933	7439 13039 15714
16220	10370 8821 13307
9377	13598
13033	
13001	11809
2956	8692 14931 8227 8244 4108
1723	4587 13286
10162	2672 16054
10327	1064
9759	13027 2643 3084 13307 7919
14067	
13014	
4312	2571
294	12794 1591 5203 4415 2031
7456	5203 372
3745	
5494	13054
7774	3138
1007	13788
11566	10841 2208 13788
6951	12460 6224
15870	
15167	
12516	
880	
3439	
8960	462
2159	369 13039
6980	7672 4197 1064 5018
7352	2984
12609	1245 5203
14606	9131 16079 11800
9907	
13204	
16016	
2822	16038
6461	
10817	7788
10508	9865 6224 14039 8856 10790 7515 14244 13788 14342 8237
11579	
11435	
15280	
1417	
8565	739 7658
10468	7868 12535 10322 2286
943	10538 12165 12581 3024 6701 8810
12450	14593 12853 5573
9190	4197
5927	
15606	3456 12338
15772	2283
9789	13946
10487	
15098	
15026	
12678	
2797	15220 2267 14039 6715
6706	
16284	14874 5203 15091
11196	
3534	8695
10212	10079
4894	
7501	15746 2826 14109 3999 8517
10458	
12031	
9978	
11193	
5195	7788
8331	
10517	9614 12821 10841 11603 8882 10014 15896 15819 3172
5832	
13404	
16126	942
9395	
4980	4323 14555 4330 11867 6030 15131 2458 13788 7482 5499 8389
12126	4892 4420 2646 10841 903
8480	6603 3239 8652
89	11599
1523	10757
8126	8385
2695	13737 16465
12261	
15505	
104	
5447	8193
11744	14342
4018	754 6772
14865	5203
8257	11736 4091
16226	12658 10841
8942	
6237	
560	
14748	12907
15666	1713
6753	13788
1490	7515
1222	10575 14770 7112 11497 2984
10201	15930
3995	
14472	
10594	
10386	
2993	
9964	6603
4335	
1293	
10177	
16323	
2173	9651 1924
2193	
7619	
10066	15091 5203
14591	257
15904	
1567	7132
15299	16045 486
10637	
14488	
4525	13948
5907	8303 8305
13697	5203
13780	10981 14593 1359 6955 15253 11934 369 12007 8385
13882	
16134	5203 12477 6538
13397	
6497	
13089	6124
1468	
7235	10424
9550	
8922	462
8216	5203
12136	2984
1294	
15145	6518 8667 15796
6611	3423
13836	10437 6772 6138
12103	643
4061	6198
14201	462
16430	
5625	2458 13788
7050	
15004	
13615	
6516	5203
2618	14139 7788 8836
10546	828 2458 13862 10841 15367
2424	2286 5203
13030	
13105	
14422	7907 8385 4197 14342 1544 2283 10841
16332	
12118	
2101	
9560	
1959	
11634	11036
12290	
2513	
14210	5203
6876	5203 1245
14359	
13362	12477
2896	
3738	1059
8677	5203
11178	4967 10575 11603 1821 1020 10090 917 2421 251 9865 462 2145 9572 14474 15091 5086 13464
9040	
5762	12100 10841
3772	
2012	
9234	13788
13938	
3640	
5381	15500
13914	
2660	
16106	7225
13347	2745 5499 13788
11542	5143 7788
14877	8244 14931 8242
7327	6030 13788
29	6685 12066 240 6654
14434	
3133	
10333	
1143	11267
12475	
7168	6141 14932
7416	12078
12498	16465 5203 15400 7827 12247
2559	5203 1245 8167 12958
15749	9980
582	12853 5573
171	
12089	
5581	13788
2675	
15155	1245 5203
685	643 11001 6224 13750
11142	
10782	12084 14998 9571 6487
9737	13623
1009	
7592	10841
3808	5726 14957
14329	
9123	6831 2984
12631	
15612	8385 14017 10841
10139	9890 10841 16049 10014
16135	9571 1642 14168 6487
10197	
11888	
14419	15819 9087 12528
14551	2283
10103	
722	15737
11322	3465 1245 477
5177	2410
12440	
14671	
9515	
1012	5018 14826
4597	
4269	
14987	
2603	16054
491	
14099	
13041	6772
10048	
2321	209
11745	
6098	4465 6541 85 13003 4435 16054
1733	1290
12968	
802	
9688	
5554	8385
7907	14422
4710	3646 5203 1245
7176	7019 6277 15841
8968	
6894	
62	4071 16345 15408 3704 13610 2593
5811	12477
8274	14350 11133 10981
1638	2689
12575	12382
1315	13788
4473	
7833	
5939	
2838	
7346	11477 10028 5112 16310 14931 11127 53 3587 2571 16045 9571 9459 4032 9529 6487 11208 16228
6814	12589
7843	
9294	
13065	
3856	5203
9794	
6826	
14947	
3152	
7730	8782 8101
4468	
805	
7806	
15125	6224
14729	
13488	
14439	
8606	
14820	1245 13846 8167
13322	
11781	
9485	3172 9890 15175
5618	8590
5299	
5386	
11835	
12190	
1861	
7363	3877 13173
15333	
10968	
9606	3715 14039 8394
3183	14284
2389	11726
3405	16465 5203 10513
6666	6772
7530	13788 2850
1752	
5885	
8269	
13561	
12448	11253 16465 1245 5203 12659
8181	2063 13090
5369	
9355	14840 8643 2458 6335 13717 8385 14244 9908
3252	4260 9614 3137
14044	
6037	
9383	11897
13148	16158
1656	
9418	
9248	3522 15091 7
11838	12843
5075	
5757	
6603	9192 15215 8581 9104 16452 11236 9769 6779 3337 5268 4799 13793 8621 11070 4625 7458 4321 14908 4145 16541 8534 4718 55 12477 462 12853 4122 12800 924 13808 10614 10370 11732 3946 8359 11409 8737 10695 1763 13625 8343 11419 3491 5208 13669 9837 1662 937 10674 13313 9690 897 4889 14204 7996 11565 11820 227 1064 6435 14262 12592 8088 1630 2097 3540 9242 7233 7249 5018 4138 7188 9253 7356 16241 1588 7251 12048 8480 13074 5465 896 13920 6319 10262 13553 16077 12557 10790 4112 8688 1691 9964 3166 1454 5585 4635 11797 10090 9030 9904 7080 11786 8159 7706 3863 12513 8148 13377 721 9166 6147 15788 4197 1156 7390 13602 12644 9557 15158 12920 9089 5191 5820 13215 14657 4 9903 12058 1355 11700 61 9923 4847 5911
13568	15264
6155	13788 5499 13337
11099	251
1584	
2240	
6873	
4158	
15092	
2428	
2784	7855
4566	
15970	1841 4108 4707
13500	9908 4330 9474 6030 3755 1942 4323 1816 6151 10841 6485
4534	9571
2940	
15615	8385 828 13788 10841
16358	11691 6224
9424	
7797	
4562	
10260	
16436	
2815	15999
9130	
2611	4465 16054 13003
1280	1488
7681	
594	5725 16054 4465 400 8170 138 15952 8254
8356	
10629	
6605	13039
6388	
11540	
12106	
12652	13307
8222	8509 13039
1262	
14481	7788 9484
8598	
479	
12518	
15173	
13614	16401 6772
5163	
946	
8343	6603
2093	
7881	
2737	13788 9908
12336	13889 7060 9535
8001	
8041	8456 2283
4234	4721 13788 14575
13289	955
3113	
6419	13788
14457	13788
8264	13976 9042 14663
15222	2031 2177 12853 11903
145	14902
3924	
10298	
9259	14244 4574 12514 10505 11689
13631	
11134	
8271	
201	6459
11964	
10123	5114
2624	9484
5272	10841
7502	6517 7788
3555	16355
6552	
3340	
1254	13788
6275	16465 9725 8167 5203 1245
8657	644 1032
16118	5203 10668 1245 11667
8917	1303
865	14593
4437	
15968	
4314	
12211	1667
14015	11175 8780
12330	13788 14017 5620
10078	16188 10326
11546	
7064	
7599	3629
803	
16289	8501 3635 7627
15706	14529
13446	9989
13345	
5109	
3381	
5888	
11401	12967
3201	
1295	
6043	
5016	
5198	13039 8039 15714 4760 7106 12165 369
12869	
9164	5203 1591 7506
1944	
12326	
10259	13487 13788
7305	
5314	
8171	
915	3122 1555
9283	11601 9798
16330	
4037	
2209	369 4898 10841
2370	
3297	
13985	
12457	
3209	
1204	2984 6224 10575
157	
15400	12498
13311	
8015	
15897	4108
1761	7788
6135	
3665	
3986	
8992	8336 5203 7915
2608	
10215	
8673	5050 9032
8386	16465 9109 5203
7284	
6715	15248 6190 13673 15227 5540 4015 9903 2797 14870
12043	
14755	
16454	
16516	8825
7784	6787
4011	10897 11298 9656 6518 12681 473 2752 11748 647 10841 16049 13307
2124	
227	6603 4587 7822 10090 1064 4635
720	
15340	14529 6487
2969	
10185	4230 653 13090
2825	6224
939	12084 1677 6487
7951	1591 5203
1355	1064 6603
6112	13788 6686
5552	
15031	9571 4108
9742	
6252	6772
15982	15091
15310	
15322	
14123	814 2752
14948	1081
13763	13788
1748	
20	12233 4453 9571 11800 2997
606	6653 3552 6351 5203
3444	
13156	
6400	12170
3267	
3347	9253
15221	
3529	
6557	9572 8431
16086	14854
7604	
15613	
14788	
1107	
5695	10090 1383
4240	
14079	5561 12264
2662	9745 10106 2698
4549	
386	
12127	
10822	
7911	
1593	
8441	
4457	
10379	13506 7788
9326	
14445	15503 8086 5205 4339
4866	
1715	
9933	
5465	462 6603 9841
16348	128
5269	2861
4787	
4901	
16235	
14547	13788
1668	1245 8167 5203
4911	6772
2566	
5165	
6587	13788
2574	
9131	4201 14606
14500	
709	
4304	
15906	8864
6277	8303 2244 7176 13307 11736 4319 2722 15841 12967
15856	2961
7823	
8780	14015
4843	3756
11175	14015 11040 2826 2984
1373	4772 16401
8285	15091 3335 5203
1191	2002 7788 9323
16122	
1311	
13937	3510 14268 16542 14350 13090
6569	
10175	
15527	5203 2584 12794
2225	
6292	
1411	11626
6772	14328 2544 585 12499 9187 987 2095 8912 8143 4993 3038 2040 6374 13614 8052 8115 2658 10437 6138 14114 4911 8563 8279 4256 16451 14051 12238 12473 14198 6252 15573 1043 6536 4845 15267 7887 12352 15575 6582 13122 15943 4018 6287 3220 13394 10313 6771 6666 14746 6828 2696 13756 10650 8010 16084 6171 535 9563 14751 15166 1059 6895 8144 10247 12510 5631 13041 5944 1713 13836 9353 8004 7186 10825 730 9816 15657 11705 6427 7331 7560 1100 10724
2870	13910
14929	13039
6613	
8129	
4867	9798 11085 13731
6129	
4235	
500	
3154	
11049	3123 14362
4488	
3286	
15194	4465 13003 16054
9325	
3181	
11830	
15890	
11071	
11342	
11376	
13693	
3578	
3646	643 1245 4710 5203
12470	5203 12434 11892 1464 14024
15421	
16409	
11914	
8322	13788 2458
6656	
6206	
4129	
13822	5203 16005 2781
10807	1620
11507	
10474	
5899	
9919	7983
1354	
7047	11394 7788
10414	
13298	
15338	655
10704	5203
16015	
7037	
4601	
9457	5131 14430 8509 7060
2302	
4464	
8793	
16266	14170
12742	
12933	
14200	
3597	7788 2283
1732	
5360	1686 8112
5740	
13195	
3151	
13386	
306	12978
610	
9176	
4938	
8420	
4319	12967 14529 15841 6277 2665 11031 8961
10997	
14406	4447
14752	11793 4273 5203
735	13788 13435
4625	9089 16478 6603 1217 1064 11409
10113	
7918	
14999	
9768	
11250	
7622	
11255	923 11146 10090
7004	
10247	6772
7941	
8990	11925
3850	13039
1102	397
11577	10841
712	
12593	6371
10246	
9554	1950 10284 13788
4757	
8078	
11764	
3902	
12008	
5414	
14725	13039
751	
2392	
1177	12477 5157 2923 462 2943 1035 14957 223 8935 5891 8618 3421 14039 7469 5726 5514
13917	
383	
14063	
2082	5203 1245
14237	7788 6431
4044	10841
13676	344
10566	1239
10523	
2601	12060
1840	
14460	8040
15935	
1984	
12218	16054
4783	
14855	
16295	
3803	
6934	
5206	369 13995
8223	
15083	
3558	
8750	
1739	
11847	
9107	
2816	8988 5203
303	
15205	
2514	299
415	
1818	
6822	8385
8510	14342 8385
7884	
14183	8364
1047	
7923	3388 5514 347
15588	10619
234	2283 824
8022	
9923	9089 6603 1064
8002	13788
6578	7855 14957 5726
7480	2984
4394	
5841	3695
12248	2981
1658	572 11593 9520
6183	5203 13299
3723	7995 12714 7411 2984 6853 9469 9333
6348	
6481	
12928	
931	6804 3296 4141 6163 5203
2112	
9935	
10289	
3542	
7092	473
7228	14529
6154	
2069	5203
1377	
3216	6899
7270	
1509	643 1245 5203
10797	
493	5328
4495	5203
9845	
4088	5203
10411	16252 5203 1245
3276	
14990	
5370	
1730	10879 6838 16408
7271	
9333	10799 5225 3723
5534	
10799	13598 9333 5028 5489 4785
10472	
10390	7801
10786	
5194	
16480	
5771	14736 5499
10111	
4905	2961
11118	9571 12084 14998
713	5203 10497 643
12713	
6769	5203
342	
9050	6300
3045	
10933	
121	
4719	8545 9459 4032 5743 18 16461 16045 10028 2571
16318	
5039	
15211	
8766	13039
14227	
4479	
15266	12358
9828	
12839	
929	8912
5846	6734 5203 6804 1245 4423 11771
13825	10619
3829	
9906	
14033	6542
2364	
326	
6728	10542 9535 6264
16426	
5474	
1091	
7637	
733	
10719	8410
3428	2755 3089
1309	
4179	
3202	5203
7845	16054
3008	13788
8013	
16467	
2065	
3130	
14705	
3776	
10164	
6529	
617	4465 16054 400
8392	
16458	2458
16488	
11876	3725
16343	
12538	
12006	16074
990	
15520	
7295	5143 11886
5256	
13165	13925 8455
13738	8509 13039
4105	
393	1064
11370	
16099	
4057	13039
9751	5706
80	
5636	13788
7002	
9015	
13865	13788 13418
15898	7370 5203 1245 10144 3371
10655	
3736	
10684	8665
4954	
7798	
14124	2984
3385	
4722	179
10668	13800 16118 1245
3354	643 5203
4140	
14668	8408
8091	
6517	7788 7502 1157 11393 5126 10981 462 8483 4738
3632	
4283	
15392	
13158	13788
2288	
9407	16054
4535	7411
16340	
755	
4509	
9413	8967
10105	
6899	3216
8467	5203 1933
11012	5203 2749
402	
2292	13788
3934	4821 14342 13788 828 8385 10841 15237
12926	
9477	
12225	3051 5203
10377	7060
5158	16465 4503 643 1245 5203 8167 10267 6453
244	
1237	
6496	
13954	2984
11107	
8887	
10315	2984
6931	
8845	
7880	
13312	
5221	8385 6030 13788 16049 2458
213	11530 12434 5203 4503
11043	
1136	
1711	
5741	
13668	
9765	
12304	
12991	
1930	5203
16363	
87	
6148	
1205	
11388	9890
4101	
8144	1949 6772
6423	
5207	
6701	943
5482	
6492	
5265	2283
8530	
4054	
9353	6772 11689 9574
4029	
7089	
15791	
10174	
13862	10546
4185	
14205	
9431	8961
14608	
7915	16465 6373 165 2286 15545 15689 10713 14775 8992 357
4390	
10608	14322
10806	
6536	15943 6772 13884
15511	
2491	
5754	
5692	6224 16401
15816	
2834	15445
13088	
6912	1332 4144 683
3777	
4831	
14353	
3984	13788
5719	4330
6514	14350
11864	
10432	16054
7131	3510
9625	14350
7036	
503	5203
12431	
16481	
8961	11736 9431 4319
11907	6955 4069 2283
16031	5203 8167 1245 16005
9165	5203
14910	
6878	
11227	
8902	
1572	13788
2654	9749 12194
9758	
12238	7783 6772
5923	10599
10864	13788
644	8657 6634 6189
6072	
15567	
12375	9767 8385
2786	6654 13788 2268 10841 8411
4518	
3074	
6588	12352
3662	
14782	
4993	6772
1785	
13154	3418
218	
7450	
6788	10841 1532
7006	
5517	16054
8056	
11787	
5184	
2264	
11858	
10937	
14112	
12506	
15410	
8042	16054
15013	
4089	
2148	
5565	2807
5904	
13420	
9182	
1172	13788
2311	13788 10841
13258	9572 7924
15346	3952
9913	11886
3983	5203 10610
5860	13788
15497	
11702	12853
11173	
12346	7515
8817	
6294	10735
487	2984
5321	12477
278	
12704	
4808	
8192	
11419	1064 6603
11932	
8190	
3227	13788
271	10416
9318	
6845	2458 10841 6397
439	
5981	
13732	
14093	
7954	
6971	9728 11530
12135	2221 1823 13039
15187	
11364	2984 3874
10380	
16444	2984 12714 10760
15919	11632
12001	
7020	
2727	7788
1097	
4840	
8306	
12937	12853
4672	
13886	
8721	
1973	
10569	
14791	
4559	
3583	
12486	
937	3084 6603 1064 13319
5913	14529
4578	
7603	15863 4330 13788 10841
5763	16465 5203
14894	
8107	10431 13039 8810 156 8509
7853	
10977	
2696	6772 10437
4983	
7082	
14918	
12654	8453
12855	10443 10542 2771 12581 350
14881	13788 2458 10841
1640	
11161	14343
3758	
2997	1677 2284 14168 2571 11477 10028 6130 53 20 9571
6290	
4439	
9769	6603
1874	6030 9908
333	
4658	
6003	5203 11795 10479
9285	
8116	
14534	
3017	
3104	
16271	
10535	
1072	3631 13788 15529 6345
10138	11077
492	2984
16147	7822
7754	
10880	3162
12164	
14598	
13255	
13977	
4680	
6779	10090 6603 8146
8048	
15151	4418
9010	
13739	
7707	13788
7073	16465 10267 9109 3472 5203
10441	12165 9430
12682	
5592	
16335	
1578	
11618	
12749	
1084	
10352	5203 1245
15015	
14317	
2316	
539	
3982	
9757	
10650	6772
233	
1288	
350	12855
3443	
6925	4007
8601	
2157	
16338	10841 13307
1637	
14175	
6171	6772
15949	10450 9535 13039 14350 2469 11934 3392 15997
2539	
15748	13788 556 9890
10475	
9635	
10	
13262	
3472	7073 5203 8167 13982 1491
3638	12818 13788
16307	16054
7744	
15546	4465 16054
15474	
2083	
12327	
14763	6125 6220 14474 5203 2267 11771
5268	1064 6603
11072	
5215	
12946	
4830	
12588	
7579	
14405	1252 13307
8080	12801 15006
6104	
1516	13788 5947
4036	
11547	
4517	2299
9535	10542 14220 2473 14350 15949 565 6521 9658 11934 2858 3392 13039 2204 11845 10450 2469 5852 6105 16424 15997 16542 12336 3709 6728 6955 16255 12165 473
14395	
1169	10700
13662	
16487	1245 5203 8167 16465 372 4503
1178	
7984	
7996	14214 3863 6603
15831	11019 7478 5225
1156	6603 10090
16027	
6459	201
10542	12855 9535 7204 6728
7076	15235
3766	14957 5726
650	12858
6436	7188 11070
16238	
14717	
5706	9751
13394	6772
4758	10437
6965	
1093	
14491	
1497	
13278	
9022	15630 14529
6856	13788
4877	5203
3159	13788 2458
1041	1064
7462	13788 6151
13820	
15909	
14577	13132 14039 12581 13307
2826	13307 7501 9370 2438 3623 11175 10575 5969 2984 12666
5042	
11944	
13067	
1006	
13793	10674 6603
5067	
2325	
9187	6772
7888	
7898	
10677	
13203	
15293	
3265	
4871	16542
7018	
15635	10754
2658	6772 8236
1698	14867
11794	
8872	16054
11700	6603
14151	
15630	6189 9022
5231	
11578	16054
12570	8167 16465 5203
11228	
6051	
12339	
14300	8253 5726
2901	
3905	
14684	8509
1689	3513
4896	
13755	
9774	
6189	15235 120 644 5143 9034 1686 15630
12905	
9829	
1837	
10240	
8743	
8832	
14223	
12936	
10929	
2345	9571
11479	5203
2215	
14921	13788
11406	14825
10747	
6770	
11407	14529
4760	5198 6742 10450 11994
14914	
6616	
4913	10841
7753	
79	
1407	16465
9652	16076 12967 1603 8364
3215	
11956	
1134	16465 2643 16010
7920	
8464	
3717	2984
1847	5203
11741	
10173	
8662	2458
1436	12872
7910	
6005	
260	13039
3080	
9109	5203 7073 8386 7447 8167 11403 13453 6864 1245 643 16465
5511	
3789	
6628	1677
14937	2984
2274	
10552	
758	5203
55	6603 1064 12477
14077	4465 16054
3684	
5046	
6308	
11496	
16249	
466	16465
13756	7682 6772
5276	
7312	
7445	
2726	
1344	
11464	
8118	
315	
15943	6772 6536
7454	
3089	3428 2755
356	
13276	
10267	5203 5158 7073 8167 16260 3094
8915	16424 4898 8262 11133 9918
760	
9840	
2565	
12777	
10109	
16078	13039
8517	9571 15746 7501
1142	
10900	
2527	7788
10127	
7535	2984
2817	
11010	
553	9679 4772 14593 12299
15471	
8167	1668 11298 10146 6275 2267 12570 4328 2295 5203 11771 5158 13800 14327 10267 10294 12872 5322 13747 13471 8573 643 16260 12300 16010 15484 2942 2559 7350 2714 9595 6506 3107 8081 8730 4152 8236 5252 16487 963 4273 1233 14820 6510 8184 14020 16465 15543 7575 16031 3472 7447 3617 14102 15401 9109
11622	
131	
13473	
143	
5849	
5430	
272	
15263	14529
10005	
13971	
13000	
4243	
15506	
8085	
2890	9055 8236 12300 14327 5203 13982 5140 10733 13747 5720 474
15481	4782 5969 2984
9250	
2931	
7102	
6451	13788
6647	
2928	
4410	
10405	
3026	
5136	15235
10707	
8278	
15181	5203
581	5203
14069	12827
5172	
11402	
14230	10250 5283 3180
6220	14763 5203
16009	9798
5377	13788
4293	
2334	13788
8097	
10812	
1138	7350 5203 1245
11667	16118 5203 16465
3430	
7503	
15751	
12376	
8340	5203
15954	
1699	
15289	
5972	
921	
2839	
2632	10250
15215	10090 6603 61
7780	
12016	
11333	
16360	
9685	
13653	14020
11506	
364	
7659	
10530	
12880	9214
6119	
10993	
4637	
10450	9658 11934 9589 4760 6955 14350 6742 9535 13039 15949
10894	
16110	
6342	
6818	13788
8133	1155
124	
1096	
3424	
6416	6881
12780	
13553	6603
7194	
6435	6603 16077
5216	3156
7793	3352
5834	
16393	
2588	
3477	
2338	
6036	10966
14997	9571 14998
3520	
12630	5726
14907	
15545	7915
6766	
11369	
14414	
16269	
9569	
5791	2571
7889	
13833	5203
10610	3983
5998	
1358	
11568	
267	
14409	
2810	
9528	15091
3838	13039
14309	
6597	1304 13788
14867	9034 1698
13284	
6714	7862
7755	
15997	9535 15949 13039
2230	7741 16465
3379	11020
10726	
8365	
963	8167 5203
14402	5203
16248	
6264	6728
12783	2984
12703	
5850	
15684	
13846	14820
965	
4813	
6250	
3232	
957	
5824	5203
9636	
5698	
12522	
7580	12477
1040	
1899	6216
4529	10437
11565	16077 6603
12496	
10760	16444
8100	
7005	
944	
9185	16121
7913	
3247	
6128	
4150	
9602	13788
15246	
13947	
9816	6504 6772
11844	
15329	
2056	13788
12510	6772
5755	
558	
14264	
14530	12853
1908	
10660	
4626	
7794	5203
14629	
15251	
13800	16465 10668 8167 5203
3491	462 4799 10695 6603 61
1586	13307
4463	
3029	11929 2984
5960	
8900	
8893	13307
13472	
10081	
14130	12209
3353	
14091	
5522	
14774	13788
12831	
12223	
6377	
8840	
10257	
9236	
15575	6772
12725	
8398	
13570	
10402	
11615	
6674	2571
3250	
11511	5203
11862	
5167	
14154	
6091	
10750	9571
411	
9410	
9215	
3407	
769	
1363	
2426	
12005	
14831	
1165	156
3544	
7128	5203
10809	
2147	
4227	
12941	
13264	13788
9053	12477
7990	
4962	
4624	
6195	
5630	
9079	
3295	
10612	
14117	
12807	
8427	
13590	
12868	
9465	
14650	
5524	
8228	
16127	
6740	
11233	
12542	
2200	
1568	
12017	2560
16315	
11940	
2711	
15516	
16423	
7354	
15371	
15122	
9772	5203
15933	
8284	
883	
12693	
3056	7319
15724	
11462	5203
8425	
318	
7394	
6572	
13266	13788
3054	
5060	
7704	
1037	2984
13140	
4833	
4020	
11709	
14155	5203
7891	
2657	
16058	
11820	6603
8538	
3623	2826
3238	
3548	
7826	2722
2754	
1328	
2314	
1270	
14714	
1803	
1768	
4212	5143
11155	
6655	
6304	
1599	
11672	9881
11575	
15244	
3106	
13880	
9379	
9762	
16505	
2912	
2802	5203
9869	
1863	
111	
10332	
13246	
8978	5203
7927	
1957	
5006	
12387	
12633	
15836	
6948	
16206	
6484	
2804	
14917	
2188	15952 16054
16012	
9169	
16163	13788
9881	11672
1705	
6233	
5777	13788
2171	
1483	
11637	
6703	
9396	
3197	
13059	
10049	5203
11549	
2261	
13011	
8619	
14691	
2194	
13349	
16264	
15319	
1806	15722
2714	8167
11181	
11062	
8713	
4791	
1305	
6417	
5319	
2281	
14558	
11022	
11328	
3271	
1891	
9553	
8341	
13623	9737
14333	
10096	
14505	
7824	
8806	
665	
1917	5203
3493	
11021	
12397	
4343	
16405	
6638	
12578	16054
6943	15928
4964	
6785	
15878	
3378	
1226	4330
1985	
7667	
794	
13263	
1763	6603
10700	1169
1579	
692	
1914	
14965	
16036	
5715	
2216	
8576	
4928	
10829	
15463	
8977	
9838	16054
13170	
11428	
2331	
9932	
10845	
11993	
9237	
7326	
1664	
1202	
14776	
14149	
4677	
3579	
4903	
7900	
8549	
16177	
7378	
10685	
1953	
9031	
3168	
9239	
2329	
1970	
12367	
8448	
15094	
5189	
14927	
1724	
2233	
9127	
4728	
1052	
11815	
11899	
14178	
5747	
14207	
5374	
14906	
11425	
5705	
4406	
13329	
6509	
10688	
2011	
12531	
5642	
5940	
2402	
6698	
7903	
14334	
9348	
12576	
15045	
9996	
6488	
15007	
1517	
748	
8099	
15544	
2970	
5470	
6886	
12201	
7508	
3883	
2602	
3701	
5714	
7768	
14070	
13115	
14314	
3323	
5197	
4759	
162	
5173	
8931	
7148	
3977	
10423	
11281	
6651	
12003	
11430	
10398	
7420	
11790	
11238	
16085	
15439	
4099	
13458	
1498	
15842	
12816	
2599	
13126	
7999	
14703	
3570	
9173	
15189	
8239	
6136	
7505	
1465	
13460	
4855	
10420	
14955	
380	
10467	
11878	
9612	
8875	
10772	
4008	
718	
9341	
11842	
8723	
15393	
9313	
15318	
8376	
16204	
11100	
12994	
6212	
7399	
11317	
5935	
11451	
6988	
13983	
1975	
6015	
1539	
8351	
710	
8150	
16041	
14528	
4632	
1278	
1710	
2014	
6650	
10287	
14545	
11776	
7615	
3241	
16033	
605	
15459	
1592	
13178	
7921	
7552	
15720	
4182	
1969	
8032	
7122	
8561	
1308	
14260	
10483	
2512	
6494	
13593	
12497	
14891	
11059	
8638	
7893	
12612	
8525	
3134	
35	
4990	
13374	
6684	
14080	
11945	
9442	
13427	
12838	
2597	
8482	
11685	
6029	
2129	
9750	
3720	
8025	
15548	
14163	
7406	
2763	
11931	
980	
7897	
14013	
5765	
16103	
8238	
16385	
4278	
7383	
9925	
7628	
180	
8485	
10778	
94	
820	
11646	
8291	
8489	
10466	
6745	
2747	
5966	
5175	
13225	
2073	
4853	
13114	
13063	
9382	
7694	
15034	
7314	
10050	
11645	
4678	
2273	
208	
7184	
14815	
14993	
4693	
8688	6603
4085	
8388	
8718	
4187	
9244	
15951	
11024	
14141	
11365	
5505	
9687	
65	
7521	
6318	
580	
7261	
4650	
11286	
405	
3743	
2277	
2798	
9961	
1067	
5065	
269	
2620	
7752	
3940	
4924	
3557	
16180	
1721	
15893	
136	
12065	
7336	5203
6998	
7198	
1223	
7292	
6857	
15526	
5154	
13051	
821	
5363	
8050	
684	
10755	
13589	
4570	
12906	
14379	
6401	
2631	
7781	
6911	
10953	
15148	
6621	
8059	
8033	
5838	
6052	
12310	
14646	
12038	
2550	
10727	
14493	
6699	
7543	
15198	
13606	
13236	
2769	
1833	
1907	
14890	
10730	
3862	
7410	
5435	
12851	
11249	
633	
8857	
5961	
16197	
11746	
17	
10329	
11414	
9480	
12319	
15927	
6693	
8295	
3279	
11975	
7157	
4659	
4399	
800	
14764	
378	
3487	
15789	
5159	
6798	
13546	
14107	
13117	
15818	
7796	
15729	
8579	
1683	
15349	
10051	
7311	
788	5817
15860	
2893	
11664	
5026	
4455	
3435	
10605	
2926	
9296	
11149	
15052	
13726	
3987	
7614	
16155	
6231	
14225	
753	
8247	
5627	
1160	
12137	
13037	
15570	
15490	
2372	
1956	
4028	
5979	
14095	
3283	
13491	
12530	
5044	
14144	
1323	
3425	
12402	
16362	
9822	
3395	
7487	
3518	
15024	
885	
9317	
8263	
13860	
10561	
8951	
11639	
6866	
5266	
1272	
1909	
11826	
8571	
3936	
4250	
14562	
7873	
10087	
8120	
16537	
6646	
4114	
3040	
16290	
3948	
2356	
7967	
9931	
15061	
1414	
12244	
14501	
14134	
6975	
10784	
2989	
12030	
5598	
6079	
2016	
12237	
15084	
5671	
10118	
6774	
5861	
10382	
13609	
13332	
10947	
1010	
3228	
8402	13788
14412	
16523	
6024	
14291	
4438	
13106	
13035	
9786	
1919	
12527	
9446	
8908	
1533	
13581	
12403	
2644	
5558	
6278	
6340	
6093	
5480	
2306	
8289	
14137	
4527	
7494	
9038	
7661	
5930	
15127	
3714	
2013	
7571	
3688	
6006	
10488	
10439	
2869	
15020	
14158	
1333	
5473	
10949	
2263	
4608	
15486	
4164	
3126	
6534	
8283	
2399	
1008	
11047	
14002	
13863	
1121	
10270	
14536	
11039	
14716	
7771	
10043	
7687	
3816	
10064	
7391	
7931	
2118	
14271	
13525	
7836	
8838	
16286	
9552	
16028	
9669	
4965	
1297	
13498	
14021	
10007	
12323	
4109	
1193	
2845	
14557	
26	
13807	
4445	
5139	
2936	
13151	
3158	
14391	
2638	
4170	
806	
14649	
16470	
834	
8715	
4689	
1180	
2380	
3866	
7402	
6675	
11288	
12489	
14025	
3979	
4720	
2481	
5091	
11258	
6915	
15648	
15779	
12262	
12389	
2918	
6548	
14373	
1388	
11310	
5257	
2681	
11211	
8871	
2052	
8614	
16406	
7610	
13497	
7518	
2874	
13192	
7663	
4922	
15161	
16185	
10718	
3626	
2751	
3146	
4134	
11510	
10486	
15877	
1612	
765	
8969	
10141	
7643	
11663	
1787	
7418	
5566	
1646	
12736	
8316	
5837	
9090	
6110	
2354	
13512	
1670	
7161	
14429	
5278	
14058	
14009	
6312	
7021	
1049	
9336	
1747	
10978	
11834	
6991	
13796	
8194	
8383	
11609	
13569	
8852	
779	
5223	
3409	
14354	
9036	
13856	
5922	
1704	
9796	
14699	
2211	
1852	
8196	
6389	
15074	
2617	
3372	
8823	
5234	
1853	
14410	
10598	
13891	
3886	
7795	
9269	
11223	
12805	
1783	
427	
3149	
10904	
195	
1512	
15687	
6245	
11751	
6060	
9628	
8275	
9061	
15458	
12435	
15192	
15817	
2947	
1250	
9949	
1885	
1444	
4816	
9827	
425	
11561	
11110	
9598	
11083	
12235	
8500	
12835	
9677	
14642	
13102	
16334	
4623	
3260	
8008	
12562	
12667	
360	
14938	
15799	
13757	
10971	
3840	
8634	
3835	
8149	
1536	
15302	
11168	
10826	
12322	
3218	
7545	
12987	
15602	
4960	
10960	
13516	
11660	
6375	
4270	
199	
14152	
13305	
3206	
6012	
618	
10504	
14072	
15344	
16088	
4143	
7362	
12272	
11108	
13616	
13370	
8119	
6823	
14970	
4294	
14446	
14133	
11277	
11866	
6607	
6712	
9421	
7769	
11073	
7876	
4113	
2778	
6837	
5443	
9362	
13400	
7119	
2903	
8136	
8706	
3455	
8357	
2298	
15504	
6382	
9436	
11461	
8297	
9734	
2185	
1442	
14132	
6010	
8276	
11987	
10889	
1022	
10206	
7434	
2516	
12332	
14784	
1210	
12731	
422	
12082	
9926	
15254	
96	
6177	
13461	
2952	
15250	
14630	
11058	
2084	
12822	
6783	
230	
3326	
11102	
15592	
1811	
10098	
9118	
14371	
1101	
10319	
16370	
742	
13144	
3622	
3044	
3503	
8976	
13259	13788
10623	
12559	
10076	
14341	
9518	
7116	
922	
9966	
10116	
8609	
2946	
12004	
11063	
6999	
8103	
341	
6577	
15874	
15498	
6258	
4416	
5019	
3429	
9921	
13529	
1024	
2044	10312 8856
10191	
6794	3675
14601	6830 3391 11379 15704 10790
5912	10680 5533 4508 462
14556	
10974	13620 15580 9617
9161	1552 8157 7025 7952
6271	7616 15590
13357	251 1081
16277	14584
15541	10680 9534 14131 6749 7185 13628
13871	
12605	
9494	
8156	
8636	
3226	10293
6407	488
454	6402 8738 5128
13335	10680
8369	6210
9897	
7325	
1144	
2736	
13605	
11678	3157 1514
1331	10897 10680 15116 1892 8449 14621 6910 4944 6163
3325	
10918	6692 11873 15116 9235 8431 15873 10540 11085
5895	
11818	11948 14571
14911	
772	905 6210 13388 16048 12067
1757	14787 14244 15746 10841
4899	
907	
5001	8545
11384	11409 462
6885	2145 10849
8125	7680 1855 15770
417	3522 3525 8628 2968 12895 14719 3881 10816 251 6692 917 2971 9980 3456 2939 961 13464 2324 6163 4640 13046
6056	2335
14401	6659 2971 14986 14719 5283 12853 2999
3824	2001 15479 11873 10680 9209
4612	11656
10955	
6089	3251 6639 4197
7059	2813
11207	6210 13946 8981
12114	8803 795 1506 13122 13194
10340	
8989	
10545	14115
3515	6422
12042	
8498	
13934	7751
14184	15597 8965
10455	12493 13890 8738
14905	9137 7087 8415
9032	15562 11409 11873 10291 8673 5050 10790 13046 13673 572 16171 1582 7822 11066 5726 11379 878 14244 9445 11150 14039 12571 2031 2984 4160 9230 5573 8236 15220 16278 1686
4543	1892 1686 10067 10568
9232	5622 575
8798	13788 7371
13214	
11606	
5498	2119 10669
14162	
7476	
900	15452
10266	7025 5282 9640
6454	3240 2421 8187 1374 2971 14511 10575 1457
476	9252 10459
11861	2939 2984
11574	2442 14312 11389 4868 12214 12028 1703 12820 15833
8417	11873 251 3259 4267 15610 5428 14039 4909 13731 6163 3122
14478	6692
3881	8401 1924 9057 525 4640 3522 4136 2971 2968 9865 1819 4284 7788 471 1802 2421 14986 12853 10816 9901 15311 913 12452 417 2324 661 15091 5428 10790 462 9815 5883 13046 8187 13788 1526 9223 10885 3456 8738 14244 14194 9880 5608 6073 2999 1242 4847 11732 14621 6786 3725 1020 483 9630 6163 2283
8925	902 5408 7515
9027	
13409	981
587	8063 11390
5644	1855
4456	9111 525
13979	2210
297	7253 4974
12955	9980
1316	3275
12543	
6269	3765
1450	
15197	10052 9430
15212	
8250	8768 2659
16113	3525
10308	5513 2201 5760 2968 7587
14119	5203 5063
597	12545 9700 696
6639	8652 11409 6089 4197
15875	
12417	15452
4502	11886
13639	
11980	
12482	10680 15633
1090	10644
8665	10680 10067 8267 9908 13039 10684 6705 10370 5428 9980 13588 2643 12208 10748 5283 15049 4669 1526 10291 9280 4197 11437 15452 12221 9901 11530 9989 12909 3675 4252 7067 12966 14039 16054 5325 14576 4640 12853 8431 13045 1657 9459 3259 9392 8732 4707 4346 3001 11300 14850 15582 3207 716 14829 12459 878 11990 13240 16268 14799 16038 6046 13046 14244 9371 15091 6487 7512 10790 2971 7788 2917 2984 11409 5725 1759 15351 13652 11792 11085 10879 4195 960 4902 11379 9184 2705 13132 1236 10662 10357 2007 11809 11314 9223 6163 8885 11689 8618 7509
5915	13122
5624	
10249	
5634	2384
5156	11409
16491	15182 9297 14741
13494	11042 3629 3131 13946 8518
5897	
13493	9137 5700
4225	
1767	15746
7051	13388 9016 12850 8243 2682 10680 8157 1892 15457 11904 14777 4640 3114 2210
7436	10743
10537	
6311	
11331	15819 2600 9630 7319 771 10841 6066 3345 16483 14244
5818	
5354	
5977	9445 7547
4591	
8650	
732	
7534	
5121	3411 16451 16074 13890 12313 8886 12648 14515
6854	14621 8024 13090
1797	
8702	
5437	
3551	11103
113	
8797	
12096	
5859	9042 1452
11792	2984 8665
9487	9989 2126 5283 8874 12122 10182
1921	
5896	
15101	
14952	5682
14351	2332 5405 3793 7662 7788 15429 14136 2046 2405
1515	
2649	
8106	1713 4649 12239
8419	7788
14772	16465
3770	4197 6218 11928 8652 12799 1462
5821	
5571	11160 15746 14931
14596	
9675	2335 3408
14526	10680
11032	
8759	4197 8652 10221 11409 2176
12744	
5457	12821 2410 13223
13817	10299 5615 10841
9842	14981 6974 15746
209	2321
13304	
6708	
10604	2201 2523 6831 12735 16357 13696
14181	
1251	
14041	16413 1484
15019	
8405	12416
10759	
3708	
8504	683 11158
1241	14540 14023 15325 878 10841 891 8385 16401 2996
1217	14939 14957 6815 4625 5726
8317	11409
4276	3345
6631	
6939	11198
993	6953 4206 11225
2415	462 14039 2283
5013	643 8730
4661	5203
12881	5143
3131	5068 13946 13494
7851	
5297	3122
5468	13890 3222
5196	3737 10168
1812	13810
9092	
15493	15973 12345
10019	
8924	1313 16392
10611	2416
4636	13027 3259 5152 8856 8431 14719 4858 15116 14244 10943 9430 9903 5428 6163 2283
13288	14483
11690	1913 6692 2984 4066
14164	11409 12815 11886
4707	8665 682 15970 11085 1999
888	1157
1911	10841 13437
5917	
12447	
5810	11409
7606	
10588	3421 9430 8569
1777	
5024	462
8280	15640 10790 2571
9112	
3970	
10921	10841 15507
10089	9209
10761	14092 16048 5676
15945	11409 1937
16495	
1149	
13179	14621 5302 12338 15819 3345 13228 11390 14514 12666 2145 12733 1115 206 10795 8256 10841 3172 869 4767
1174	
15760	14312 12222 14108
2453	
13537	
9076	10790 6815 1115
12825	
16357	2201 11341 6831 10604
10062	3629
13381	5283
14475	
12903	15476
1931	5661
11046	
835	
6735	
8134	
10356	7117 4997 10790 10841 9455 9811 12537 5476 13788 9346 7515
14619	10202 12514 15193
12677	
14083	8024
9741	5086
8081	16465 12197 8167 5203
1849	7593 2984 12611 8187 2201
8375	
4370	5463
15342	
5192	
13930	
13450	8635
11190	15778
11921	9749
2459	8512
12019	2444 3007
14810	251 2984 10575 16472 5969 3954 1273 661 6188
286	9980 2530 15032 8243 6143 2344
12940	7708
15868	
13372	9459
3269	2873 14039 878
8074	
891	9946 14621 1802 661 14361 8385 5428 878 15746 6686 15156 16401 6163 14777 10841 6910 1241 14362 2984
14411	10459 8243 9813 3345 10540 15873 13223
5200	9455 3629 481 10790 7515 4989 6736 7855 11066 8237
2199	2300 9474
6069	3122
5701	
9619	
3696	14187 1892 10370
251	4219 8417 417 3813 13045 1657 10816 8739 2968 14719 3456 2637 14111 2710 525 9520 14986 12701 4640 13464 4015 12054 9848 12452 3122 14810 11593 8738 6239 9630 8377 9088 14194 6623 2244 5428 14511 16471 2731 9223 1526 1457 9445 5665 4847 1842 462 1819 4967 15091 369 8628 6581 12547 13357 11099 10079 9016 15351 15873 13046 7067 2445 14621 11752 7512 3259 15975 3573 4561 6374 12208 11178 9370 8856 7597 1098 6786 5594 13750 527 2324 9280 15746 15610 14244 11437 471 9212 12966 9880 7856 9057 12427 10014 7820 6163 12192 6482 11300 11814 14039 11085 11971 6402 6249 15049 8253 3715 11736 11392 9798 10943 3371 1886 14517 461 14787
14750	14792 8308 12756 815 15103 14550 7482
7117	10356 12659
5152	4636 15746 2020 4175 10662
11200	11409 8088
11095	10858 13414
6791	
6768	10540 4138 11409 7822
6316	
15468	
11586	
3845	15147
5863	15528
12602	
15169	16049
5652	
9930	2609
2449	
409	
16438	
5445	
11383	16325 2201
10984	9305
14915	12074
13152	
5182	
7883	16000 3675
11453	2984
4930	14678
10914	
13743	2984
7282	
10204	
14086	14895 5033
5649	
3500	
8669	348 3157 15887 5654 7304 11886 5143 14656 10885 1514 6163
12712	
8457	
11296	
15845	
5263	
556	15748 13788 15819 9890
8773	2063 7422 8377 2782 6163 4847 7895 13090
8076	
12528	13253 8256 14419 11937 462 3172
15388	
3307	
3262	9572
1352	
14267	
12790	
13254	
12930	6207 15715
16500	
7109	215 8449 8111
2365	9980 3421 10291 14719 6163 9016 11409 882
10930	12850 15656 14362 4411
15076	
12730	
11335	
2344	2530 13890 8243 15819 9980 7163 5428 15086 286 8315 9728 6518 8850 1242 11380 14039
12467	
15793	10520
9910	
1810	7413 13651 11689 6190 15461 14120 11681 11903 5322 9728 9357 12659 15640 13767 6207 2752
10532	
388	13039
15834	
12063	
3063	16525
15307	
13925	13165 2201
5731	
14946	
1168	
2080	
14543	
2682	4197 14986 12799 7051 5471 8235 4618 2395 8652 8318 10841
616	2971 14986 16212 15675 525 9901
2478	5405 9016 540 9314 4428 15235 11886 10619 7788
14344	14092
6963	
6652	8901 3268 4226 7319 10841 11074 8738 11127 16049 3172 11937 2283
3211	
632	4260
4474	7135 8170 14161 16304 16054
9183	
4747	
10662	3725 9520 525 5152 11689 14039 7926 2710 5428 9546 8739 12427 1802 8738 1842 4766 3525 206 10943 12547 462 5883 3122 8665 721 6996 1657 14787 9572 5665 3573 14244 4858 7820 1886 11530 14962 5892 2971 11437 14719 10230 2626 10644 15599 1555 7512 6249 9370 8856 14131 7067 10816 6163
11536	
3514	
7874	6838 7788
16125	
14963	
5346	11409
2634	
11874	
5546	9056 1201 179
7856	3813 15091 3710 5143 1474 12405 6163 251 14604 6910 7822
8444	10885 2939 15248
6083	5876
5985	15091 10713
5884	3624 13090 2689
2718	
14426	13212 4864 3408 575 3016
11449	
15695	
7651	10593
496	1552 5282 4738 7788
6595	
11857	11409
4388	
2222	1892
11433	8385 13788
11832	
8939	
12057	237
1737	2984
15242	
7147	
11382	13788
13974	6101 1064 6815 10870 11064 5018 5957
2378	
13342	
11300	9213 251 8665 3001
16004	
4780	
652	2880 13712
6851	13574
12571	6531 7124 5563 5003 5573 14039 6163 11379 13799 8236 16508 6910 9032
14360	
11900	
11608	
2594	16054 4465
13134	12072 10767 317
59	
11939	
15068	15351
12760	
12733	15819 2600 15367 6105 14498 10422 13179 16471 12666 3345 3172 10014 9890 12564 8256 10841 14247 5436 13228 1087 15175 11937 7319
14722	
11417	16054 4465
13958	
11138	2035 5203 15091 7014
2296	462 9679 6869 12022
329	12721 11530 9890 5069 3911 14621
12911	
2418	5697
9663	8508
9717	
5617	5203
12061	
2422	4970 14931 16045 4258 10028 967 3737 1804
12090	
5858	8890
8362	
3556	14415
8886	5121 5953
3569	10644
10272	
3695	8064 5841 8776
9901	2320 14571 14986 10816 7185 3456 13628 3881 9880 653 12853 4640 9534 6749 9016 15813 3442 616 15640 11873 2968 3458 9445 6786 525 9980 2283 661 10230 11689 462 9572 1020 6910 1802 5428 8665 15220 5725 1809 8738 771 526 14039 3725 15873 2917 12701 6402 14511 8567 6188 16038 14244 3525 2324 13047 3710 16509 5594 2421 6567 6692 14719 13046 13090 9798 14621
7411	6853 4785 913 14769 11691 5028 4535 10221 6681 5825 15276 5428 1017 7627 4146 5573 7855 14731 15195 3723 6349 11019 2984 12714
12025	11409
196	
15882	
1514	9882 14843 15887 11886 2766 8669 3432 10790 15873 3157 11678 11234 7783 14039 14656 9370 6163
2531	
3533	9558 3137
7650	1825
13869	16014 512
6760	
10251	
4764	
1619	
3753	16401 2917
3887	
2417	
12565	15746
1201	5546
5736	
3939	
7985	
15708	9572 7067 6402 11726 14986 15091 5428 8738 6224 6786 7160 9798 11689
3434	3016 7597
11551	1042 9651 9908
2408	
815	14750
6672	
8621	6603
6090	
6806	2994
8189	
6842	
12335	2283 7855
15941	6130 4108 15703
11544	
7523	10948 9177
593	7788
12280	
4989	10790 481 11961 7515 7767 14244 9455 462 5200 6910 15091 14039
13490	
13317	
15134	
10920	15091 11836 5203
9402	14931 8242
999	
8308	14550 9527 15103 14750 8596
3335	292 1005 4736 1541 8285
13702	
13191	
15431	2536 13162 5535
3367	
2479	522
12773	2984
2892	3322
8487	
6787	12702 5580 8486 15091 7919 15873 7788 10657 3783 7784 5143
8914	1128
903	12126 4420 7426 10140 634 4195 4892 13788 10063 2646 11600
14559	
13506	10379
7183	11875 4336
10649	
3012	11886
7937	13090 8567
12801	8080
4820	
13464	3456 12683 5428 8738 525 9223 2145 8243 13673 6402 8874 9572 9445 14244 11379 13046 1273 11178 251 9574 6163 417 4033 15631 2438 1098 9798 11085
3625	
10282	12637 12525 9252
11292	
920	2136
7742	
16062	7672 5499
2567	3620
10705	11886
6113	14873
6568	
16418	16121
16038	4197 1430 12853 14474 6284 2421 7188 13174 14120 14863 8146 10816 14028 10230 8665 206 7356 4766 7397 11530 3813 4640 14213 1064 9901 3946 9057 4149 12251 14244 11409 9166 5725 10055 10324 10911 13338 2822 6163
14852	11422
10795	10459 691 3345 7802 15819 8256 13228 11937 9370 13788 2438 9813 13179
1513	
1555	14039 14342 8385 10662 10841 915 5499
9857	
9744	13788 10876 6030 10841
3528	
264	
12892	
5376	
2757	
5953	8886
3582	13944 677 6831 13673 2201 11929 3301
8009	
10995	5143
7447	16465 643 9109 8167 4503
10025	5990
5523	7832 13788
1631	
3459	10841
6153	
7936	12983
7595	1667
7721	16077 9508 7822
4014	
2192	8256 10816
1898	
385	
9094	
2655	
10484	
16094	
10316	12477 5203
10424	7235 5576 11760
13587	5573 12853
12604	
15230	13788
6812	
5389	
9525	
3893	8157 7662
11174	15103 13418 2256 3042 5472 7351 4478
15171	
6767	
4900	16394
14295	643
2271	
12180	
2861	5269
14430	8385 9457
11728	
6194	2984
1385	13040 3116 11567
12099	
8455	13165 16182 7593 13673
2979	
6333	
8747	
8749	15261 3876
4703	16121
12176	5203
8258	8775 3321 8953 9701 10481 12022 10913
9995	10687
3357	13401 8110 8115 13742 2473
3864	2153 11677
10150	
15283	16010 3552 5203 3465
9004	
15965	10370
8624	13736
307	
12965	
2609	9930
8361	13090 9890
4789	
9878	
12360	7975
13805	
13935	14039
9833	14020 15091
7166	
15559	
1325	6984
11422	11837 14852
14615	12324
15939	
11974	14775 13437 5203
2258	
11532	14176
5015	
16067	
14142	
2581	419
4530	
12188	
10438	
9712	10816
8101	7730
14064	13788
4146	7411
15347	
451	13079
8834	6831
11478	
8704	11760
2519	1428
2521	6440 14039 12311 14517 5512 13084 8944
8795	9252 2957 2072 12637 13107
7904	
12580	462 6163
15996	
13481	
15327	
3205	2458
4949	6371 9676 9862 5796 9344
15447	
2663	6096
14048	
7886	6815 1611
16115	
8756	
9263	1491
6123	
15978	
1200	878
8962	13077
14484	
15141	
13712	652 7153 11680
13218	
12395	
7233	12719 895 6603
1312	
8541	
11552	5203
7689	13307
1422	
9423	
11446	
7565	
12469	16054 4465
4116	14440
4100	14998
12781	
8816	4767
10400	
10583	4858 5143 14621
9095	
8422	
16175	
8944	1188 5691 2521
4979	462 4 2677
3436	1
5785	15820
4007	11392 2425 13742 15701 5328 14605 6925 2128 3217 8066 9391 12873 12165
13575	12477
4761	
10527	8431
12325	
1340	12853
6989	
890	12474 6469
4768	
11092	
16502	
14138	
6303	
13267	
2729	4447 3156
7165	
2645	1977 1877 9272
2107	
8301	
13081	
1065	
15065	
312	
13417	
11976	
11671	14957 5726
4531	14529 1064
14836	5203
8744	
7192	
13184	16361
1458	
8350	11689
7567	
6872	15901
16311	4618
15998	9667
14297	
6121	
6546	
9601	1892
9150	13788
5410	13132 2176
9085	
6810	
11969	9483
15146	
6009	
4317	
11695	
8899	7788
1966	
16417	8112 4462 16047
6513	16049
1453	
5717	3705
8745	13713
16312	9722
5323	
16256	
6071	
14301	16054 13003
784	2984
11521	
6730	10142 8292
13422	
11385	8385
3420	14362 15682 1486
10227	4594
10794	6487 18
5730	
792	4420
7702	6482 3458 11066 13436 2283 14039
10283	
607	
10030	
14508	16456
14618	7515 7203 462 14244
13683	
9860	
7759	
10840	
6011	
11929	3582 3029 11784 2984 16171
15956	15737 14039
1997	7788
9873	1590
4209	
7360	
969	
10780	
6895	6772 14513
4563	
4567	
7699	
5478	
2823	
7049	
1227	
14204	6603
8313	
2953	
14145	2315
11720	
5542	
12992	12535
11081	
13908	4996
13069	
3406	13377 12815 4587 15044 3505 9934 8737 5058 9072 317 462 11064
13574	6851
15252	1446
1140	3456 2421 6433 15087
6280	10024 1595 5203
3155	14848 8410 4714 8268
2650	10286 13610
2996	12007 4849 16401 1241 14342 1005 10841 8385 292
16158	13148
12451	8738
4725	279 2722 14433
9713	
3831	
7298	
10798	
11581	
1766	
15180	
8337	2283
9626	
7994	
9975	2984
12779	
12321	2283
5878	13788
13351	
12685	
2551	
810	
404	
4046	4849 661 10357 16401 4920 12007 7630 2283
15608	861 4374
10357	13758 7948 6243 8865 14517 11736 13832 8665 13673 9970 1819 2207 13390 647 1424 6821 3815 1821 15896 2145 3697 11689 12699 4046 3466 11505
3689	
15812	5203
14440	4116
9707	14226
10693	
1314	
10607	
6913	
7909	13307
5710	
7317	
9065	5203
15655	
3470	
1173	
214	
13406	
4035	6163
6131	
15157	2669 13788
4434	6700
7632	
14653	10790
14167	
3125	5203
13769	462
15769	9020 5203
13585	
11004	14514 442 9430 8315 1115 14216 7895 526
5041	
2377	
5872	
9985	11530 14529
10447	10222
16215	
15426	
8079	
5101	
8837	
1645	
7483	
4633	
11848	
7376	13788
14789	165 1976 12408 5203 15091 16252 372
2899	5411 8195
4246	
11122	
4909	8417 12050
13520	
11881	1064 6224 7169
15883	
11852	
4620	
10218	
1394	8020 10365
6771	6772 13149
10149	
3386	
8827	5203
11821	
5338	3552
1046	
50	3510
12767	10790
15374	
11788	10841
1749	
1044	
2535	
12398	8692
2279	
13806	
10895	
13095	
14982	
1541	3335
14888	
8268	3155
10969	2961
10006	15358 10841
16227	1064 10090
15902	7788
2048	7739
6532	
13373	
15335	5726 7855
8611	
397	2283 1102
15722	1806
2452	
7309	
4687	
4363	
4544	10619
2467	
4711	15268 3388 5203 1245
8213	9980
14303	
6505	6734 5203
11898	11749
3451	
7472	
11598	5203
7858	7368
14089	9885
10609	8481
1153	
8355	
9344	4949
9364	
15232	
3303	
8870	
2980	
842	
7861	
4793	
3057	
9607	
1000	9474 12658
2388	5203
16344	
4050	
1286	4539
542	
8876	8135
2739	
10689	
2642	
5222	
1647	11784 2984
6937	
1706	
7267	
14403	
9579	3157 5573 11234
7531	12477
9852	
13552	15261
8826	7560 13642
10271	
7443	5203
6995	
10219	
13436	11066 7702 14039
860	
16245	
16395	5203
12772	8315
14563	8858
7583	5203
9639	
10578	
1292	13471 5203 2476 5003 6453
3182	
8324	8923
5664	5203
10026	
8286	
13447	
5475	
1306	
1440	
2228	
9241	4071
13501	9157
13633	
14243	
10625	
14666	
9184	387 8665
1660	
3810	14039
14676	
6732	16054
2503	
7938	
8709	
9286	
5773	
3099	
3021	
11704	
5385	
2042	
9231	
11740	
9542	
5550	
7046	11680
10231	
10156	
16325	10540 11383
4389	13788 10841
1736	
5712	
12390	
7193	12477
8177	
3685	
8597	
12242	13039
11268	
13809	10644 8138
13265	8147 6502
12845	
12617	
331	
5971	
15735	
12183	
13656	9891
6248	10090
14011	
8463	
1720	6030
13433	
13711	11661
14198	6772
6503	
15243	
9009	
5948	
12461	
14844	
13424	3655
9547	4030 12255 16442 10841 2458 15072
14375	
1431	2721 14529
2248	
4619	
13646	
15550	5203 1759
16181	
1026	
6641	
12849	
11311	
8229	10841
10967	
3506	
10673	
12752	
8967	9413
2212	
16143	
11027	5143
2435	13788
7210	13307
10702	
10936	
13909	
16377	
4880	
4802	1349 5203
1398	2984
9059	9749 5779
13346	
14935	
12829	4197
906	
2496	
5137	
8155	
14880	
705	
3419	
9367	5203
4935	
13496	
11065	
14043	
14681	
15563	
9892	
6809	
8210	
5506	
12757	
249	
689	
13181	
6747	16146
6007	
2556	
5490	
11647	
9544	
8927	
12623	
4898	2209 240 6654 8915
16389	1245 5203
412	
2229	
13952	
401	13788
16101	
15166	6772
7217	
15144	13788 5980
12789	
15642	
12015	12581
4977	
14486	
7124	12571
1895	2705
12549	16191
908	7482
15129	
11810	
15375	5890
4986	
7382	
9967	
2276	5203
2683	
12512	
11986	
9941	
14758	
9699	
7345	
790	
5456	
9347	
14632	
1760	14382
6744	
8277	
1728	
12732	14039
6035	
3316	
9896	13788
9524	
13248	
8397	
897	6603
14519	
1808	5890
5219	
9592	7788
4425	
1653	
12901	
12745	
5080	
1239	10566 13717 13788
6408	
7602	4978
1556	
9126	
13235	
11524	
9098	
16080	
15718	
1727	
14795	
663	
5756	
8774	
7939	
15448	
10140	903
2771	7741 12855 12681 14039 11234 13090
134	
11620	
8028	
352	
9064	4969 13788
2793	
6884	
7152	
5612	
3759	
6411	
10851	5203
14262	6603
7072	
12533	
1716	
15037	
9438	
16107	
39	
6721	
14634	
13444	
10800	
12809	
5429	
13686	
12679	
7666	16054
12374	
6307	
1281	
8027	
7065	
16142	
2359	
11408	8040 473 5726
4784	
6504	9816
10385	
16090	
6186	
381	
6986	
5663	
13735	
8842	3613
5343	
112	
4837	
12413	
4994	10952
12942	
7393	
8946	
11737	
13707	
4048	
15705	
2285	
871	
8113	
9433	
4679	
5232	
3081	
2776	5203
598	
13411	
7240	
9955	
10494	
14477	
3015	
1376	
4723	
12291	
3174	
5327	
2340	
10163	
14208	
310	
11123	
4705	
13238	
15794	
7582	
11711	
8060	
8030	
4832	
4872	
8767	
4300	
13445	
5814	
10622	
14951	
15478	
16396	
15055	
16202	
15223	
10292	
11799	
5388	
9646	
4856	
10651	
5422	11253
10161	
3641	
10745	
2614	
3482	
10618	
2102	
7385	
1145	
13452	
6352	5203
12373	
8169	
1978	
5732	
6267	
3932	
8491	
4005	
11259	
16477	
9139	
1095	
12175	
4204	
1118	
1467	
4083	
4055	
11885	
9441	
8896	
15759	
4263	
14866	
11358	
7279	
5417	
13725	
13515	
3476	
4605	
12856	
13109	
3330	
12230	
926	
13953	
1915	
13939	
10383	
15761	
16150	
13229	
9776	
1798	
16258	
8220	
4546	
10946	
7717	
13385	
12673	
15851	
9167	
1625	
16003	
15407	
10485	
10938	
3903	
11318	
10534	4821
13044	
14954	
7584	
1114	
16402	
6958	
2368	
15475	
2252	
4823	
15201	
2027	
6990	
7736	
10263	
14949	
7554	
6584	
778	
13323	
7644	
2744	
11483	
6232	
3742	
4155	
11154	
30	
2504	
1659	
5153	
16372	
5851	
14904	
5449	
7463	
2134	
7079	
8584	
10034	
12152	
1075	
8941	
1859	
3600	
1386	
12989	
15381	
8507	
11657	
9616	
15947	
6835	
3234	
12130	
4381	
7172	
1221	
11908	
15286	
12277	
2075	
4075	
4777	
14942	
12340	
6780	
3616	
13066	
6576	
523	
7894	
14182	
6668	
1983	
14732	
7600	
6215	
9287	
13466	
9444	
4520	
15300	
8245	
2406	
2447	
6229	
8760	
579	
12657	
4137	
1644	
1901	
3478	
833	
3413	
9208	
11224	
7323	
6840	
11029	
10446	
775	
21	
10814	
4168	
5564	
14818	
8182	
10410	
9660	
14974	
2485	
10119	
9075	
6649	
421	
11889	
15128	
7224	
6480	
698	
8812	
8617	
1928	
15584	
7321	
15089	
3992	
7799	
9613	
12964	
10300	
428	
12891	
9375	
6256	
15437	
8304	
15058	
11492	
10805	
4159	
15295	
11330	
11285	
10557	
10038	
3744	
13104	
1400	
4480	
14055	
4860	
10037	
4047	
10363	
8785	
16254	
16531	
11338	
14464	
8720	
12669	
14956	
11523	
300	
9471	
15984	
15159	
5188	
14856	
200	
13906	
8711	
8434	
2746	
13429	
15733	
8894	
6553	
5520	
1663	
9720	
600	
7766	
16173	
9977	
4271	
6020	
16231	
9642	
1060	
15650	
14283	
16234	
11840	
13359	
15499	
13828	
3384	
14188	
3009	
1773	
9486	
3169	
239	
8393	
1746	
12734	
2386	
13873	
13986	
7011	
1918	
13829	
8062	
2859	
15152	
5822	
1479	
13451	
16035	
13716	
8913	
14611	
657	
11985	
15556	
15350	
9621	
2289	
13845	
10209	
797	
4369	
2964	
5586	
3972	
757	
7852	
14683	
3909	
3985	
9151	
5344	
8492	
1232	
14034	
6438	
15487	
4338	
3601	
5461	
2520	
15835	
11230	9016 9980 10841 6563
12645	13307
4165	
15576	6696 1642 8468
6115	
219	15292 9042 328
11822	11916
3198	12024 472 2421 13183 15276 9116 1038 11409 11873 11530 5018 15944 4197 4944 12313 5143 4858 2917 14474 9993 2142 10067 12895 9568 643 13090 14621
15610	8417 251 11444 3122
14187	3696 5003 4738 3033 13108 1686 3122 8012
8124	8157 1686
13462	5203
16230	3711 13108 2932 11873 6338 14527 14986 711
14861	9567
12935	6210 9042
11170	15880
9880	2971 14986 251 3345 3813 525 3456 2324 4640 9445 8738 6692 1802 9572 1474 2968 14719 3259 10644 3881 9901 15418 6786
795	6210 3467 12114 9617 10291 10816 11873 10986 535 525 2971 1801 12853 4328 14244 7016 9865 9016 15091 11379 5753 1802 4669 4847
5164	
10615	
11437	11381 14986 251 7413 9016 716 2626 2577 12054 462 8665 4847 15091 5428 2659 14474 15220 10662 14244 4858 9903 15873 6163 16401
836	5203
1889	6144
13648	3456
7817	9042 2119 12818 5898 16148 8052
13015	
12049	3576 643 8024 2689 357
14368	3711 2984 3375 9246 2473 5500
11467	9042 9016 4086 4669 2283
9493	
4848	15355
10091	
6355	
6337	
5056	
12698	12372
4367	
7107	9137 328 5713 1099 5076
15311	8024 10067 4763 1892 1686 3881 13027 9572 47
10741	2846 15746
7678	11185
6972	8112
7084	3041
5034	
10058	295
596	
555	
9745	2880 2662
15248	6224 6715 9980 8444
298	6664
1366	
1087	9558 6910 2984 2971 6359 12733 7088 9980 1802 8243 2458 6216 14081 3345 9890 14621 5114 14777 5302 9572 10680 2917 15819
259	
13007	
2057	16054
7088	1087 10680
1154	10790
6455	11873
12209	14130 6487 9571 4462 1307 16211
16521	
14489	
3721	
172	8157
1961	6031 12452
5040	9016
640	
2788	6188
14170	16266
3550	
10239	14621 11689 9016
3348	
2812	
3019	3538
2066	
4213	1892 15116 16186
7269	9658 9430 13090
5774	6224 13673
9284	
14637	
2162	
1131	
13926	
9884	9965
31	7855
12361	5799 2971 2917 14777
15850	
14215	7672
9795	
13207	
15552	
1339	
13950	15819
10810	4197
4730	864
13910	2870
4841	15050 2992 8070 16346
3978	
995	13090
3270	
5562	719 9430 11085
9388	2554 11379
2397	
604	10841
9893	
630	
15355	4848
10436	
7276	5086
2553	
16305	
13754	
11941	
8529	442 3828
238	150 6114 8563 5949
5726	3808 10291 13996 5580 12630 7919 2984 3657 11013 11736 2943 15952 7855 8973 9032 9641 10790 14300 13669 3766 6518 10911 11671 5573 11408 8236 14039 7397 14957 14362 7469 12062 1686 3274 0 550 1217 16037 15335 6578 5050 15235 1177 10055 2923 12582 14604
9013	9865 15746 8567 11602
10731	8162
6844	3033 5003
11813	4684
5220	
198	
5530	9971 2339
8607	8821 9454
9282	4257 5283
13467	16054
12119	13890
7906	
3796	5203
10121	
3280	
13995	5206 11064
7709	
1051	
4870	9024
10268	
16285	
14700	
13162	9311 15431
16347	5379 14039
6562	
3516	11937 3670 13132 15465 8315 14362
2629	8157 4428
1602	
3841	2984
5638	
12197	8081
2501	10492
4897	
9998	
6662	7601 8237 5761
11219	
12422	
11420	7919 442 3336 16047 15922 3114 7895 6163 15857
268	8172
3313	8888
8409	
14416	
11068	
6518	14039 2267 15145 13090 2984 14787 10790 4011 5726 2344
458	10370 13307
12643	
14397	
4133	
16540	10701 2446 9790 14136
6124	13089 11530
7030	
3561	
13396	14595
13016	
7263	
13895	10041
15953	
15482	
13503	
1744	
9530	
13403	5573 14362
279	4725 13307 13090 9728
12060	2601
13762	14328
11817	10790
10060	11719
6757	
11721	13307 13090
5515	
16144	
7458	10090 7822 6603
7758	
15857	10841 3954 11420
7424	7788
13149	2835 6771
14074	
10696	
8574	
8807	
13074	6603 13987
3003	7013
2814	
6028	12299 11426
9562	8364 10370 10981 5514 5348 9700 481 4858 14504 8901 13981 14244 14986 15235 462 3715 13307 10790 7728 14039
12068	
14580	
15492	
2676	
10322	5203 10468
2313	
7867	
10866	
12601	
10555	15873 10841 2283 16054 4411
12196	
2006	6402
4478	11174
13174	16038
16300	
7840	
5324	5203
15	
2403	
13772	10644
11371	
5662	
13603	
15456	1064
7685	
2180	
15110	4152 6804 6137 5203
655	15338 14342 8385
3494	
2713	
3394	
6259	
11177	
489	
5843	
16297	
15585	
703	
8804	
10364	
4117	
11531	
3058	
2509	
9614	10517 5499 11390 3252 10841 3345 3882 15896 9890 11971
12113	
9476	
5684	
14581	
2360	
16518	14241
1183	
11846	13788
13942	
12465	
516	2984 10575
5150	
2889	5157 12637
9417	
14647	
2081	
2351	12444
12863	
6092	
15003	
11778	
16390	8115
15926	
4536	
16169	8935
4762	
12536	2669
1649	
3042	10142 11174
12684	
16482	
14823	
13505	
2717	
13098	
15507	10921 5499 10841
10789	
13091	
3091	
6346	
5526	12525
10480	10028
8328	
13405	14463
13025	
11724	13788 7741 16049
12488	
8521	3762
14216	4330 11004
783	
9597	
12833	
4557	
14274	
7370	923 5203 15898 2487
12177	
13767	1810
5653	5069 15807 16196 10396 7341 14502 12186 14950 11971 4071 9054 14766 15819 8945 11440 16198 10619 15704 9137 15261 13078 5442
14116	14039
9958	
7563	
1904	
12289	
1639	11373
3768	
3539	
1652	11925
11572	
8861	
13691	
7548	12477
950	
14272	
10982	
9103	
10888	
11001	661 16401 685
7222	
3609	
11005	
14219	
9067	
3874	2984 11364
14909	
13369	
6864	9109
774	
6230	
14438	
8907	
5792	
12957	
12254	
11254	
7516	
4533	
10676	
8300	
5078	
15691	
13680	
1111	
11712	
61	15215 3491 6603
477	643 5203 11322
7634	
4556	2458
7929	
7425	2299
8043	
4690	16260 16465
367	
3690	14039 13788
3166	6603
13453	9109
3355	
2625	
4755	
12622	
6817	
5022	5203
1950	9554 8385
3028	
4090	
5529	
3855	
1596	
2269	
14323	
5316	
4560	3775
16083	
7715	
7349	
13137	
5383	13788
3612	13039
5106	
9727	
7511	
10972	
7315	
6882	
4181	
9584	
747	
13269	
11735	
13290	
15348	
14610	13788
8307	
14153	5203
9469	3723
10470	400
15405	
11783	
414	
15285	
15619	
5995	
4072	
15755	
4818	
13116	
10665	
4835	13788
1508	
9026	
622	
15561	
725	
9854	
7773	
11619	
12625	
68	
8470	
7838	
10276	
11972	
13870	
13821	
28	
11653	
2494	
10838	
14270	
2538	
14624	
10309	
3059	
6710	
10550	
15811	
8240	
4092	
185	
3085	
6807	
3338	
9270	
11188	
4819	
8282	
13645	
9403	
14171	
14912	
4582	
6026	
13327	
1425	
10631	
4245	
7577	
12021	
16225	
16205	
6354	
5423	
8680	
10844	
14076	
11157	
7517	
12094	
6208	
14811	
13994	
7266	
11014	
6023	
1770	
12232	
4914	
3302	
9141	
15432	
4691	
13103	
6260	
16229	
5242	
16342	
13303	
1240	
4548	
15641	
15652	
4642	
11935	
3488	
4486	
6473	
3751	
8031	
10547	
5431	
8991	
7329	
14531	
7955	
8849	
15406	
3415	
4174	
8540	
11491	
9303	
2589	
6298	
10671	
9117	
5711	
11607	
9874	
12370	
4982	
983	
7316	
5122	
12823	
7655	
12970	
11439	
1248	
9080	
1405	
11543	
5831	7253 10568 1924 5003
7253	15154 5831 1074 1892 14846 14777 5003 878 3033 7422 15483 13108 2462 10568 15193 7684 1686 6345 8267 11886 13046 14039 9651 9585 9370 6163 297 8112
12385	8187 5114 7822 5428
3675	7883 3304 10981 9520 8665 462 4494 6794 13090 14244 4669
1393	16048 15483 1686
3122	4640 9520 4617 15932 3456 251 6610 967 11873 14621 14187 14846 16045 5297 5132 14719 10816 6910 12797 4033 14369 15610 12382 9430 11689 3259 15091 5428 462 10067 14039 13628 9534 9617 9129 575 6188 8739 6402 6163 8417 7822 3525 255 3037 1686 9630 9798 6069 5499 13046 915 11085 10662
11093	
8833	7461
10230	11706 13047 6692 9993 6749 2031 206 462 14456 5283 5783 1424 9980 7028 7802 7672 6910 9901 11409 14621 10662 14244 11530 8112 1642 7244 11726 4640 1802 15220 2421 1242 12022 16038
8949	15503
15903	7803 9945
8604	
14106	5492 8267
81	10100 3156
13275	
15028	12477 7788 14139
11033	
1563	
1731	5050
11677	3864
6648	641 2984
7818	7978
2256	15351 1099 11174
3581	3545 7919 11409 6190
15199	
7003	6188 10540 6087 12477 12910 13454
7892	13788
5118	7788
14834	
5622	9232 11971
3897	
15637	12210 15091
3815	2283 10357 2324 14284 14787 8567
14560	5947
1032	2692 8657 15451
3120	1802 14039
13804	
13441	
15573	6772
1382	
5213	
2710	251 9520 10943 10662
15839	
1345	357 14873
4721	4234
15694	
3565	
13320	
11013	5726 14957
4334	
7197	
813	
5658	
4649	8106
12200	
10522	
2779	
2137	
15097	
14992	
1857	6541 4465
14727	
12168	
10131	1626
10887	
9823	
8290	
9214	15264 678 2104 12880 4136 14635 13640
8072	
2967	
16040	
14773	
398	
13811	
12000	
782	
15681	
11674	
12161	
11375	
9172	
12579	
8699	
13563	
11611	
8681	
7245	
6846	
9030	6603
5536	
15069	
14574	
3138	7774
16514	
15114	
12615	
13903	
5304	
15623	
13768	
16104	
16223	
16137	
11590	
3185	
12846	
1164	
14756	
8553	
117	
15605	
2259	
12700	
8919	
11116	
6720	
16253	
688	
13408	
8197	
6447	
10151	
10358	7948
4417	
3853	11689
14514	6066 11390 13179 6821 7319 11004 206 9573 8315 15896 14177 16471 3345 15091 3172 11937 13228 15175 1802 2600
15489	3257
14370	
16420	
8071	8385
6987	
6367	
13380	
2821	10586 974
10515	
13927	14039
4972	
1960	
10498	
8246	
8820	2984
2725	
1234	
10392	
1356	
1830	
7569	
15409	
876	
