12311	3.52
16171	3.41
7303	3.63
15195	3.81
13566	4.2
4302	3.8200000000000003
8548	3.43
5786	4.11
11827	4.22
7917	3.51
8791	3.8200000000000003
13297	3.75
4615	3.6
14437	3.46
11872	2.55
2848	3.65
11481	3.33
1626	3.77
12648	3.81
15955	4.13
15783	3.65
8364	3.89
1106	3.9
9850	3.2800000000000002
12871	3.05
15265	3.73
3411	3.66
12584	4.65
5919	3.74
3498	4.61
10190	3.49
457	3.74
9210	3.86
5018	4.05
471	3.91
2205	4.13
12	3.9699999999999998
1872	3.54
5514	3.95
16496	3.92
16212	4.13
12452	3.89
1255	3.33
3711	3.5
567	3.8200000000000003
2917	3.22
12222	3.4
15830	3.9699999999999998
296	4.16
12341	4.11
12821	3.46
5615	3.77
6593	3.74
14131	3.71
15427	4.37
4289	3.62
12870	3.33
13212	3.32
110	3.55
16474	3.89
4124	3.7
8506	3.56
12098	3.66
777	4.0
9474	3.96
12399	3.73
4838	4.14
14111	3.45
5037	4.03
9307	3.83
5132	3.79
15116	3.61
15581	3.65
11726	4.23
4346	4.05
4864	3.47
2145	3.93
2534	3.9699999999999998
2743	3.93
5174	3.68
9042	4.04
14115	3.76
15087	3.83
13078	3.38
4000	3.88
5891	3.67
15932	3.92
13620	3.26
1560	3.48
12454	3.96
14569	3.35
7296	3.9
9051	2.46
7504	3.47
1937	4.11
4045	3.91
5306	3.5700000000000003
6863	3.26
10748	4.17
3599	4.27
6330	3.46
9689	3.68
9502	3.96
5594	3.75
3842	4.05
6947	4.34
7680	3.52
7087	4.02
6830	3.91
4284	3.92
2421	3.86
10751	4.35
4708	3.83
14599	3.32
5949	4.46
15049	3.55
14744	3.83
9779	4.43
15367	3.89
9572	3.83
10100	4.05
1452	3.71
3598	4.28
3898	4.18
4944	3.99
16116	3.25
15483	3.5700000000000003
1042	4.29
2835	3.9
11850	3.81
2637	3.83
7401	3.36
5093	4.09
4792	3.55
5676	3.83
14625	3.91
2001	3.94
7933	4.04
438	3.99
5924	3.64
387	4.18
9178	3.85
10963	3.5300000000000002
11409	4.24
13454	4.01
2471	4.04
1862	3.46
16283	3.66
1841	3.43
12104	3.65
10028	4.06
6142	4.03
1163	4.65
1365	4.17
13455	3.98
1657	4.01
4383	4.08
15944	3.19
3543	4.46
5107	3.6
11765	3.29
2586	3.98
14635	4.06
5492	3.59
14289	3.63
12803	3.85
850	4.09
3737	4.04
16208	4.1
13031	4.71
5303	3.79
463	3.41
5752	3.8200000000000003
2287	3.99
10250	4.04
9146	3.08
14843	3.61
4839	3.85
7025	3.91
11179	3.76
11389	3.8200000000000003
715	3.42
5790	3.6
13527	2.31
7863	3.8
295	3.87
4281	3.5300000000000002
3667	3.98
2924	3.86
12115	3.52
15009	3.92
12075	3.16
4744	4.16
1284	3.34
15821	3.46
8063	3.5700000000000003
2419	4.33
10321	3.96
6263	4.2
3375	4.03
13673	4.04
345	4.21
10867	4.43
13234	4.44
7572	3.9
6838	3.24
8024	4.24
505	3.42
7490	4.0
9143	4.1
6742	3.88
9455	3.86
6114	4.4
10548	3.18
13075	3.71
12988	3.96
10067	3.84
15124	3.5300000000000002
4610	3.44
4136	3.42
11930	3.5300000000000002
9192	3.74
5421	4.06
4337	3.68
12358	3.9699999999999998
12853	4.29
2972	2.83
13600	3.71
9728	3.71
11324	3.58
716	3.7800000000000002
15326	3.7
8172	3.73
13868	4.44
7185	4.21
1535	3.85
4329	4.7
14584	3.43
4606	3.6
11990	3.67
1943	3.49
12028	3.34
9111	4.17
2905	3.3
1081	3.61
6983	3.74
6623	3.58
2304	3.26
8874	4.18
15298	3.66
13457	3.79
14924	3.93
15862	4.02
14792	3.23
1695	3.5300000000000002
14872	3.7199999999999998
726	3.71
3314	3.83
15864	3.87
1362	3.59
4258	3.35
543	2.86
16278	3.81
5289	4.05
14733	3.73
15833	3.6
3100	3.56
4987	3.49
3391	3.61
7052	4.25
6197	3.89
15597	3.66
12983	4.35
15580	3.84
15709	3.41
14931	3.92
5661	3.7800000000000002
9899	3.96
8923	3.9
1819	3.75
13965	4.03
1804	4.72
9016	3.31
525	4.14
6101	3.55
13946	3.39
11769	3.77
1242	4.02
928	3.75
2126	3.2
7761	3.56
9640	3.69
384	4.0
15027	3.01
2036	4.1
488	3.85
16002	4.32
764	3.71
3473	3.87
9233	3.7199999999999998
8926	3.99
11950	3.59
3508	3.94
3184	3.86
1549	3.94
15747	3.79
8866	3.79
97	3.23
1379	3.55
12344	3.58
12818	3.48
11392	3.7800000000000002
9463	4.51
4773	3.64
14276	3.29
3885	4.43
3157	3.9
2150	4.13
4868	4.08
1999	4.16
3666	3.35
12739	3.99
12313	4.06
9209	4.04
7256	4.07
6466	3.66
1126	3.69
1485	4.4
2384	4.26
2932	3.6
3525	3.4
1115	3.5700000000000003
5433	3.44
2059	3.46
13875	4.04
12624	3.7199999999999998
12545	3.52
8644	4.15
2824	3.71
15866	4.29
9574	3.71
1057	4.5
16472	4.35
12459	3.66
7471	3.66
967	3.93
10129	3.91
4810	4.0
6210	3.93
2142	3.3
10593	3.4
265	3.9
14515	3.5700000000000003
9590	3.88
115	3.62
12764	3.3
1152	4.04
6441	3.75
16499	3.37
12355	3.89
9358	4.13
6161	3.31
5428	3.75
14962	4.15
14028	3.86
15147	4.04
1553	3.94
10225	3.5700000000000003
6692	3.19
348	3.94
9445	3.75
3629	4.04
7067	3.8
4147	3.7800000000000002
14847	4.16
1127	3.85
11074	3.71
9520	3.24
2398	3.44
5028	3.95
11873	3.62
9387	3.83
3467	3.5700000000000003
10202	3.95
15262	3.39
2577	3.51
3371	4.13
4970	3.7199999999999998
10408	3.55
6563	3.6
14802	3.99
2712	3.74
6286	3.93
13034	3.7199999999999998
15163	3.68
15008	3.51
6491	3.58
11948	3.62
9159	4.15
2184	3.45
15418	4.12
4348	4.51
3304	3.68
2554	3.55
5002	3.8
1264	3.86
13670	4.5
14146	3.7199999999999998
5295	4.21
13708	3.67
6296	3.42
10168	3.31
6938	4.02
11697	3.96
9280	3.76
8147	3.19
14483	3.56
3974	3.74
11860	3.5700000000000003
13879	3.44
8157	3.5300000000000002
9509	3.51
10852	4.11
8128	3.7800000000000002
10505	3.18
14757	3.67
7713	4.08
11185	3.7800000000000002
3255	4.99
14396	3.31
9643	3.85
1636	3.7
8315	4.1
6904	3.87
15763	4.15
14777	2.93
12537	3.71
4201	4.77
14964	3.58
16378	4.43
13183	3.5300000000000002
7160	3.84
9018	3.74
10166	3.59
887	3.41
2135	3.43
10823	3.8200000000000003
7864	4.67
12981	3.75
2410	3.65
14292	3.59
16074	3.81
12416	4.54
9730	3.54
13047	3.9699999999999998
3993	3.61
940	3.5300000000000002
14663	4.49
5108	3.87
15476	3.75
11961	3.76
58	3.5
2723	4.35
8724	4.11
6383	3.92
11299	3.99
10053	3.43
8737	4.02
2794	4.16
16048	3.8200000000000003
4026	3.73
1415	3.29
3421	3.63
16322	3.69
3101	4.2
2619	3.55
902	3.75
9672	3.71
12737	3.12
7805	3.48
16392	3.4
7061	3.55
1449	3.58
4465	4.03
11247	3.79
7440	3.54
1607	3.45
5588	3.8200000000000003
4985	3.8
5894	3.59
4432	3.7199999999999998
5708	4.43
9200	3.66
1456	4.22
11158	3.64
7948	3.94
1667	3.63
12972	3.74
9240	4.11
12896	3.92
4741	4.25
13122	3.2
3553	3.81
2245	3.91
5204	3.45
12820	4.2
3522	3.6
9409	4.19
5654	3.43
14685	4.07
15752	3.5700000000000003
8974	3.9
16108	3.89
4851	4.55
11755	3.7
15268	3.91
13287	4.02
14233	4.33
866	3.59
7926	3.94
8256	3.94
13364	3.59
15224	4.19
7760	2.92
7467	3.74
4976	3.89
16023	4.13
14889	3.6
6164	3.7
13173	4.21
10170	3.2800000000000002
11194	4.26
2303	3.9
6855	3.6
10314	3.94
7374	3.22
701	3.9
16522	4.29
2166	3.81
15631	4.01
2508	4.24
16326	5.0
7676	3.54
10355	3.9699999999999998
13449	4.26
4545	3.66
16507	3.68
7201	3.34
13097	3.56
1074	3.7
15366	4.19
9008	3.94
382	4.72
12067	3.75
2053	3.4
7225	3.44
2990	4.04
13331	3.7199999999999998
16469	3.66
12033	3.96
12362	3.86
14590	2.69
10278	4.41
15621	4.27
6723	3.5300000000000002
1793	3.24
9193	3.9
9019	3.86
13556	3.7800000000000002
2020	4.58
9671	4.08
10099	4.04
14174	3.77
14279	3.36
2610	3.63
15808	4.33
9746	3.84
6172	4.08
2468	3.5700000000000003
7186	4.11
11159	3.05
8512	3.68
7842	3.92
8864	4.17
2128	4.34
2699	3.77
128	3.91
6598	3.49
15629	3.9
2659	3.63
7328	3.6
5829	3.77
3790	3.24
7751	4.0
3576	3.77
933	4.34
7952	3.54
11206	3.84
5142	3.9
16039	3.7199999999999998
8086	4.49
5274	3.89
14648	3.31
3233	3.2
3602	3.7800000000000002
16346	3.6
4285	3.62
14986	3.46
173	3.2
11225	4.33
5105	4.6
2342	4.59
5069	3.49
6528	3.69
1025	2.92
4207	3.31
5458	4.34
3137	3.76
13968	3.37
11257	3.74
16132	3.51
13334	3.54
13622	3.34
8803	4.14
8799	3.66
9617	3.98
6329	3.9699999999999998
14809	3.7199999999999998
15770	3.79
15175	3.95
6967	3.7199999999999998
11624	3.96
11222	3.92
16452	4.85
1061	4.27
10471	4.39
1742	3.95
8396	3.48
8298	3.8
15292	3.66
10659	4.05
7792	3.52
3248	3.48
10074	3.5300000000000002
11698	3.65
9136	4.01
2873	3.88
13658	3.81
15452	3.77
11241	4.34
14232	3.25
6061	3.6
3732	3.75
530	3.99
13008	3.5
14428	3.84
9137	3.69
12181	3.8
2772	3.68
5210	3.76
8395	3.65
11094	3.59
3288	4.04
13224	3.15
10644	3.94
1738	3.9
16186	3.89
3442	3.44
8851	3.24
2007	3.7
15905	3.65
10682	3.9699999999999998
15879	3.98
1758	3.2
16301	3.13
16006	4.02
13888	3.95
15600	4.5
1902	3.96
7236	4.26
14312	3.56
16509	3.67
7127	3.69
13395	4.5
8347	4.05
11504	4.05
4352	3.52
12281	3.56
10811	3.2800000000000002
1623	4.0
8036	3.92
9883	3.43
12312	3.2800000000000002
1499	3.81
11732	3.76
13549	3.61
12264	4.37
13401	4.41
377	3.93
10728	3.69
15921	3.93
5737	3.92
16302	4.35
14108	4.42
6463	3.7800000000000002
5059	3.69
5746	4.06
8231	3.66
11960	3.35
3408	3.89
1500	3.89
6620	4.01
4884	4.3
16148	3.79
14330	4.18
7070	3.5
8226	3.93
4634	3.89
6749	4.24
7108	3.9
2473	4.06
3931	4.6
4458	3.67
6551	3.71
9736	4.17
14038	3.7
235	3.9
12287	3.84
10913	4.16
10293	4.34
15512	3.68
8438	4.02
2766	3.95
12184	4.51
216	2.88
14433	4.04
13775	4.23
14030	3.87
11139	3.46
2201	4.33
9328	3.67
2144	4.18
13368	3.85
12629	3.63
103	3.65
12024	3.21
9940	3.86
11470	3.89
15981	4.01
14032	3.58
5996	3.19
15235	3.74
7413	3.74
9105	4.67
1864	3.88
8494	4.32
16097	3.91
11326	3.83
13237	4.02
10518	3.25
13916	3.54
11814	3.9
14425	4.22
1929	3.59
2035	4.41
9848	4.29
9054	3.9
893	3.46
13142	3.67
14842	4.06
11339	3.59
578	3.7800000000000002
12782	4.01
15259	4.22
9197	3.71
13079	4.28
2543	3.76
4361	3.98
11708	3.83
1235	3.64
5005	3.27
4175	3.8
4476	3.55
12806	3.99
12040	4.03
13951	3.9
14306	3.79
14870	3.85
2895	3.47
10686	3.14
9432	3.84
12215	3.32
2561	2.96
243	3.63
9191	3.79
12239	4.17
10771	3.63
3563	3.55
1027	3.88
13421	3.99
1185	4.47
5342	4.06
5282	3.79
15390	4.65
6959	3.79
60	4.68
3102	4.31
6957	3.9
8622	3.42
4617	3.55
8739	3.86
8180	3.42
5217	3.7199999999999998
6784	3.27
8218	3.86
7616	4.58
7871	4.06
5626	3.4
15204	3.88
11348	3.44
3485	4.08
5674	3.75
5925	3.73
13808	4.47
2330	3.7199999999999998
16408	3.95
1820	3.81
10069	3.43
7670	3.77
85	3.59
8178	3.67
700	3.91
1613	4.02
13982	3.59
1462	3.9699999999999998
10861	3.17
2034	3.96
3456	3.8200000000000003
10396	3.93
10875	3.62
13029	3.41
8235	3.9
6707	4.33
9224	3.62
10853	4.1
11750	3.66
5261	4.01
10848	3.7199999999999998
5014	3.67
7144	3.74
4151	4.5
13132	3.84
12101	3.65
8354	3.77
13533	3.95
15662	4.14
14118	3.89
2833	3.88
14027	3.3
448	3.38
16299	3.4
70	3.86
12864	3.68
1665	3.9
4592	3.2800000000000002
12735	4.14
15820	4.42
10354	4.13
11386	3.69
10056	4.13
8983	3.81
8430	3.63
5727	4.5600000000000005
13704	3.67
1952	3.59
9221	3.48
728	4.28
47	3.13
5965	4.11
15636	4.66
4975	3.93
10073	3.75
8273	4.21
5797	3.7800000000000002
10454	4.07
3590	4.09
5504	4.29
5833	3.41
3083	3.64
11441	3.9
1703	3.43
8518	3.89
2379	4.31
14150	3.71
3710	3.67
5030	3.56
15625	3.83
8670	4.18
2991	3.86
10925	3.0
11643	4.23
6247	3.64
15321	4.14
8320	4.22
7022	3.62
2446	3.62
10998	4.06
7286	3.7199999999999998
2320	3.9
4094	4.44
7832	3.83
743	3.92
6688	3.64
16034	4.23
6887	3.85
7965	3.68
9425	4.1
9219	4.76
158	4.62
1821	3.85
11508	3.54
1559	3.47
10107	3.31
12331	3.73
5802	3.9
10216	4.36
7635	3.22
7238	3.49
2455	4.08
12642	2.87
5682	3.62
9496	4.14
8191	4.14
4447	4.39
10788	3.98
6165	3.73
9872	3.11
2523	4.65
5519	4.07
12701	3.9
12843	3.49
15569	3.44
11541	4.15
966	3.88
4397	4.76
6610	3.8200000000000003
3827	3.69
14874	3.9
7120	3.52
2223	3.85
6144	3.94
9934	4.14
13998	3.51
653	4.04
9749	3.58
1552	3.92
8012	3.5300000000000002
953	3.34
11913	3.8
11593	3.86
1110	3.86
5997	2.48
12372	4.15
11057	3.83
4506	3.73
988	4.09
15599	3.85
12635	4.13
8965	3.75
6608	3.58
9163	3.6
2664	4.28
16065	4.0
3764	4.49
1119	3.85
10766	3.5300000000000002
10787	4.32
13962	4.45
12695	4.91
1351	3.89
6086	3.13
6057	4.19
548	3.83
12185	4.09
12274	4.07
14336	3.7199999999999998
4424	4.04
7724	3.38
16198	3.95
8173	3.67
4995	3.79
6394	3.5
7016	4.1
1038	3.59
846	4.14
13705	3.52
683	3.81
14061	3.88
6729	4.15
4160	3.66
10331	4.48
6359	3.3
8070	4.05
15670	3.05
14571	3.68
9993	4.1
2250	3.68
5918	3.9
11656	3.81
3251	3.77
7355	3.96
3124	3.7800000000000002
8645	3.81
15719	3.91
10401	3.87
1021	3.41
5563	3.67
648	3.52
276	3.61
7813	4.51
15557	3.4
8314	4.4
226	4.08
14983	3.65
12349	3.93
12123	4.18
11355	4.26
13652	3.9699999999999998
15237	3.69
12842	3.32
11767	4.77
11103	2.77
1228	4.16
4093	3.76
5057	4.29
12759	3.31
4627	3.84
8730	4.21
5003	3.66
2954	3.46
6804	4.11
12959	5.0
15424	3.3
12594	3.43
15044	3.91
15781	3.62
2813	3.99
4355	4.26
6066	3.65
14588	3.87
6374	3.58
12167	3.75
768	4.02
14897	3.81
16498	3.8200000000000003
1756	3.55
4152	4.28
4315	3.96
7573	4.26
3517	3.48
13751	2.24
2960	3.05
8234	3.67
10742	3.96
4400	4.16
10944	3.69
14468	4.15
10701	3.7199999999999998
5880	3.95
6440	3.4
9334	4.84
10205	3.95
2031	3.81
6282	3.8200000000000003
5697	3.7199999999999998
15284	3.99
2529	3.86
15564	4.46
13478	4.16
11631	3.35
13774	4.38
10312	4.06
976	3.54
16317	3.42
12173	4.07
1130	4.17
3189	4.13
1712	4.31
14346	3.92
8176	4.39
7935	3.37
14939	3.65
16428	3.34
6511	3.86
6390	2.99
1506	3.84
12948	3.5300000000000002
135	3.46
9202	3.51
8122	4.53
11431	3.45
14120	3.84
16239	4.0
11951	3.95
9166	3.92
5910	3.62
1198	4.33
12848	3.74
12283	3.5700000000000003
3700	3.88
10397	3.3
9802	3.8200000000000003
6829	3.24
10388	4.03
14512	3.85
1529	3.83
5051	4.0
9609	2.77
14739	3.52
10776	4.14
15995	3.41
12776	3.92
5681	4.0
6869	3.76
4222	4.59
12097	3.43
4552	4.13
15843	3.17
14269	4.08
5074	3.62
9835	4.31
12600	3.41
8243	4.08
14664	3.2
101	4.04
12784	3.3
3976	3.91
9157	4.08
7855	3.67
13798	3.46
13017	3.67
9558	3.55
12214	3.7
9814	4.34
3078	4.03
2420	3.92
3382	4.09
2703	3.51
13197	3.31
8615	4.07
4515	3.85
10850	4.16
15603	4.13
2046	3.85
2849	3.69
11706	3.8
7294	3.76
15675	3.5700000000000003
1650	4.08
6833	3.51
461	3.7
1392	4.06
12231	3.13
2155	3.07
11982	3.45
15663	3.46
9969	3.33
6047	3.12
832	4.44
5011	3.33
1209	3.81
3619	2.59
8496	4.22
2666	4.18
7962	3.65
11854	3.4
8439	3.91
992	3.63
15853	3.52
6908	3.81
15524	3.51
5239	3.5300000000000002
4387	3.14
2213	3.65
15973	3.61
9928	4.31
3023	3.5700000000000003
8319	3.63
506	3.95
13423	4.09
11749	3.58
12074	3.93
9129	3.64
12078	3.94
6469	4.41
3659	3.19
8757	4.2
3823	4.39
1924	3.96
6993	3.8
2055	3.86
2061	3.51
16214	3.47
98	3.36
3368	3.46
2332	4.1
10342	4.41
15703	4.14
10735	4.0
4684	3.84
2412	3.52
6338	3.92
14616	4.25
7714	4.08
15278	3.79
4508	3.59
10449	3.19
2483	4.32
15704	4.03
10603	4.17
3212	4.02
845	4.31
3275	3.49
15408	3.92
3037	4.32
1855	3.59
10448	4.22
2032	3.6
15104	4.33
10948	4.11
9944	3.67
8930	3.95
7978	4.02
13507	2.93
14023	4.27
801	4.14
16013	3.91
10112	3.5
9017	3.88
9449	3.59
2671	3.55
6929	3.58
15414	3.68
13270	3.25
5535	4.06
4734	3.29
12515	4.33
10932	2.98
5716	4.03
12500	4.12
5784	3.41
12697	2.81
13119	4.21
3088	3.93
9037	3.99
5974	3.83
5641	4.25
5647	4.47
9803	4.31
4497	3.45
313	3.75
15900	3.79
6910	3.81
7246	4.38
5250	3.89
16457	3.2800000000000002
90	4.48
7611	4.46
12810	3.91
9057	3.86
9330	3.38
11113	3.95
4260	3.7199999999999998
2136	3.49
12456	3.76
7134	3.79
8401	3.51
904	4.08
83	3.69
781	3.34
13045	4.01
15639	4.39
5183	2.74
3804	3.67
4303	2.84
15620	3.96
11119	3.76
13650	4.59
5007	4.19
3179	4.02
3310	3.88
13092	3.9
11399	3.85
14707	3.5300000000000002
4433	3.58
7850	3.68
5277	3.43
5518	3.89
16530	4.29
11270	4.16
7493	4.09
2405	4.35
13744	4.57
6871	3.8
2227	3.24
16156	4.03
14172	4.25
4910	3.88
12963	3.27
12145	3.8
13542	3.93
462	4.19
8867	4.63
2305	2.9699999999999998
14799	3.5300000000000002
14035	4.22
6174	3.94
9412	4.33
859	3.67
15277	4.41
11965	4.78
8652	3.95
9882	3.36
10188	3.8
14338	4.25
14247	3.8
14607	3.88
15479	4.52
11216	3.77
4516	3.8200000000000003
8559	4.38
676	2.92
12198	3.47
7033	3.5300000000000002
4662	3.75
3571	4.1
4095	4.14
1343	3.5700000000000003
12298	3.5300000000000002
15363	3.92
16193	3.66
1188	4.58
2791	3.25
8040	4.06
2440	4.11
5898	3.48
4800	3.83
8415	3.67
2324	3.89
6321	3.24
8708	3.88
1925	3.98
5686	3.87
2908	3.95
8588	3.96
2796	3.81
2621	2.94
905	3.58
7335	4.2
14432	3.69
8366	3.65
7211	3.69
11171	3.18
4616	4.03
11474	4.88
1428	3.9
2857	3.38
11649	3.69
6019	2.44
15177	3.18
2656	4.03
3001	4.08
9915	3.68
5111	4.47
2385	3.71
16281	3.54
11688	3.85
6816	2.93
14636	4.29
14760	3.6
12191	4.02
12485	3.84
12194	3.16
167	3.6
2442	4.09
3687	3.98
10572	3.63
12410	3.5700000000000003
13414	3.7800000000000002
9314	4.32
15047	4.33
1671	3.88
4598	4.11
10828	3.8
5764	4.11
11904	3.69
3793	3.45
14678	3.65
3501	3.43
12795	3.7199999999999998
13138	3.71
15674	4.17
2090	3.84
11042	4.38
11502	4.54
9533	3.77
4507	3.15
14857	3.67
10714	4.05
7979	4.12
3043	2.2
7384	3.7
10808	4.04
889	4.18
8064	3.99
6150	3.33
4198	4.08
15154	3.85
4288	3.93
16455	3.83
15852	3.88
2998	4.03
12826	3.9
8868	4.04
7028	4.66
8663	3.07
12258	3.8
12614	3.68
4956	4.03
1507	3.88
1016	3.94
14110	3.74
14098	2.58
12207	3.83
11527	3.77
10128	3.5700000000000003
16341	4.2
4919	3.92
13205	3.83
11699	3.98
2444	3.94
9384	3.8
14299	3.26
5466	3.55
11715	4.55
14928	3.73
168	3.19
8997	3.61
2441	3.9699999999999998
2236	3.96
4451	3.9
9376	3.54
16102	2.76
3859	4.22
13010	4.04
4145	3.84
11601	3.89
3437	3.89
5033	4.87
10813	4.07
5442	3.51
11829	4.29
11215	4.0
3463	3.48
11621	4.17
15217	2.8200000000000003
14057	3.9
15934	3.5
8208	3.92
12705	3.41
13340	3.42
11605	3.77
2648	3.02
16184	3.93
7980	3.21
14873	4.14
3660	3.5
11172	3.47
9427	4.13
5000	4.32
15309	3.46
7333	3.61
9708	4.25
6357	3.7
2153	4.34
5688	3.95
9271	3.44
1256	3.59
15616	3.59
12687	4.44
7094	3.7
12526	4.17
5602	3.68
12246	3.95
8646	3.7199999999999998
691	3.63
5260	3.41
10334	3.9
8195	3.79
4522	3.45
2537	3.16
11915	3.81
12449	3.61
11160	2.86
3423	4.24
371	4.0
10871	4.19
2700	3.29
4945	4.48
16501	4.83
2335	4.13
8884	3.94
7459	3.65
9475	3.06
13245	4.0
13283	4.12
13480	3.89
14004	4.11
9041	3.34
14808	3.95
8859	2.34
14463	4.04
125	3.75
365	3.98
8154	3.71
4096	3.93
1157	4.02
3296	4.49
257	4.13
9068	3.64
8889	3.68
7337	4.0
5976	3.87
532	4.17
5135	3.94
13465	4.25
14245	3.96
7063	3.93
12256	3.45
14741	3.44
11366	3.06
11182	4.5
14304	4.23
16520	3.88
5411	4.6
4421	3.9699999999999998
4767	4.06
16224	4.62
14241	4.49
15081	3.8
8183	3.31
13996	3.93
14389	3.77
11127	4.14
5668	4.31
2488	3.55
362	4.09
2472	3.92
6034	4.29
7825	3.85
838	3.5
6270	3.1
6431	4.08
13551	3.38
12446	3.92
16532	3.4
12503	3.86
8522	3.92
9543	4.29
16525	4.13
16221	3.11
15601	2.93
10318	4.08
13642	4.16
13009	3.63
4103	4.1
7259	3.75
723	3.89
14136	4.17
13161	3.54
7693	3.6
8162	4.01
15803	4.03
7519	4.14
16105	2.88
7879	3.05
15182	3.47
12878	3.96
6808	3.56
14687	3.43
4034	4.16
2827	3.88
11455	3.75
3877	3.08
15139	3.64
9650	3.62
15746	4.04
1335	3.3
13438	3.22
15596	4.41
15711	3.67
51	4.0
1420	3.37
7151	3.26
14352	3.61
9721	3.81
5890	4.46
5914	4.1
2450	3.95
15397	3.34
8981	3.34
6409	3.7800000000000002
694	4.24
10886	4.04
15306	3.44
6105	3.87
14916	3.65
660	2.8200000000000003
12348	4.4
9114	3.8200000000000003
10476	3.5300000000000002
14981	4.07
10959	4.13
1938	4.12
6347	3.36
9566	3.61
6325	3.71
15229	4.3
4797	3.7
874	3.45
9916	4.46
2963	3.73
8207	4.46
13684	3.2
9700	3.74
9946	3.91
7841	3.46
14919	3.84
14424	3.24
14415	4.07
9756	3.8200000000000003
6097	3.44
2060	3.96
9292	3.66
1893	3.73
3114	3.77
222	3.56
10606	3.45
14499	4.42
4125	3.37
5361	3.17
8768	2.75
10863	3.65
8593	4.13
7359	3.07
7629	3.66
15756	4.05
10072	3.83
1298	4.04
15430	3.56
12850	3.36
2846	4.57
6625	4.11
3818	3.22
7039	4.0
16410	3.64
3741	4.0
12208	3.52
4452	3.79
7237	3.74
4883	3.99
11499	4.02
15571	3.5
8221	3.75
14240	3.74
11984	3.73
9373	3.68
15773	3.7
13294	4.31
7674	3.7800000000000002
16063	4.23
13279	4.28
1073	3.68
14143	4.77
16021	3.95
13492	2.64
6811	3.5300000000000002
10434	4.3
7027	3.55
7566	3.36
174	4.41
14654	3.79
10299	4.02
5151	3.85
5867	4.36
13216	3.64
2855	4.79
3863	4.45
3757	2.44
15364	4.48
4345	3.6
9815	4.16
16463	3.48
9695	3.39
8901	3.63
14479	3.81
1708	3.44
8897	3.0
7934	3.7800000000000002
5830	4.33
12521	3.94
3236	3.5
5921	4.5600000000000005
178	4.13
14674	3.81
4173	3.83
3229	3.96
4881	3.18
11555	4.14
3591	4.32
8358	4.65
5068	4.02
177	3.94
14092	4.37
15633	3.67
12710	2.86
3111	3.25
11125	3.69
2026	4.05
12540	4.0
10619	3.58
13736	2.64
13129	3.79
14450	3.94
16210	4.28
4489	3.29
43	3.65
8850	3.91
12554	4.05
1751	3.48
9254	3.33
12368	3.55
11942	3.37
2748	3.01
3608	3.44
13842	3.81
9216	3.5300000000000002
8536	3.29
7890	3.37
15356	3.71
2782	3.65
11089	4.3
9914	3.62
7226	3.08
3007	4.18
10192	4.05
10065	3.83
10669	3.2
7199	3.98
15957	3.73
1361	3.69
5187	3.98
12975	4.22
4051	3.9
13858	2.71
4738	3.77
13426	3.84
13607	3.73
13112	4.07
11630	3.66
8625	3.73
12564	3.84
2308	4.39
3527	2.49
10404	4.58
16071	4.04
15466	2.89
8374	3.08
6474	3.12
447	3.62
11304	4.03
1496	4.67
8400	3.66
13850	3.93
1171	3.67
7848	2.91
13131	3.8200000000000003
7601	3.65
3061	3.38
15659	3.65
10146	4.55
4086	3.77
7024	4.48
10635	4.15
13094	3.4
9654	3.42
10790	3.98
12179	4.07
8503	3.75
317	4.25
16051	4.39
7896	3.61
3502	3.54
9227	4.31
6385	3.76
1317	3.89
7468	4.53
8051	3.08
12158	4.3
14281	3.7199999999999998
11514	4.38
6395	3.9699999999999998
13598	4.08
12915	4.5600000000000005
1545	3.81
7623	3.89
15279	3.73
15822	3.38
8528	3.77
14423	3.7
7588	3.37
1702	3.87
10691	3.74
8372	4.14
5597	4.29
4668	3.5700000000000003
11301	3.79
5951	4.12
1259	4.14
15077	4.26
15901	3.43
3499	3.36
13210	3.94
16355	4.95
14609	3.74
3219	3.94
11686	4.29
9199	4.36
6813	3.71
13310	3.62
12756	3.25
10620	4.71
5253	4.6
7991	4.13
15449	3.88
2742	4.24
15140	4.24
15990	3.13
16359	3.46
2347	4.06
11638	3.81
14883	3.73
2300	3.07
12112	3.44
2041	3.24
14835	3.5300000000000002
9212	3.7800000000000002
9056	4.2
6953	4.04
873	4.18
8098	4.1
6996	4.17
4025	3.93
10444	3.43
5439	4.96
930	3.62
9122	4.57
4947	3.14
14040	4.04
8143	4.71
12999	4.26
14780	2.91
16293	2.67
2362	3.9
15174	3.8200000000000003
5516	4.31
8293	3.7
12052	3.99
9886	3.98
11457	4.13
3268	4.08
14202	3.71
8551	3.2
1629	4.39
6985	3.99
15717	3.9
8413	3.43
13341	3.35
13745	3.48
12424	4.15
12922	4.69
11198	4.11
14420	3.95
16513	2.88
5835	4.8
12132	3.61
12917	3.5700000000000003
16170	4.03
13599	4.78
8391	3.6
3718	3.91
935	3.67
10681	4.21
9116	3.71
16371	3.51
15276	4.03
8219	3.59
14037	3.21
10083	4.57
4524	3.58
9242	3.48
3849	2.77
14804	4.54
5081	4.4
11730	4.48
13933	4.12
11397	3.8
858	4.02
22	4.38
478	3.83
2394	4.06
4541	2.81
5334	3.27
13690	3.42
14003	4.21
16313	4.52
924	3.92
8590	4.09
3618	3.39
10194	3.95
11217	3.41
15784	3.99
8092	4.29
3192	3.9
14020	4.19
8801	3.31
14846	3.2800000000000002
7975	4.11
15679	2.27
6306	3.56
15051	3.88
11928	3.5300000000000002
13696	4.94
13918	4.16
1378	2.8200000000000003
6201	3.37
8789	3.77
14319	3.47
2282	3.83
11037	4.35
731	3.37
9664	3.42
7482	4.03
6022	4.33
7648	3.2800000000000002
9453	3.51
15043	3.46
1603	3.73
15731	4.79
12990	3.8200000000000003
1109	4.29
5073	3.7199999999999998
8980	3.65
16451	3.14
2880	3.76
191	4.07
12480	4.23
14196	3.73
14540	4.91
12659	3.84
8610	4.05
5238	3.92
15075	3.9699999999999998
13794	3.38
11997	3.7800000000000002
4521	3.45
14246	3.21
410	3.76
8790	3.89
5906	3.83
118	3.59
15502	3.17
2865	3.29
10774	2.98
7444	4.87
4865	4.14
9992	3.6
14723	4.4
13064	3.67
1124	3.55
11809	4.12
1680	4.27
343	3.16
5436	3.56
8000	4.48
512	4.14
7706	3.9699999999999998
6341	4.4
5959	3.0
1618	3.83
14235	3.58
13071	3.77
4120	3.71
14736	3.55
10943	3.96
8818	4.46
4655	4.35
6841	4.3
754	3.64
14221	2.7800000000000002
4834	3.74
10957	3.15
10237	4.16
12278	4.15
7291	3.47
12882	4.0
15700	3.71
4595	3.96
15721	3.87
6471	4.42
15523	4.26
1823	3.87
14743	3.71
934	4.45
3301	3.56
5134	3.92
8880	3.11
10931	4.5
10670	4.14
10094	3.73
4700	3.5300000000000002
7146	4.5600000000000005
6386	3.92
7164	3.64
14710	3.96
4772	4.07
16154	3.27
7547	3.52
13292	3.2
8230	4.05
4239	3.5700000000000003
7968	3.46
11759	4.02
1617	3.86
16336	4.32
6448	3.9
10666	3.31
10529	2.89
522	4.2
14754	4.4
10568	4.03
10461	3.56
9205	3.39
13837	4.2
8586	4.26
3103	4.18
1135	3.88
551	3.6
12432	4.04
4012	3.9699999999999998
16032	2.96
4925	4.3
2930	3.5700000000000003
9255	3.19
1686	3.99
194	3.88
7703	4.62
14349	3.7199999999999998
6096	3.74
3175	3.81
12817	2.7199999999999998
6291	4.25
2484	3.33
1321	3.5700000000000003
3999	4.29
11754	4.08
498	4.18
7808	2.61
7156	3.63
11924	4.03
2005	3.67
10860	3.76
12020	3.9699999999999998
16354	4.18
9888	3.45
2309	3.3
6332	3.8
7101	3.5300000000000002
13193	3.71
12660	3.58
4241	4.58
5119	3.69
8368	3.86
5185	3.87
8161	4.32
4735	3.92
280	3.07
1868	3.51
7428	2.45
16461	4.37
16296	3.96
13814	4.48
13604	4.0
12133	3.2
10045	3.59
8531	3.87
2615	3.52
1313	3.8200000000000003
4366	3.59
12754	3.48
7739	4.54
8733	4.65
14345	3.89
1013	3.8200000000000003
10654	3.42
442	3.8200000000000003
1285	4.09
8412	3.8200000000000003
997	4.25
2949	3.29
2242	4.26
8694	3.21
3005	3.88
10907	3.79
14826	3.73
5629	4.12
13778	3.3
10841	3.76
14026	3.65
4568	3.4
6064	4.33
7626	3.31
13902	3.93
2391	3.2
1795	4.09
12541	3.69
642	4.0
10195	4.94
9055	4.55
8570	3.59
7179	3.68
6068	4.15
15464	3.56
8726	3.41
9350	4.06
1829	4.04
13509	4.0
11918	3.9699999999999998
791	4.07
2460	3.7800000000000002
13932	3.73
4342	3.51
14679	4.0
14967	4.6
3237	3.5300000000000002
11273	3.64
4107	2.65
10706	3.99
12386	4.34
11067	3.5
9256	3.63
4226	4.04
13839	3.39
10135	3.66
2349	2.96
8591	3.75
14896	4.19
7466	3.46
3876	3.14
12481	2.95
10638	3.0
10399	3.83
10417	3.83
1401	3.8200000000000003
15876	3.7800000000000002
15046	4.12
12203	4.13
9611	4.01
12002	4.17
11279	4.26
4750	3.91
7963	3.81
2198	4.05
13355	3.6
9571	4.18
2219	3.26
6805	3.61
6254	3.71
7230	3.98
4217	3.9
9972	3.68
6213	3.67
13943	3.5
14786	3.87
14550	3.91
1117	3.99
12428	3.8200000000000003
8629	3.71
14838	4.35
13872	4.09
16485	4.17
5856	3.63
6410	3.85
10214	4.2
14480	4.5
5650	3.67
7100	3.62
10288	3.58
12619	3.89
6429	3.48
8468	3.89
8348	3.84
6604	3.61
5848	3.89
4257	3.62
1404	3.29
16149	3.75
15294	3.74
1643	4.0
10369	3.66
16020	3.0
6736	4.23
1487	3.24
15062	3.98
6859	4.26
3890	2.46
14455	3.5700000000000003
1055	3.44
13118	3.68
13300	4.13
15332	4.92
6143	3.96
8342	3.85
6526	3.3
9559	3.09
11156	4.28
7250	4.27
5665	4.2
2999	4.58
11410	4.38
11075	2.92
10690	3.59
651	4.92
13740	2.81
6156	2.77
15108	4.46
10815	4.26
8863	3.98
2260	3.81
4006	4.39
12887	3.9
10477	4.17
13579	4.77
12966	4.45
10241	3.49
12267	3.32
3422	4.8100000000000005
1521	2.7
10830	3.44
3620	3.6
9863	4.53
4368	3.92
14355	3.0
7559	3.15
11791	3.46
11345	3.42
3038	4.36
11644	4.31
14841	4.26
2108	3.62
5144	4.32
14614	4.09
8312	4.25
11905	3.96
817	3.6
3650	2.77
12353	3.92
7338	3.7800000000000002
5326	2.74
5619	3.6
12711	4.8100000000000005
7341	4.31
8692	3.43
1566	3.95
16376	3.58
15036	3.88
9385	4.22
5779	3.81
13936	3.5
12762	3.14
1175	3.71
5348	4.08
12412	4.35
2235	3.8200000000000003
2297	3.91
11458	3.59
3891	3.77
2732	3.03
4019	4.54
9647	3.89
12192	4.03
9168	3.88
8635	3.85
2517	3.27
472	3.89
1974	3.48
9316	3.91
4854	3.4
11616	3.55
3927	3.43
6168	4.59
4902	4.09
15654	3.93
5789	3.26
8661	4.09
6376	3.52
799	3.32
13054	4.52
12377	3.55
1800	3.45
8526	3.58
7498	4.2
4332	3.74
4788	2.65
6932	4.01
2141	3.95
11498	4.31
8006	4.42
7485	3.86
5	3.94
10536	3.65
8046	3.7800000000000002
12912	3.31
13230	3.21
1035	4.39
6476	2.8200000000000003
12210	4.15
3973	3.05
10008	3.41
2068	3.26
2598	4.3
12520	4.15
12555	3.4
4886	4.83
7542	3.55
3492	3.5700000000000003
11795	3.95
519	4.05
16112	3.46
8165	4.12
4220	3.83
3359	4.43
100	3.69
4021	3.44
7189	3.7800000000000002
2919	4.31
14523	4.39
16228	3.75
6301	4.44
3312	2.6
7167	3.8200000000000003
10922	4.35
8716	4.28
7729	4.0
2891	3.71
5842	4.09
12297	3.7199999999999998
15800	3.17
4613	3.55
12296	3.71
1713	4.47
3762	4.12
12841	3.07
140	4.12
9831	3.62
13202	3.87
16084	4.1
12077	3.16
6445	3.92
10765	4.5
7347	4.01
13145	3.88
4604	3.96
3649	4.13
14213	4.44
14959	3.52
2995	3.06
4607	3.91
1701	3.58
7816	3.91
5403	2.74
6305	3.73
13316	4.02
15053	4.39
13834	3.6
6236	3.85
3547	3.85
14680	3.45
15389	4.05
10211	4.64
13854	3.54
3734	3.89
11367	4.18
509	3.74
11576	4.22
16025	3.9699999999999998
3016	3.66
13678	4.08
15442	3.0
14456	3.7199999999999998
13020	3.7800000000000002
7735	3.2
15692	3.73
12212	3.88
2226	4.39
7737	3.71
9101	3.6
5807	2.5300000000000002
11916	4.05
11078	3.58
15120	3.7800000000000002
3686	3.8
9289	3.66
5911	4.38
2097	4.53
14367	3.8200000000000003
13150	3.43
2466	3.93
9081	3.58
5243	4.38
7496	3.63
7662	3.51
4248	3.7
120	4.08
1927	4.76
6924	3.22
2507	3.56
16043	3.76
6284	3.92
2801	3.76
13199	3.77
4409	4.29
10172	2.99
1179	3.98
15343	4.1
4505	4.16
215	3.37
586	4.21
3821	4.25
13540	4.16
3342	3.61
10803	3.55
12751	3.55
878	3.7800000000000002
2680	3.75
12532	4.1
13032	4.01
8206	4.0
263	4.03
9300	4.14
576	2.91
2416	3.88
4753	3.54
9447	2.64
6636	4.05
3108	3.86
13978	3.56
2175	4.35
363	3.5300000000000002
4022	2.73
10343	3.59
16267	3.52
5127	4.12
7782	3.13
5036	3.88
14007	3.06
4070	3.69
11395	4.29
2806	4.0
4609	4.69
3680	3.47
6746	3.42
6542	3.59
5967	4.26
3594	4.43
2765	2.89
8963	3.58
15727	3.25
14248	3.43
14566	3.54
5254	3.87
6444	4.42
2958	3.22
15971	4.95
8583	3.15
2530	4.06
11045	4.04
2333	4.38
1265	3.88
11807	4.14
15916	3.56
8648	4.1
15085	3.61
9851	3.0
6752	3.41
5244	2.42
2894	3.85
4588	4.05
3807	4.09
12680	4.28
14261	3.7800000000000002
14209	3.77
5809	3.38
1370	3.14
6717	4.28
3906	3.6
12157	3.69
12035	3.21
1734	3.48
1445	3.91
1993	4.29
8953	3.35
827	3.91
4737	3.86
6831	3.65
7135	4.51
8738	4.17
14169	3.2800000000000002
2022	3.52
6512	3.81
10275	3.76
12971	3.85
13309	3.6
9481	3.51
3176	3.64
8612	4.0
15372	3.96
3889	4.18
5947	3.64
730	4.22
3739	3.76
15063	3.74
2704	3.76
494	3.93
11378	3.94
1590	4.71
1948	3.62
6182	3.73
5889	3.6
1923	4.08
8703	3.05
13851	3.55
2247	4.08
225	4.06
884	3.87
16160	4.5
7249	3.55
8458	3.52
9678	4.27
10910	3.61
11243	3.5700000000000003
8406	2.75
14239	2.83
2844	4.06
1170	3.79
14251	4.0
4322	2.51
14594	4.04
11519	3.48
12979	4.17
5133	4.32
5399	3.35
2163	2.92
16437	4.29
8075	3.55
11903	4.2
138	3.93
11626	4.31
11891	3.64
1544	3.61
734	4.08
4969	4.06
6926	3.68
5318	3.43
971	3.7800000000000002
8469	3.76
11475	4.14
1225	3.84
2437	3.5
2571	3.8200000000000003
4669	3.64
11808	3.49
16187	4.21
6399	3.71
985	3.45
12466	3.87
9302	3.68
8778	4.18
2495	3.73
2829	3.33
6226	4.03
1461	3.54
9467	3.41
4354	4.16
6297	3.17
13382	4.06
1493	3.7
8473	3.93
6612	3.63
16314	3.94
5795	4.29
6773	3.62
4359	4.0
13392	3.51
7875	3.5700000000000003
6954	4.33
7524	3.9
2715	4.24
16536	4.18
13448	3.79
13643	3.71
2040	3.86
2025	3.67
15632	4.29
7646	4.3
5279	3.67
7137	4.79
6398	3.39
9820	2.91
1561	4.89
1707	3.51
3562	4.42
14413	4.05
13638	3.36
3900	4.42
6288	3.69
10764	3.5
4472	3.71
3896	3.98
6919	3.83
14833	2.84
2095	3.14
11008	3.66
1883	3.11
14645	4.45
2154	3.33
1033	3.04
5920	3.31
13941	3.85
4825	3.92
4745	3.05
1327	3.52
12206	3.79
7669	3.69
12729	3.7800000000000002
11169	2.9699999999999998
14017	3.17
3692	3.86
4715	3.44
2555	3.5
12755	3.94
7944	4.06
2037	2.84
1569	3.58
7802	3.71
10381	3.85
14082	2.92
4333	4.5600000000000005
5532	4.0
6629	3.8
13366	3.77
1700	3.7199999999999998
11220	3.21
5738	3.74
643	4.17
245	3.86
3070	2.87
2768	3.19
5527	4.39
15035	3.67
2841	3.6
9415	4.5
4590	2.34
9077	2.58
15090	3.55
624	3.07
15115	4.37
7828	4.15
13580	3.2800000000000002
9683	3.48
840	4.29
14443	3.92
11557	4.7
7594	3.5700000000000003
6522	3.38
12873	4.18
3826	4.07
5778	3.93
441	3.52
1875	3.9
10310	3.35
3822	3.79
1815	4.53
9801	3.13
1001	3.29
6888	4.63
9629	4.28
2506	3.19
10047	3.61
2214	3.49
6027	2.95
14595	4.17
3830	4.19
1558	3.7
9864	3.9699999999999998
11088	3.36
10890	3.03
9837	3.32
4393	4.05
14348	3.37
15443	4.01
7304	3.91
2627	4.06
8288	3.92
9217	3.75
15813	3.68
14100	2.9
166	3.6
1673	2.98
14010	3.0
10513	3.7
2487	4.37
1218	3.29
1494	3.85
10176	4.15
5541	4.14
15827	3.0
15107	4.25
573	3.63
10373	3.69
250	3.2800000000000002
7862	3.44
1518	3.7
6499	4.49
15578	3.8200000000000003
4362	3.84
7461	3.93
1735	3.95
649	4.04
12142	4.05
4846	4.42
9936	3.63
12661	3.91
15245	3.47
2465	3.84
15899	3.87
3746	3.9
2706	3.56
5098	3.98
9578	3.35
9278	4.09
15404	3.27
3433	4.28
246	3.67
4403	3.22
13252	3.75
3828	4.01
3935	3.05
3755	3.7
11340	4.23
13402	3.94
1289	3.69
13595	3.91
13972	3.76
2103	3.38
14	2.8200000000000003
5045	3.7
6914	3.91
4656	4.5
7187	3.77
1466	3.68
16291	3.24
2950	3.73
6449	3.8
3129	4.14
8722	3.25
15305	3.63
2807	2.75
1495	3.37
4629	4.57
15202	4.0
4469	4.13
5379	3.9
2336	4.77
4211	4.07
531	4.37
15079	2.93
7697	4.0
10207	3.75
13960	4.27
9363	3.46
8829	4.31
8616	3.17
5499	3.51
15429	3.91
5964	3.89
15378	4.0
3606	3.2800000000000002
16529	3.69
4888	3.69
3401	3.0
8783	3.81
5224	3.83
6665	3.84
5364	4.49
4712	4.05
4621	3.84
7297	3.37
12433	3.7
3341	3.75
1082	3.66
1069	3.93
14495	3.5700000000000003
5709	3.9
5451	3.2
11002	3.51
14533	3.64
10457	4.49
5700	4.16
12523	4.32
15986	4.52
8754	3.73
3575	3.24
320	3.98
11440	4.2
1609	4.0
12066	4.46
231	3.38
3546	3.8200000000000003
10226	4.22
3389	3.01
14510	3.26
10524	4.45
5302	3.83
7672	3.5700000000000003
4666	4.16
3797	3.63
750	3.56
4372	3.33
406	3.7
6600	3.86
12861	3.36
15809	4.11
4448	4.37
7686	3.46
10032	3.71
11380	4.27
9724	3.68
9074	4.23
863	4.27
12951	2.88
12916	3.8
12599	3.41
2373	4.6
4786	4.17
1108	3.9
8449	3.8
7083	3.93
15387	3.7
9132	3.41
11026	3.9
16388	4.84
13377	4.04
4038	3.9699999999999998
2254	3.06
15453	3.84
9806	3.6
9649	2.94
15113	4.18
15149	3.96
4265	3.43
2381	3.6
696	4.3
15518	3.77
15741	3.9699999999999998
4827	3.5300000000000002
1504	3.84
3682	3.59
962	4.5600000000000005
15080	2.98
12178	4.5
9338	3.94
3683	4.05
84	4.8100000000000005
3033	3.93
2017	4.07
10085	4.31
12252	4.43
14356	3.42
14817	3.63
16059	3.81
5450	3.03
12997	4.0
3148	3.83
2623	3.69
15696	3.8
9623	3.5700000000000003
10539	3.92
8111	3.27
12804	4.13
5877	4.37
10708	4.53
13416	3.83
1839	4.38
8260	3.2800000000000002
11044	4.71
8594	4.33
15786	3.74
789	4.15
64	3.47
6032	3.32
10526	3.79
7633	3.35
8329	4.29
1528	4.44
12143	4.73
13671	2.8
188	3.81
3199	4.14
508	3.2800000000000002
3193	4.69
15925	3.52
2906	3.63
5531	3.6
6421	3.93
12093	4.1
10556	3.5300000000000002
12396	3.68
3875	3.38
6637	3.86
12273	3.5
5934	3.21
3961	3.73
2886	3.54
13318	3.52
16056	3.68
10551	3.65
4111	4.03
12778	3.9
14837	3.54
5240	3.94
9582	3.84
12487	3.39
6222	2.56
3073	3.58
5926	3.36
5312	3.67
849	4.59
4205	3.7800000000000002
13816	3.52
8017	3.81
16246	3.23
8587	4.45
5950	4.0
3398	4.44
15025	3.71
16001	3.8
338	2.04
6962	4.18
9321	3.32
4618	3.83
5070	4.24
9898	3.88
2439	4.41
7409	3.86
6521	3.76
5190	4.07
12925	2.93
15208	3.35
13976	2.65
9952	3.64
11053	4.8100000000000005
7364	4.59
11192	3.56
13721	4.05
334	3.06
615	4.51
10909	3.8
12044	3.59
3475	3.88
2158	4.57
3461	4.69
16446	3.18
6014	3.8200000000000003
1003	3.94
11048	3.05
2110	3.73
10092	4.18
13107	3.56
9879	4.34
5567	3.88
179	3.47
12037	2.55
10713	2.99
11736	4.01
13792	4.24
3661	4.42
15673	2.71
11687	3.63
5126	4.29
9570	3.73
8825	4.62
569	3.8
13068	4.44
14337	4.34
13056	4.47
9483	4.9
14185	3.55
639	2.93
14945	3.33
3980	4.49
6102	3.85
2907	3.86
12224	1.8900000000000001
14555	3.8200000000000003
4683	3.26
3258	3.17
1755	3.93
6582	3.0
5402	3.24
12285	2.63
5956	4.45
15494	3.52
7974	2.9
9836	4.28
7943	4.52
8475	3.77
9277	3.17
3510	3.31
7492	3.18
6711	4.18
2983	3.7199999999999998
1622	3.5700000000000003
2029	3.5
5143	3.12
2071	3.32
6039	4.21
368	4.45
9352	4.68
4063	4.47
9238	4.08
7998	3.81
205	3.46
12427	3.67
744	3.71
7560	4.02
13577	4.42
49	4.26
11927	4.49
918	3.5700000000000003
4382	4.16
3706	4.53
11789	4.08
6371	4.18
14544	3.71
14394	4.52
10642	3.52
12439	3.9
4586	2.08
16294	3.6
3655	3.58
12774	4.68
7986	3.83
14454	3.54
15438	3.8200000000000003
7367	3.83
4231	3.63
7772	3.7199999999999998
15473	3.93
12046	4.23
1955	4.3
13922	3.88
12761	3.63
3161	4.5600000000000005
14941	3.87
6415	3.8
2239	3.02
568	4.5
5905	4.06
4670	3.44
7557	3.65
6751	3.33
4229	4.06
7675	4.0
6145	4.52
13859	3.8200000000000003
12279	4.34
6180	3.86
13226	3.8200000000000003
6731	3.0
277	4.43
10070	4.5
275	3.63
15454	3.55
9491	4.48
437	4.44
1206	3.5700000000000003
9264	3.63
5743	3.89
14832	3.62
16399	3.45
5193	2.81
1882	4.18
6243	4.0
3484	3.29
8367	4.04
13352	3.79
3256	3.75
8011	3.85
4110	3.9
16411	4.31
3901	4.06
9490	3.86
1273	3.9
2697	4.26
12675	3.5700000000000003
5372	4.16
12053	3.5700000000000003
5722	3.44
14602	4.63
9047	3.22
1838	4.46
1471	3.08
15589	3.4
12110	3.49
4131	4.03
14467	4.04
14726	3.84
2008	3.17
11971	3.9
5416	3.56
10792	3.84
15715	4.05
7332	4.08
13502	4.55
3595	3.67
2458	4.13
6935	3.52
7054	4.4
12363	3.7199999999999998
2498	4.67
3947	3.83
15444	4.42
3013	3.98
9361	3.63
10200	4.07
2104	4.21
13157	3.42
5063	4.11
5596	3.93
5008	3.74
11680	3.44
10973	4.05
8436	3.17
6594	3.76
4436	4.25
14008	3.2800000000000002
1116	4.13
1719	3.15
8537	3.39
16459	3.55
981	3.22
8261	3.66
11205	3.26
12405	3.56
6686	3.87
1675	3.69
14753	4.17
2828	4.05
6062	3.46
9120	3.87
15609	3.47
10858	4.33
12423	3.52
6133	4.65
6893	3.59
13813	3.12
7158	3.79
2573	4.0
2462	3.81
3677	4.13
3253	3.32
13206	4.53
12160	3.7800000000000002
9153	3.87
2858	3.88
8873	4.02
16333	3.6
13724	4.12
9904	3.66
11717	4.0
6843	3.74
9885	4.2
13321	3.9
4030	3.7199999999999998
4080	4.54
419	3.61
8336	4.66
11967	4.0
8237	3.91
4195	4.5
309	4.61
2583	4.3
7673	3.84
575	3.9699999999999998
1260	3.8200000000000003
10596	4.02
13544	3.9699999999999998
13222	4.6
1085	4.16
10816	4.0
11906	3.05
10872	4.38
1526	3.9699999999999998
8973	3.93
5384	3.76
5648	3.5
10055	3.99
15738	3.22
7356	3.91
4161	4.21
5393	3.67
9306	4.19
7085	3.61
229	3.93
4169	4.07
2208	3.86
15513	4.27
40	3.47
12195	4.25
3119	3.92
4277	4.5
3092	3.33
6942	3.44
6365	3.56
6457	3.98
12022	3.64
4915	3.79
4584	3.91
11289	3.7800000000000002
11341	4.17
14343	4.26
5123	4.61
16076	3.45
302	3.73
14244	4.05
2843	4.5600000000000005
10885	3.86
4282	3.2800000000000002
12408	3.4
11937	3.89
16014	3.81
3832	4.36
2072	4.21
1036	3.9699999999999998
10039	3.64
10874	4.15
8130	4.55
15780	4.1
9529	4.41
1337	4.01
13594	4.19
7252	3.96
3731	4.02
11522	4.25
12664	3.65
2542	4.52
5928	3.63
8184	4.41
8639	3.99
1372	3.67
10770	3.21
3892	4.19
8479	3.36
864	3.7
8450	4.68
10720	2.38
16465	4.68
861	4.34
16045	4.26
5874	3.61
11423	4.32
13787	3.69
16194	3.27
13046	3.41
8683	3.43
2692	3.95
16174	4.24
5054	3.8200000000000003
9372	3.95
1571	3.85
5675	4.38
5876	3.5
16211	4.17
14236	3.91
12529	3.9699999999999998
15281	3.54
10646	3.9
565	4.24
9841	4.0
6487	3.98
14656	3.52
13770	3.95
11875	4.72
13776	4.0
5358	3.86
6777	4.4
5387	4.3
15930	4.07
16328	4.35
11144	3.5
12303	4.5
2283	3.84
15723	3.87
4916	3.47
2913	3.19
2286	4.26
11213	2.64
901	4.34
12317	3.87
2500	2.2800000000000002
8569	2.67
9618	4.59
9366	4.76
11017	3.75
14259	3.83
14254	3.05
7095	4.55
3479	3.81
9512	4.33
7188	4.34
10767	4.28
8940	4.17
5413	3.98
13559	3.66
321	4.07
12670	3.9699999999999998
10090	4.23
5694	4.0
4879	3.84
5957	2.7199999999999998
9194	4.0
13621	3.92
8394	3.91
9380	3.73
11450	3.64
16407	3.47
5854	3.98
6065	2.94
10520	4.29
2524	4.34
6544	4.41
8775	4.37
12655	3.09
3	3.86
3223	3.47
8363	3.32
7528	4.41
15765	3.5300000000000002
4039	3.27
5128	3.83
5203	4.59
1489	3.8200000000000003
15886	2.58
13948	3.92
8620	4.39
8808	4.29
16222	4.26
7130	4.49
12338	4.7
15762	4.68
8643	3.92
6433	3.6
3418	3.63
12666	3.89
9948	2.3
5380	3.74
3933	3.23
15091	3.7
12785	3.8200000000000003
8029	4.63
5176	3.17
3715	4.48
2600	3.7800000000000002
4739	3.81
11278	4.36
3400	3.5700000000000003
11784	4.58
4118	3.34
10255	3.7800000000000002
16121	4.18
2070	4.53
11583	3.7800000000000002
4932	3.52
6000	3.09
11641	2.81
8970	3.67
8253	3.81
16368	2.7199999999999998
5994	3.98
12982	3.31
290	2.9
13571	4.0
337	4.88
6001	3.29
6350	3.61
11000	2.8
2395	3.9
11662	2.76
7048	3.23
16070	4.3
11968	4.2
8659	4.57
13077	4.65
7262	4.45
7229	3.29
15428	4.93
7568	3.8200000000000003
5993	3.88
4694	3.8
16165	3.23
6909	4.29
15572	4.35
12568	3.7800000000000002
3324	3.9
3404	3.43
6694	3.4
13182	4.48
192	4.03
3032	4.19
15102	3.58
9586	3.8200000000000003
8353	3.08
16282	3.34
4024	4.8100000000000005
14340	3.62
973	3.43
15728	2.07
10975	3.5
9189	4.39
456	4.09
3449	3.88
6434	4.44
9870	4.51
3249	4.23
10000	4.09
12266	3.17
14179	3.7800000000000002
7055	4.03
10036	4.38
12464	3.8200000000000003
7041	3.12
6653	4.5
123	3.13
3051	4.06
1998	4.02
14969	4.4
4238	4.72
4811	3.89
9890	3.68
7822	4.6
15033	3.4
5591	2.75
5491	3.08
10496	4.38
9804	3.75
562	3.95
16268	3.6
12808	3.61
13661	3.44
15880	3.79
6163	4.02
14731	4.11
5124	4.0
15446	3.93
6489	4.23
15931	3.5
1624	3.07
11533	4.01
11261	3.49
6315	4.01
11090	3.62
3778	3.99
5368	3.91
13710	4.27
11163	3.63
16493	4.46
2224	3.9699999999999998
12415	3.67
2689	4.17
15713	3.48
10724	3.55
12394	4.0
5391	4.09
1439	3.81
15395	3.11
16475	4.6
13477	3.84
3259	4.28
16400	3.65
2407	3.36
11034	3.92
8004	4.44
4280	4.47
9917	4.17
7812	4.26
12581	3.91
228	4.43
8626	2.9
14474	4.36
7720	4.31
14828	4.21
12690	4.97
767	4.61
9891	3.49
5398	3.86
10324	4.2
7700	3.81
5576	4.09
8508	4.6
4016	4.04
4242	3.87
549	3.85
1104	4.31
12884	4.58
7882	4.71
8242	4.86
11493	4.29
3471	3.42
7007	3.24
13555	3.88
12240	4.46
6274	3.81
1375	3.46
13286	3.33
4407	3.79
8385	4.18
1877	3.38
12694	2.46
7142	3.54
2974	3.7800000000000002
7738	4.18
3658	3.5700000000000003
9531	3.34
952	4.03
3944	4.0
809	3.98
16049	4.66
3752	2.91
15219	3.79
7656	2.95
13791	4.0
12721	3.79
3668	2.95
13040	4.08
14688	4.62
5208	4.64
9799	3.64
7950	4.14
1813	3.92
14226	4.41
16369	3.86
15975	4.36
919	4.11
5616	3.9
14871	4.2
3865	4.21
4203	3.84
2489	4.03
11665	4.09
1129	3.94
14088	4.8100000000000005
3464	4.03
13337	4.76
5462	4.0
16331	3.16
6320	4.36
8199	3.91
150	3.9
11869	4.72
361	3.86
484	4.17
10962	4.18
2272	3.16
7281	3.74
3222	3.81
1832	4.36
15178	3.45
2863	4.37
7949	3.7800000000000002
9945	3.71
13688	3.75
2063	3.32
14218	4.37
541	3.83
376	3.43
1409	3.1
1632	3.84
3225	3.36
4340	4.0
5328	3.7199999999999998
8695	4.17
4657	4.12
7153	4.57
6644	4.02
8853	3.65
14524	3.6
254	3.22
3930	3.9699999999999998
11681	4.0
10590	3.96
9003	3.61
8236	4.47
3839	4.18
5819	3.77
8490	4.08
2497	4.49
11567	4.25
5632	4.35
8928	3.9
4017	4.3
8671	4.42
8244	4.37
11271	3.45
5886	4.11
3705	3.74
13864	3.6
6295	4.09
12969	4.35
14715	4.33
14923	4.07
6977	3.88
16327	4.42
13085	4.79
10721	3.31
5556	3.56
4074	4.09
13619	3.68
12591	3.91
7422	3.91
13666	4.15
16000	4.04
8377	3.84
14778	3.88
13293	3.09
3432	3.71
6974	4.31
4049	3.87
510	4.06
3410	3.07
15521	4.18
16054	4.14
1441	4.33
15193	3.76
540	3.74
10602	4.08
15622	3.58
4015	4.18
7830	3.58
8740	4.5
13361	3.96
4736	4.32
9937	4.4
8456	4.03
16443	3.71
7136	4.35
15896	4.13
7351	3.15
15682	4.27
3440	3.86
2752	3.9
5300	4.09
1296	3.64
2028	4.07
14160	3.55
2493	4.19
8352	4.13
13073	3.75
15314	3.86
12976	3.87
4790	4.53
16494	4.24
5446	3.71
1245	4.02
16079	4.76
4395	3.8
5902	4.21
13669	3.98
12582	3.6
7275	3.67
3990	3.96
12702	4.32
3322	3.86
11306	3.38
4941	3.58
11760	4.1
12263	3.84
13358	2.45
9235	4.4
10916	4.18
7613	4.34
9368	3.7199999999999998
10375	3.59
5349	4.09
16484	4.06
8321	4.27
4850	3.55
12907	4.39
12747	3.9
15339	3.8
4426	4.32
10580	2.75
1537	3.5700000000000003
7105	3.06
15135	4.06
7404	2.89
12186	3.94
400	3.24
10248	4.14
9045	4.14
15994	4.42
4849	4.02
3916	4.66
2745	4.15
1	3.17
9532	3.7800000000000002
16356	3.5300000000000002
7163	4.58
2122	4.21
9288	3.62
14258	3.67
5214	2.13
2875	2.68
9696	4.19
6493	3.42
4032	4.27
2973	3.73
8879	3.43
14094	4.08
15495	4.2
7019	4.14
6540	4.29
1216	3.74
3376	2.5700000000000003
16092	4.24
13171	3.0
4422	3.47
6676	4.34
1557	4.04
12122	3.47
4876	3.24
11738	3.92
455	3.9
925	3.76
11839	4.02
15960	4.14
9701	3.61
12216	4.03
344	3.88
3346	3.73
3337	4.22
6241	3.42
2593	4.24
10296	3.64
14552	3.8200000000000003
15470	4.08
12886	4.03
14520	4.46
3806	3.51
5355	3.79
7839	3.67
6420	4.31
15050	4.37
5262	3.61
4676	4.03
8523	4.01
9527	3.5700000000000003
3530	3.62
3545	4.32
12472	3.61
14612	3.81
895	4.75
14696	3.89
6602	3.66
14517	4.41
4178	3.76
8486	4.18
369	3.71
12418	3.75
6862	3.41
9862	4.48
440	4.22
5513	3.31
11569	4.19
8502	4.54
6907	4.1
4487	3.61
914	3.64
8227	3.88
9658	3.84
351	4.08
2549	3.94
10559	3.26
10389	4.29
1368	4.35
7665	4.02
5871	3.26
9329	4.26
2098	4.16
11109	4.5600000000000005
4873	3.77
5112	4.14
11828	4.11
12084	4.06
12658	3.96
14770	3.85
10862	3.5
5493	4.95
11387	4.59
375	3.49
941	4.53
2955	3.88
2393	3.1
11202	3.47
3958	2.75
1551	3.73
5434	4.03
13215	4.65
14895	3.48
2085	4.06
14604	4.02
8546	3.74
2992	4.04
16145	3.79
1654	3.55
16252	4.73
9905	2.81
7265	3.37
11707	4.13
14698	4.35
15656	3.96
8839	3.8
879	4.53
16274	3.62
9072	4.91
6479	4.59
12474	3.2800000000000002
4933	4.11
13984	2.29
77	3.67
11114	3.83
11923	4.05
15828	3.24
9844	2.88
3329	4.27
11264	3.7
15743	4.39
4328	4.62
1139	4.3
8114	4.18
9261	3.79
8142	3.66
5543	3.59
14603	3.58
2438	3.76
9170	4.12
16008	3.7
8904	3.93
13713	3.94
15255	4.38
2076	3.54
8986	4.69
12815	3.84
12324	4.16
8267	3.54
4801	4.61
10981	4.16
7671	4.73
1634	3.83
2151	4.06
4296	3.73
2647	3.48
3908	3.81
3069	3.18
7654	3.18
5760	3.41
15736	4.4
9006	3.84
7732	3.99
13399	3.93
18	4.13
8164	4.03
591	4.09
11130	4.48
780	4.0
1346	3.81
7388	4.08
11180	3.69
14934	3.65
11863	3.32
3811	4.45
1674	4.13
10452	4.3
13773	4.25
12138	3.45
12473	3.52
8912	3.7800000000000002
4589	4.06
10040	3.69
8094	3.91
7227	4.75
15022	4.39
5901	4.45
7726	3.8200000000000003
10004	4.47
15100	3.19
7515	4.66
11221	4.21
14365	4.39
690	3.5300000000000002
8742	3.31
13528	3.54
4253	3.55
10499	3.44
14821	2.29
3523	4.87
2307	3.5700000000000003
9673	4.24
2249	3.96
12607	4.17
12253	4.0
6366	4.47
1906	3.2
13021	4.68
13384	4.15
16415	2.62
15923	3.42
10280	4.23
299	4.71
8805	4.95
2270	3.49
8618	3.8
7290	3.2
12569	3.93
13121	4.58
4874	4.24
2328	3.96
14718	4.5600000000000005
844	3.01
10041	4.33
3065	3.74
12347	3.05
2432	3.8
5761	4.69
14173	3.43
3633	3.55
5812	3.7
5076	3.69
4775	3.89
14957	4.2
11011	4.32
2149	4.36
2722	3.66
9186	3.89
13125	3.68
9548	3.5700000000000003
5610	4.24
2094	4.08
15503	4.18
2089	3.9
7068	4.29
5573	4.22
6700	3.5700000000000003
16515	3.71
3018	3.48
8163	3.91
11471	3.5
13966	3.89
4	4.26
3465	4.13
11804	3.87
11394	4.23
14471	3.42
15987	4.31
4076	4.33
11112	3.71
585	3.9699999999999998
8390	3.86
13367	3.63
2486	4.51
6262	4.52
3627	4.28
9771	3.44
1341	4.22
5071	3.9
7056	4.02
2871	4.16
3584	4.29
7066	4.21
13219	2.91
6013	2.91
5879	4.12
12920	4.27
14575	3.76
9499	3.16
2049	3.54
6452	4.17
978	3.86
13036	3.25
1910	4.41
6589	4.29
13012	4.52
5723	4.32
1530	3.5700000000000003
13733	4.24
5199	4.28
5336	3.79
16120	4.09
14190	3.62
13048	4.3
12265	3.54
5973	4.79
15785	4.83
14250	3.24
9429	3.94
4821	3.48
9357	3.85
6565	3.6
14721	4.24
14669	3.9
10063	4.0
15382	3.2
8719	3.67
10633	3.88
3230	4.07
10046	3.12
13277	4.48
7499	2.68
7431	4.06
7277	4.5
9738	2.61
14435	4.33
1475	4.11
7001	3.42
14335	4.11
12056	4.16
2759	4.51
5864	3.84
1457	3.64
14998	3.63
9733	4.63
12553	4.2
12893	4.86
524	3.65
4804	4.03
15270	4.12
8844	4.49
151	4.08
5309	3.37
4733	3.89
11819	3.48
12967	4.11
16453	2.47
13876	4.08
15377	4.35
4440	4.5
5720	5.0
10142	4.37
7597	4.52
10935	3.93
4673	3.15
7080	3.3
5155	3.27
2591	4.77
11372	3.81
10133	4.16
601	4.11
2253	3.7800000000000002
3779	4.07
1014	3.95
3142	4.17
8796	2.85
16276	3.91
1994	3.8
9604	3.93
10954	4.19
4771	3.85
15646	4.3
13336	4.2
7912	3.62
12827	4.65
13348	4.2
13742	3.75
9546	3.9699999999999998
9539	4.65
15725	4.86
2707	3.79
16261	4.17
9243	3.55
6654	4.69
7470	3.33
6902	3.46
6209	4.02
5955	3.44
3282	4.24
9580	3.7199999999999998
9319	3.01
1369	4.02
11994	4.4
7343	3.93
4812	4.05
15701	3.8
14085	4.6
11602	3.17
3704	4.43
3592	3.25
11501	3.91
10923	3.37
872	4.24
9692	3.94
7803	3.8200000000000003
13637	4.32
6178	4.39
6126	4.4
15423	3.52
11977	4.03
6691	3.66
15117	4.5600000000000005
9895	4.26
8682	4.36
10901	4.03
6795	3.68
7111	3.73
1784	3.9699999999999998
10359	3.62
3643	3.45
787	4.14
3653	3.95
1564	4.2
10715	3.64
11516	4.17
11733	3.5300000000000002
4950	3.63
8821	4.18
7214	4.0
6705	4.14
574	3.7199999999999998
11766	4.13
12828	4.04
7790	3.88
13640	4.25
9035	3.79
6240	3.74
8433	4.36
706	3.29
11466	2.9699999999999998
5332	3.68
6099	4.19
12608	2.76
5673	2.86
11351	3.2800000000000002
25	3.63
3060	4.32
2685	3.62
12688	2.83
2694	4.24
16272	3.96
8299	4.11
7195	3.66
11133	4.19
13758	4.45
16380	3.41
3165	4.37
14366	3.76
1034	3.76
12193	4.54
12627	4.76
7727	3.18
7932	2.8200000000000003
211	4.76
5988	3.73
738	3.13
16189	4.29
13459	4.17
2187	3.14
1642	4.68
8608	3.73
16061	3.35
14713	2.41
9568	4.11
9386	4.46
14122	3.67
4699	3.9
12483	4.38
13530	2.89
2138	4.46
12724	3.13
5828	3.63
2515	4.54
1834	4.57
3588	4.78
44	3.71
15777	4.2
12902	2.21
8905	4.5600000000000005
11836	3.58
467	3.94
11052	4.16
4122	4.45
15972	4.16
1477	3.81
13550	4.54
14660	4.6
332	3.62
10497	4.05
2246	4.42
14695	3.93
16309	3.48
6727	4.32
4144	3.66
7417	4.8
16161	3.5700000000000003
8110	3.58
15590	3.54
15693	3.65
11020	3.76
14492	3.04
14342	4.35
8560	3.8200000000000003
8442	4.32
717	4.4
14315	3.38
7719	3.9699999999999998
13147	4.34
1796	3.89
9060	4.04
7778	2.71
5454	4.05
14186	3.86
7695	3.77
27	4.18
16512	3.76
16119	4.11
2881	4.08
4892	3.95
8761	4.06
6218	3.94
11917	4.14
8200	4.01
14793	3.39
10581	2.58
15952	4.08
10370	4.22
11282	3.7199999999999998
13557	3.36
6622	4.32
9290	3.92
15644	4.85
9661	3.8200000000000003
10833	3.7800000000000002
2077	3.51
13832	4.34
6465	3.87
10393	3.31
1307	4.12
16464	4.7
14922	3.85
5702	2.87
1633	4.12
14318	4.09
6922	2.96
2978	2.13
9454	3.77
3713	4.3
12637	4.05
14720	3.81
16077	3.95
7506	4.31
11654	4.27
14176	4.47
1184	3.4
9877	4.5
3090	2.8200000000000003
12699	4.32
15413	5.0
4859	4.09
7371	3.23
3657	4.82
1029	3.73
5868	3.46
1940	4.3
9790	4.0
3559	4.26
154	4.26
1655	3.63
13771	4.12
979	3.79
7532	2.43
9115	4.52
12613	4.26
3332	3.15
2172	3.2800000000000002
4299	4.53
15234	3.41
4423	4.8
1215	3.93
9903	3.99
1113	4.33
6554	3.45
2604	3.86
8023	3.5700000000000003
7113	3.43
12476	2.83
6223	4.17
13180	3.27
2767	3.91
12318	3.54
16029	4.5
4513	4.63
2691	3.21
10567	3.87
9145	4.09
10481	4.07
7143	3.31
4450	3.9
1605	3.74
10374	3.62
8755	3.85
7741	3.67
6373	4.5
12463	3.0
252	2.8200000000000003
9400	2.79
5400	3.5
15396	4.54
4156	3.91
857	4.23
16440	4.05
248	4.17
11373	4.14
2749	4.26
160	4.15
2430	4.53
1492	4.24
9830	3.83
10023	3.98
163	3.67
3156	3.21
10182	4.65
9805	3.9699999999999998
7012	3.12
5595	4.36
10906	4.95
12740	4.24
15532	5.0
9681	4.31
14806	3.96
16250	4.75
14139	4.2
2994	4.15
12552	3.5300000000000002
10264	3.5300000000000002
210	3.77
15126	4.03
3670	4.08
1122	4.63
559	3.51
15647	3.68
14626	3.64
9506	3.95
5072	4.44
13023	2.44
2427	3.51
9345	3.9699999999999998
8882	3.6
6412	4.15
15005	4.17
11280	4.53
4538	3.8
1290	3.5300000000000002
11719	4.19
486	4.4
10013	4.2
7115	4.2
6852	3.93
11550	4.08
14662	3.61
14358	4.04
12961	3.67
16207	4.38
12913	3.39
2244	4.23
14458	3.94
6339	3.92
9460	3.5700000000000003
14854	4.96
11208	3.48
8019	4.13
9662	4.36
5978	4.0
114	4.48
8830	3.16
3918	4.7
11234	3.54
1304	4.44
1233	4.24
11648	4.46
3681	3.65
5584	3.25
2721	3.83
7740	4.03
11411	3.31
14469	4.31
13123	4.69
1788	3.05
9315	3.89
10846	4.67
6324	3.07
16450	4.17
14621	3.99
571	3.36
1151	4.8
998	3.65
15462	3.8
7551	4.14
11633	3.5700000000000003
11761	3.88
7013	3.88
3792	2.87
12728	3.74
15525	4.28
11811	4.18
14097	3.8200000000000003
15467	3.03
6896	3.17
4358	3.21
9516	3.65
4327	3.95
5320	2.38
3116	4.51
5043	2.88
6581	3.9699999999999998
6531	3.7
11628	3.67
3607	3.83
4635	3.6
6287	4.02
11588	2.88
9066	3.9699999999999998
5095	4.84
126	4.19
12041	3.19
4419	3.7800000000000002
11623	4.53
2143	4.63
3180	4.11
14816	4.68
5345	3.38
7811	4.48
6426	4.43
14994	4.06
15771	4.21
3733	4.46
10236	4.0
6235	4.08
15979	3.58
5230	4.22
8787	4.47
9052	3.8200000000000003
12047	3.84
10554	4.47
9871	4.0
12847	4.18
10964	3.8
12107	3.96
4539	3.69
12574	4.64
9861	4.13
14307	3.31
4501	3.2800000000000002
8585	4.06
7586	2.93
15911	2.58
9589	5.0
9781	2.68
12908	3.71
14785	3.69
2674	4.06
13344	2.54
7180	4.05
656	4.09
10286	3.84
10403	3.89
14850	3.94
14898	3.87
2123	3.94
4485	3.62
8994	3.41
11186	4.05
36	4.58
15323	3.93
1112	4.12
6850	4.51
14542	3.92
6041	3.92
16539	4.35
14692	4.36
5373	3.54
7749	3.98
9705	4.45
6482	4.23
2572	4.28
15320	4.14
7992	4.22
9416	4.21
99	4.42
10836	4.69
10672	4.41
15974	4.18
9097	3.54
7242	3.17
132	4.03
9667	3.5
15884	2.7800000000000002
12766	4.7
1871	3.66
13476	4.28
9987	5.0
14404	3.22
6439	2.67
12885	4.4
7587	4.16
9832	3.89
14374	3.45
9810	3.81
3949	4.25
4471	3.47
13759	3.5
175	3.63
15510	4.0
14932	3.39
11545	4.42
16153	4.55
6836	4.36
1968	4.26
13391	2.92
7538	3.91
6969	2.85
9266	3.84
6573	3.7800000000000002
6059	4.58
10562	4.11
10445	4.17
9856	3.7199999999999998
16310	4.44
3412	4.27
6467	3.96
11321	3.38
8632	4.64
9322	4.06
13610	4.24
137	3.5300000000000002
3220	4.37
15538	3.45
9894	3.56
14101	3.85
916	4.42
1554	3.73
3788	4.68
169	4.13
15861	3.4
15594	4.53
11785	4.79
15012	3.9699999999999998
12356	4.1
6891	4.36
12651	4.55
7243	3.56
3589	3.66
8432	3.9
1230	4.26
1384	3.64
11183	3.95
564	3.61
5441	4.48
7287	3.08
11424	4.09
5608	3.67
15844	3.26
1816	3.22
3285	3.8
4740	4.37
4927	4.82
511	4.24
13894	3.0
932	3.9699999999999998
9106	3.86
8534	3.96
13827	3.16
1318	3.11
3910	4.21
7375	3.11
5404	3.93
16527	3.89
9025	4.51
10366	3.66
9540	3.44
11883	3.61
11564	4.07
15611	3.04
16111	3.44
4585	4.19
1381	4.14
8102	3.36
4247	2.13
5679	3.67
10958	3.86
826	3.75
16445	4.84
16510	4.43
4641	4.17
12250	2.98
16216	4.98
3998	4.05
4484	3.77
2050	4.1
10652	3.54
2864	4.07
469	3.31
8073	3.46
9747	4.65
5329	3.68
9495	4.44
5181	4.16
4415	4.71
9920	3.75
5406	3.24
13802	3.63
6053	4.04
14868	3.81
16081	3.77
7555	3.89
5631	2.48
5301	4.06
14775	4.52
13410	3.68
7947	4.59
11476	4.46
898	2.89
10645	4.08
2018	3.58
8779	4.07
6185	3.9699999999999998
7377	4.06
14979	4.0
13086	2.5300000000000002
86	4.72
16044	4.03
10437	4.33
432	4.42
6207	4.08
6927	3.88
2616	4.1
15261	3.9
12039	4.3
1782	4.13
9069	3.69
11291	4.12
7014	4.39
220	3.41
12696	4.13
13818	3.77
6667	3.84
5580	4.03
15465	3.87
5477	4.44
13567	4.15
14372	4.24
14807	2.7
15412	2.7800000000000002
4921	5.0
4765	4.5600000000000005
11797	4.47
851	3.92
4306	4.32
8088	4.06
1510	4.5600000000000005
3242	4.86
15059	3.26
9391	4.53
15260	4.31
1395	4.65
6632	3.8200000000000003
8255	4.26
7138	4.27
3010	4.39
15156	3.94
12337	4.36
12910	4.22
7162	3.45
14578	3.58
13241	3.18
4069	3.95
9461	3.88
14724	3.96
1137	4.23
15351	3.91
954	4.2
16364	3.26
9780	3.71
2592	3.69
5759	3.71
11136	4.3
12611	3.54
9222	3.68
9086	4.45
9437	1.27
6138	4.68
8777	4.59
16478	2.41
9976	4.1
14996	3.93
10199	4.03
5989	2.8200000000000003
15267	3.1
8712	3.48
12378	3.99
5941	3.86
894	3.73
7446	4.14
3203	4.5
11594	4.04
6058	4.65
11910	4.23
5335	4.57
11713	3.17
1717	3.8
5459	3.29
1473	3.86
11947	3.95
679	3.93
8640	3.86
15841	4.22
2735	4.6
13250	4.77
10912	4.44
8765	3.34
7988	3.52
15577	4.03
4162	3.64
9704	2.15
6116	3.3
14973	4.5
4316	4.27
13211	4.22
9541	3.22
1460	4.09
7775	3.06
1676	4.03
240	4.42
11415	3.31
12514	4.35
4082	4.5
16433	3.56
3965	4.2
12462	3.58
8600	4.09
1274	4.18
9093	4.65
6486	3.67
9770	3.93
7023	4.47
14622	4.18
266	4.21
10579	3.11
4210	4.3
4726	3.13
10733	3.61
1279	3.92
8674	4.12
15258	4.25
15618	4.37
5987	3.77
10940	4.54
11748	3.94
513	2.21
854	3.7199999999999998
1876	3.95
4357	3.75
5881	4.58
15386	3.9699999999999998
4483	3.6
3284	3.99
13060	4.64
12478	4.28
242	3.83
13786	3.33
7942	3.71
3645	4.38
6046	3.68
13685	4.85
3299	4.35
11485	3.5
15099	4.4
4685	3.55
12012	2.88
11327	2.36
14824	4.0
8446	3.36
10361	3.79
5409	3.45
12535	2.33
10167	2.9
10737	3.55
2532	3.61
10739	3.79
10976	4.28
2730	3.25
12723	4.34
3707	4.13
10983	3.34
3264	4.43
14311	3.93
8947	3.76
14224	4.18
13301	4.12
3630	4.05
10834	3.5700000000000003
8802	3.0
10821	3.76
1949	3.5
10144	4.92
11251	3.59
7260	4.48
9422	4.08
7820	4.0
8741	4.06
15697	4.07
12813	3.36
9971	4.41
10512	4.23
7381	4.35
1128	4.5
7478	3.87
3621	2.71
16199	4.5600000000000005
8603	4.75
1503	3.45
9134	4.53
1219	4.83
4576	3.15
13626	3.32
3549	3.68
10126	3.07
1835	3.38
323	4.12
13655	3.38
9113	3.15
5916	4.67
16019	4.38
2528	4.8
9670	4.16
4027	4.15
13209	3.39
10648	3.52
12977	4.11
812	3.0
14381	3.8200000000000003
6446	3.18
8748	3.05
11416	4.3
12832	4.37
6949	4.2
15172	4.37
10634	4.03
13247	3.76
10994	3.5300000000000002
910	3.8200000000000003
12460	3.34
8935	3.76
12786	4.25
10663	3.13
12513	4.8
14286	3.15
6157	4.0
2866	4.06
8123	4.28
982	3.52
1501	3.7800000000000002
10777	3.79
4323	3.8200000000000003
11632	3.92
5713	3.85
6579	4.5600000000000005
3417	4.33
1896	3.24
3135	3.64
13766	3.85
5340	3.5700000000000003
2533	4.11
7925	4.62
2475	4.0
7696	3.06
4123	3.65
11396	2.65
12032	4.48
10762	4.17
14972	3.27
11871	2.69
1980	4.0
15133	4.62
10630	4.29
5680	3.26
9335	4.71
7248	4.38
11537	3.64
13790	4.55
5169	4.59
5273	4.03
4920	4.03
5659	4.73
2945	4.21
4261	4.0
10591	4.19
14386	2.79
11329	3.42
1092	4.49
15689	3.89
13387	3.5700000000000003
2087	3.94
7533	3.63
5249	4.32
8217	3.61
11517	4.38
5298	3.83
10360	3.88
2709	4.32
12668	4.43
16066	4.94
4428	3.15
16324	4.31
16098	3.63
16541	4.4
15849	3.47
8734	4.5
1992	4.3
13687	4.0
13667	4.14
15534	4.04
14140	3.95
3914	3.21
11421	3.87
2176	4.13
3761	3.92
2232	4.1
3773	3.54
5053	3.56
9630	4.13
13572	3.77
3624	4.29
11539	4.28
7403	3.77
5233	4.7
3186	4.29
534	4.3
495	4.21
9839	4.11
10911	3.61
8956	3.5300000000000002
2127	3.36
4638	3.73
15826	3.83
13163	4.5600000000000005
2262	1.8900000000000001
8693	3.62
11003	2.98
7010	4.27
11802	3.42
16486	3.41
2318	4.23
9697	4.25
8945	2.87
3991	3.94
6825	4.28
15445	3.62
15264	3.64
3328	3.52
9332	4.17
14538	4.33
8788	4.33
11253	4.36
2096	2.69
15669	3.69
2612	4.23
15885	4.23
11515	4.28
6583	4.26
6353	1.0
8387	3.7199999999999998
12251	4.4
9858	3.45
11998	4.86
5734	4.1
12927	3.5700000000000003
14161	3.8200000000000003
15103	4.1
7126	3.5
8578	4.01
1776	4.58
5555	3.77
5064	3.38
14712	4.32
8373	4.06
7452	3.86
9785	4.07
12858	4.34
14194	4.21
5744	4.08
5147	4.03
4228	3.71
9488	4.06
15269	3.81
9702	3.5
164	3.9699999999999998
38	3.99
14977	3.44
14503	2.75
3362	3.86
11796	4.14
9138	4.26
11061	3.31
5587	3.4
1543	3.96
8717	4.22
9311	4.25
547	4.35
11218	4.14
12606	3.5300000000000002
4286	3.2800000000000002
15554	3.83
1726	4.1
13299	3.95
6198	4.6
4391	3.29
7044	4.12
6677	3.91
14084	3.5
5869	2.3
3079	4.43
13761	3.68
5484	4.18
13251	4.38
2156	4.05
8170	4.02
12904	2.26
8975	3.62
5553	4.3
12401	2.99
373	4.07
10628	3.25
8305	4.37
4305	3.58
16168	4.37
5481	4.59
11867	3.5
9365	4.0
15360	3.36
8906	3.06
4385	3.93
11035	3.03
4829	3.61
10876	3.63
2785	3.92
8447	4.0
11775	3.39
2643	4.16
9564	4.15
6877	3.92
16217	3.24
11242	4.48
1229	4.53
8333	4.0
4988	4.51
3050	3.73
10986	4.16
2584	4.44
4795	4.25
15634	4.04
10203	4.66
15006	3.38
4966	4.18
546	3.59
11742	3.95
10421	3.25
14572	4.2
4528	4.23
16304	4.12
819	4.08
13765	3.92
15200	4.7
1963	3.88
5085	4.04
2002	4.0
5100	2.96
4628	3.84
4062	4.65
15671	4.41
6839	3.09
11560	4.18
12952	3.8200000000000003
3352	4.54
12441	4.0
2702	3.61
13701	4.24
11164	3.74
6196	3.87
14701	3.17
7132	4.95
12504	3.6
5407	3.29
14135	3.61
7647	4.44
9791	2.7800000000000002
11603	3.98
8641	4.67
4973	2.69
8270	4.16
989	3.6
11936	3.9
9889	3.96
13898	3.81
13062	2.79
5408	4.2
1903	4.68
15651	3.76
7239	3.55
9849	3.44
7763	4.21
1661	4.02
2165	3.52
14570	3.6
15002	3.79
6328	4.46
14730	3.75
14961	3.56
13135	4.13
1990	3.79
4053	3.93
16517	4.11
504	3.18
8881	3.15
3953	3.27
6349	3.99
4273	4.31
3224	4.62
10130	3.69
11391	3.43
11963	3.85
6199	3.68
14690	3.05
7765	2.9699999999999998
11912	4.07
6391	3.83
12945	4.36
9610	4.87
6404	4.77
69	3.85
3730	2.81
14995	4.31
2301	4.08
15042	3.4
16479	3.94
436	3.89
11031	4.07
11016	3.41
8725	4.2
13499	3.61
12771	3.8200000000000003
12027	4.22
13522	4.24
14310	3.95
6570	4.17
10097	4.55
9507	2.79
8005	4.77
14661	4.24
15296	3.92
9800	3.8
5331	3.98
9763	4.17
12672	4.09
9124	3.79
12233	4.05
1774	4.26
7510	4.1
1580	3.63
16483	3.69
16010	3.94
14950	3.67
10699	4.12
15048	4.29
15357	4.19
8202	3.46
2291	4.33
3363	4.21
10740	4.22
2319	4.28
7320	4.19
7844	4.06
14387	3.42
12116	4.27
11106	3.38
4746	4.0
11710	4.21
3300	3.65
6336	3.63
9754	3.02
15624	4.05
11030	3.5300000000000002
7481	2.0
12973	4.45
7668	4.48
16046	3.12
5683	3.32
635	4.5
6468	2.83
9764	3.52
5952	4.25
12557	4.49
14522	4.0
9767	4.43
10391	3.86
204	3.51
2560	4.39
9128	3.44
3560	4.65
13291	4.1
8138	3.02
10952	4.24
14347	4.15
1926	4.25
12877	3.87
15802	3.63
8461	3.41
11009	4.39
149	4.35
1402	4.58
8835	4.25
8158	4.38
11452	4.5
9369	4.18
15253	3.91
8045	2.17
14958	4.51
10941	2.8200000000000003
14708	3.21
5079	3.85
3414	2.91
14053	3.76
8104	3.18
9513	3.66
1620	4.09
8460	3.64
13378	4.94
4907	3.7800000000000002
6530	4.0
8061	5.0
13799	4.14
13649	3.59
7464	4.23
5804	4.59
2054	3.36
4404	3.21
7887	4.48
3844	3.47
6997	4.53
10600	3.33
515	3.73
3568	4.14
11922	2.84
7491	3.42
2590	4.26
15542	4.37
10990	3.67
11743	3.55
11120	5.0
9452	4.11
3894	3.43
92	3.51
4142	3.21
4442	3.8200000000000003
16196	4.16
13057	3.58
11727	3.87
10877	4.08
13468	3.83
10433	4.28
273	2.91
11897	4.24
2882	3.92
7334	3.85
5954	3.25
15039	3.59
7908	3.59
2038	4.0
5264	3.02
5077	4.03
4770	4.07
1349	4.26
6661	3.09
14920	4.16
8026	4.26
882	4.47
6525	3.6
9394	3.93
8883	4.35
1690	4.15
14535	3.74
14050	3.86
1890	3.94
4852	4.09
11625	2.95
7319	3.81
10261	2.92
9788	3.02
5600	4.54
12334	3.66
5055	3.34
3614	4.05
9909	4.38
7636	3.94
11434	3.29
14585	4.17
13611	3.8200000000000003
2131	4.31
12070	4.59
10573	3.91
5645	3.75
482	3.75
9648	4.05
14628	4.71
678	4.08
6202	3.1
1330	3.54
4939	4.34
5704	4.65
13353	4.32
824	4.04
10749	3.79
1817	4.08
3959	4.15
7902	3.51
15737	3.7199999999999998
193	3.62
6137	4.44
14494	4.61
11412	4.83
1595	4.29
6381	3.85
9279	3.71
5058	3.52
14893	4.17
7032	3.6
7379	2.0
9615	3.9699999999999998
856	4.09
10716	4.03
1684	4.03
468	2.42
6592	3.7800000000000002
2189	3.54
127	4.1
8259	3.18
10781	4.25
13878	4.18
10752	3.7
11978	4.36
9033	3.22
9927	3.25
423	3.88
647	3.81
11076	3.96
15203	4.47
13538	3.19
12471	3.7800000000000002
8254	3.89
1825	4.22
4953	4.22
1971	3.98
10621	3.67
15627	3.81
1448	3.25
12380	2.55
10989	4.34
14814	3.15
54	4.6
2191	4.33
12556	3.7199999999999998
6238	4.7
7764	4.26
8701	3.81
8810	4.61
9777	4.29
16195	3.61
5211	3.06
4043	4.07
3605	2.15
139	3.9699999999999998
9404	4.49
5750	4.23
4414	3.67
13747	4.18
847	2.98
9374	4.14
875	4.22
12109	4.2
8476	4.59
3981	3.87
16449	3.84
9782	4.37
15030	4.16
5425	3.15
6591	4.67
8524	3.92
13175	4.02
156	4.17
9028	4.35
8066	4.19
2469	4.04
11771	4.85
3895	3.29
8936	3.36
8698	4.29
9305	4.67
15185	3.89
10661	3.37
7405	4.23
6470	3.74
1133	2.45
12890	4.28
1017	4.75
13841	4.26
12653	3.14
11086	4.51
9983	3.71
13582	4.58
3954	3.35
9142	3.5
11040	3.62
1942	4.12
4686	3.5
3196	4.34
3860	3.7
7522	4.25
13539	3.85
5611	3.93
2781	4.09
8484	3.66
4494	3.67
15753	3.42
13306	3.4
1203	4.51
14878	4.09
3145	4.8
16263	4.61
7348	3.5700000000000003
2661	3.12
4138	3.86
13084	4.1
15109	2.6
4961	2.5
9304	4.63
2168	3.2800000000000002
9641	3.62
13784	3.33
6643	4.29
12644	4.04
7562	3.35
13268	4.0
6506	4.19
2382	3.85
2174	3.32
16431	4.18
13418	3.87
9062	1.96
3047	3.5700000000000003
10093	3.49
15191	3.21
7074	3.8
11101	3.93
7437	4.06
3049	3.06
6541	3.5300000000000002
11703	3.9
10820	3.85
4806	3.83
3747	4.08
12284	3.9
5023	4.0
7973	4.49
4251	3.99
4430	2.77
3879	3.7800000000000002
8736	4.0
3350	3.33
2665	4.02
6883	3.24
32	3.49
12260	3.98
5180	4.21
1099	4.68
7273	3.5
3277	3.89
12430	3.42
2525	4.18
14449	4.38
11902	3.95
3694	4.72
7397	3.71
4957	3.24
14638	4.28
8135	4.16
15908	3.44
5205	2.32
8776	3.94
6737	4.14
16089	3.43
9225	4.26
6725	4.72
11405	3.8
7989	3.09
577	4.0
11315	3.77
8403	4.06
14383	3.76
14988	4.07
763	3.5700000000000003
10942	3.91
7202	3.8200000000000003
15993	3.9699999999999998
839	2.44
3504	3.76
7057	4.39
8878	3.7800000000000002
12763	4.0
9676	4.26
8404	4.0
4171	3.74
14485	4.44
15774	3.75
12182	3.43
2221	4.19
7141	3.32
12302	3.67
977	4.17
8018	4.75
3427	4.74
669	3.86
2371	4.33
693	3.47
9152	3.76
7664	3.5300000000000002
6175	3.7800000000000002
4481	4.57
1054	3.59
8132	4.28
7077	3.7199999999999998
12229	3.92
4991	4.0
5749	3.7800000000000002
15353	3.88
1641	4.02
253	3.0
13058	4.36
10586	3.5
9876	2.67
12567	3.23
5271	4.29
899	2.92
9693	4.02
9824	2.95
1023	3.41
13562	3.51
4482	4.58
12306	3.49
4081	3.65
16011	3.21
2091	3.49
7558	3.98
5367	4.23
4274	2.91
14885	4.52
13338	4.0
12834	4.37
16072	4.27
16093	3.96
14984	4.16
12814	3.49
10819	4.63
5012	4.34
12227	4.45
15491	4.69
4583	3.65
11236	4.01
3834	3.32
2862	4.24
7133	3.8200000000000003
5823	4.1
7118	3.73
3663	2.67
13043	3.24
3486	3.42
12686	1.6400000000000001
10614	3.7199999999999998
11774	3.06
14771	4.3
10756	4.07
14060	3.86
3962	3.9
10372	3.73
14253	4.03
2951	3.29
11893	3.71
12844	4.09
14579	3.91
2927	4.02
10639	3.11
7398	4.08
1933	4.38
5420	4.41
11349	3.5
2152	4.44
13681	3.55
1741	3.0
4511	3.98
10883	4.27
2564	4.48
12883	4.7
3919	1.94
9276	3.95
12076	4.0
16130	4.2
7212	3.81
12919	3.5
15472	3.59
8954	4.09
3911	4.48
4958	3.7800000000000002
16345	3.89
14331	4.08
1287	4.54
11191	2.74
14263	3.8200000000000003
14879	4.19
2454	4.32
4097	3.7
5311	4.21
11105	2.64
5472	3.25
11252	4.18
8689	4.34
10165	4.53
2832	3.51
1470	3.71
7460	3.67
9942	4.25
10024	4.0
514	4.24
16259	4.25
11528	3.48
9605	2.52
11833	4.64
12689	3.87
13244	4.3
14537	2.7
8407	3.95
6227	4.25
1015	4.68
14211	4.47
5308	3.77
14285	2.93
6761	4.36
4999	3.22
10412	4.55
5104	3.79
1039	3.54
10717	3.48
9443	3.52
13961	3.56
15488	3.18
1469	2.96
10229	3.65
14827	2.63
2934	4.73
3213	3.8
12491	4.86
2116	3.9
15301	4.05
5284	4.97
3351	4.38
12147	2.7800000000000002
9088	3.5
10899	3.69
1332	4.35
10519	4.55
1068	3.84
7745	4.14
2925	2.17
8539	3.88
10768	4.64
14693	3.7800000000000002
12156	3.81
1383	4.1
7369	3.7
11571	3.2800000000000002
2540	3.96
7219	2.52
13981	3.84
5333	4.63
5267	3.54
12544	4.5
10544	3.7
5010	4.04
12484	4.08
8039	2.95
2358	3.59
8651	4.1
10558	4.61
8841	4.22
8869	2.74
33	4.5
5353	4.46
3273	4.3
14779	3.7
12429	3.9699999999999998
13855	3.56
3002	4.44
9346	3.88
1359	4.17
11762	3.99
3020	2.65
14711	3.74
3327	3.88
15354	4.39
9655	2.91
9711	4.36
5099	4.37
1105	3.94
3938	4.28
7090	3.98
1158	3.32
10426	4.95
15958	3.7
12681	4.03
12153	3.58
11069	3.84
12876	3.75
13651	3.83
2719	4.71
15361	4.07
10956	3.06
11679	4.34
10891	3.16
2986	3.67
14398	4.02
14933	4.59
10847	4.08
10180	3.92
1976	3.93
13980	3.81
13242	4.32
14644	4.25
3221	4.25
12974	2.11
8205	3.81
5467	4.29
8794	2.07
2942	4.41
2937	4.24
5168	3.41
7885	3.9
16241	4.32
7701	4.1
8771	3.66
10302	4.03
11305	4.23
15274	3.79
681	3.7800000000000002
3941	3.87
11589	2.81
15337	4.02
5251	3.49
16339	3.8
15863	4.23
3615	4.57
8096	4.6
15920	3.6
7561	3.23
11559	3.47
8435	3.96
14902	4.19
75	3.98
2789	3.41
10326	4.23
13924	3.17
7870	3.94
964	3.4
10256	3.74
9211	4.45
11460	4.26
9484	4.08
2708	4.47
7097	4.07
11484	4.09
12036	3.86
12634	3.89
2299	4.5600000000000005
11753	4.14
8543	4.01
3481	4.27
12862	2.54
7257	4.29
8175	3.69
12300	4.19
8338	3.98
2720	3.71
13166	3.45
66	4.28
102	4.73
10617	4.12
7657	4.43
2819	3.36
2404	3.61
4153	3.91
9121	3.8
6403	3.66
459	3.59
6485	3.99
6690	4.45
13412	3.4
10147	4.11
8958	3.8200000000000003
6533	4.26
595	4.5
2464	4.0
4102	3.54
5418	4.43
10492	4.47
2836	3.43
4297	4.0
7801	4.55
1945	4.43
13657	4.02
1520	4.65
10538	3.95
8131	3.13
6118	4.41
5578	4.74
2369	3.83
12455	3.38
14482	4.52
15325	3.7199999999999998
3955	4.14
7058	4.26
1581	3.6
12583	3.98
8214	3.54
480	3.98
8996	4.64
1851	4.33
2190	3.84
1433	4.04
14322	4.17
7831	4.19
16050	3.96
4031	4.26
5117	4.44
15664	3.63
7042	3.88
3925	4.4
14073	2.9699999999999998
5572	3.56
15373	4.61
9508	3.76
6917	3.46
12438	3.9
12921	2.73
8753	4.43
13006	4.35
7429	4.25
12753	3.77
1610	4.4
11825	4.6
1878	4.73
9448	3.9
15739	4.46
11777	4.0
15304	4.24
16384	3.92
15598	4.1
5286	4.34
6151	3.75
8478	4.5600000000000005
15942	4.5600000000000005
9021	4.53
499	3.49
4569	3.7199999999999998
6214	3.07
4130	3.99
16188	3.99
10429	3.37
335	3.91
13543	4.05
736	4.4
13752	3.32
15928	3.77
15359	3.91
12072	3.76
15186	2.36
3263	4.18
12316	4.42
4971	3.93
3567	3.5
5539	4.0
474	4.17
4374	4.32
4674	3.54
1423	3.24
13120	3.49
9108	3.94
955	4.45
5677	4.19
923	4.24
16178	4.38
6327	3.43
4885	4.44
13548	4.14
4781	4.94
8380	4.0
1534	3.51
12073	3.79
645	4.33
4042	3.5300000000000002
11966	3.8
2502	4.67
8410	4.29
4878	2.87
2783	2.77
11429	4.7
15645	4.13
14869	3.96
1870	4.0
1598	4.43
12301	4.24
8332	3.71
6500	2.85
12960	3.47
10636	4.46
5689	2.55
15239	4.13
15379	3.95
9755	2.5
14960	3.75
11360	4.61
14659	4.02
1324	3.87
11131	3.92
9323	4.33
1454	3.42
8933	3.73
15946	4.17
15054	3.56
14627	4.53
4013	4.47
3139	4.32
13989	4.23
15137	3.9699999999999998
6868	4.32
13847	4.87
1412	3.56
2030	3.09
4347	3.31
12865	4.24
3728	3.85
1094	3.7800000000000002
6450	3.34
9567	4.2
3287	3.75
16394	3.2800000000000002
8932	4.34
13146	3.45
15358	4.93
9653	2.9699999999999998
11705	3.9
10010	3.55
10406	3.88
3317	4.15
12938	3.24
13513	4.96
5666	4.15
7299	4.48
6797	3.5300000000000002
4166	3.67
15922	4.37
4264	3.0
5087	4.17
8999	4.21
15271	3.71
9887	2.69
14830	4.67
7479	4.28
372	4.62
3177	4.29
8957	2.4
7247	4.06
3438	4.07
4857	4.2
3574	4.48
3928	3.45
7972	3.79
2728	4.25
15846	2.73
2840	4.42
10842	4.8
9859	3.7
12166	4.11
13375	4.78
4064	3.03
3336	3.51
15184	4.24
7638	4.11
10011	3.63
9073	2.91
8762	3.9699999999999998
2639	3.06
14682	4.1
3374	3.93
15078	3.88
8658	3.91
3617	4.2
14980	2.35
1268	3.88
15714	4.16
14600	3.9699999999999998
745	3.17
4413	3.69
4373	4.53
13474	3.93
11403	4.09
13904	4.35
13727	4.26
10709	3.48
13164	3.54
8877	4.57
16026	4.13
8649	3.24
8727	3.45
15313	3.93
10506	4.16
4349	2.81
11246	4.24
5166	4.18
15895	4.53
5903	4.0
13664	4.0
15241	3.7199999999999998
13313	4.46
11970	4.0
15742	4.41
11176	4.06
6832	3.79
2355	3.89
7330	4.15
9401	4.78
15425	4.68
14448	4.61
1594	3.91
7342	2.47
1253	4.74
2492	4.08
10313	4.04
10999	4.19
670	3.55
15678	4.3
13521	3.64
8555	3.65
1577	4.44
11503	3.7
3611	4.02
11150	3.26
13100	3.21
12426	4.37
8379	3.5700000000000003
6520	4.93
184	3.8200000000000003
7232	3.7
12949	2.99
5290	3.81
12590	4.43
12646	3.74
5660	4.4
8462	3.51
3292	4.23
13511	4.35
232	3.71
10124	4.17
144	4.14
3907	3.7
6609	4.0
5246	3.86
6979	3.23
10242	4.26
16366	3.76
5396	3.91
8168	3.5300000000000002
10120	3.55
2067	4.54
7590	3.44
1435	3.52
8472	2.67
4058	4.25
7869	3.98
11302	4.63
9498	3.04
1238	4.35
4275	4.74
10244	2.88
3200	3.85
12962	4.49
6586	4.05
1775	4.07
7104	3.58
6615	4.51
13709	3.8200000000000003
212	3.32
15362	3.69
14549	3.12
13665	3.3
10801	4.06
12775	3.81
15661	3.86
11245	3.9699999999999998
4344	3.7
3112	3.7199999999999998
15066	3.12
15745	4.59
2470	2.56
10346	4.18
1888	3.74
10500	3.77
1367	4.15
16381	2.19
3912	3.18
10564	2.89
2366	4.6
6921	3.91
10576	4.05
13257	3.35
16075	3.5300000000000002
14012	3.69
14327	3.79
4056	3.09
6716	3.31
1199	2.66
11473	4.1
5218	4.18
15614	3.58
12131	5.0
10570	4.06
9435	3.46
6724	3.19
13630	4.32
10896	2.54
11347	3.81
16353	4.39
1347	3.91
2463	4.23
1390	3.48
1722	2.33
6853	4.26
5495	4.24
3669	4.09
15607	4.36
7723	3.5700000000000003
15667	1.77
5798	4.47
10022	4.0
2125	3.11
14936	2.9699999999999998
12898	4.53
4978	3.9
11683	2.52
14062	4.61
2888	4.0
8093	1.65
2295	4.28
15758	3.71
7982	4.67
11661	3.88
11472	3.5300000000000002
6756	4.13
13093	3.5700000000000003
8731	4.64
3836	3.9
4912	4.25
8547	4.33
659	4.08
8971	3.68
5236	4.26
1932	3.33
12598	3.5
5259	4.53
11694	3.5700000000000003
6585	4.38
6976	2.74
16489	3.87
73	4.0
3848	3.7
10238	2.76
16404	4.03
9561	4.31
15365	4.64
5339	3.62
749	3.76
6379	3.75
11996	4.33
3858	3.21
9703	4.89
12095	3.8200000000000003
15579	4.25
1364	3.83
11926	3.73
9253	4.17
15626	1.78
11166	4.28
13159	3.19
7181	4.46
4603	4.0
15238	4.5
6523	3.47
1780	3.74
2021	4.63
7960	3.71
11436	3.17
13272	4.29
3748	4.32
11758	3.86
5601	4.32
12560	4.38
12626	3.87
5669	3.54
7914	3.84
11849	4.75
4593	3.56
4466	3.92
8360	3.87
3024	3.69
6152	3.58
4339	3.67
3207	3.7
3651	4.76
12525	3.7800000000000002
13285	4.11
3294	3.35
13826	4.11
3098	4.05
445	3.88
5870	4.47
14704	3.73
13261	4.19
15056	3.36
5394	4.26
14056	4.24
6075	3.25
325	4.35
12717	3.42
12894	4.33
6687	4.44
11235	4.86
15530	4.6
12062	4.23
9265	3.96
8483	3.49
8729	3.75
1005	3.8
5471	3.5
9198	3.98
13913	4.0
5202	4.04
4631	2.95
5735	3.93
46	3.45
13432	3.5300000000000002
13082	4.0
15551	2.75
71	4.4
9994	4.52
1867	4.18
13647	4.43
13185	4.06
9044	3.94
7071	3.7199999999999998
994	4.41
3644	3.84
16466	4.72
7734	4.8100000000000005
4742	3.9
4504	3.12
11060	3.76
6369	4.58
14746	3.93
4249	4.39
12141	3.8
14321	3.86
13578	3.89
7043	3.7199999999999998
11666	2.71
2220	3.85
41	4.51
2852	4.24
15272	4.02
9709	3.7199999999999998
9766	3.76
12874	4.06
1446	4.03
4660	3.7
2105	2.34
370	3.76
4112	3.94
9735	3.32
63	4.12
14665	1.8599999999999999
6004	3.11
12769	3.98
13777	3.77
2062	4.59
1002	4.18
1972	3.1
12797	3.23
1056	3.22
15547	3.71
15628	4.31
13625	3.47
1476	3.86
798	3.87
9162	3.89
9608	3.69
8567	3.83
8988	4.38
9291	2.59
10183	4.1
869	3.61
13644	4.3
2775	4.49
4378	2.15
13883	3.3
8515	4.54
353	4.51
10132	4.11
15168	4.2
11487	3.64
13715	2.98
15485	3.7199999999999998
7488	3.7800000000000002
1018	4.59
8453	4.86
14324	3.69
5029	3.0
4287	4.29
1350	4.37
3531	3.27
5908	3.88
9251	2.5700000000000003
10563	3.26
1879	4.25
11890	3.05
11244	4.33
6748	4.4
12558	4.83
8505	3.7800000000000002
3763	4.0
7465	3.5700000000000003
14487	4.5
13326	2.39
13099	4.26
189	2.96
6127	4.5600000000000005
10443	3.02
8481	4.24
1125	4.17
485	3.64
2904	3.94
13717	4.36
11655	3.8200000000000003
5225	4.16
6437	3.88
12226	4.51
11325	4.8100000000000005
3957	4.38
12656	4.33
14113	4.91
5748	4.26
6281	3.7
11098	4.26
9912	3.95
14658	4.78
3034	3.84
7786	4.19
6323	2.76
247	4.3
15071	2.2
14121	3.71
13532	2.7
6205	2.91
5227	4.25
8287	3.68
9682	2.69
12706	4.51
7473	4.43
10328	4.03
2443	2.86
7045	4.02
12071	4.28
3162	3.54
7218	4.18
1538	4.46
14102	4.2
5672	3.88
1935	3.75
7086	4.4
2787	3.41
11283	3.27
14863	3.68
15539	4.0
15888	4.1
11670	3.48
8224	3.51
16280	3.59
668	3.8
7453	4.46
14858	2.11
11612	3.34
3511	3.5700000000000003
8751	4.1
9354	4.68
8985	3.76
11884	3.88
5574	3.84
11629	4.79
1511	4.03
394	3.62
10317	3.37
3071	3.95
4470	4.43
10145	4.31
16128	3.93
9631	4.22
13350	4.0
6535	4.0
10469	3.25
5990	4.5600000000000005
16091	3.33
4882	4.13
13720	3.67
4671	4.74
13843	3.1
4937	1.72
4503	4.14
14790	3.79
399	3.79
7129	3.5
3453	4.22
5544	3.93
2847	4.25
8687	4.03
4704	4.09
3672	3.04
16159	3.58
6055	2.64
10453	3.76
453	3.86
9784	3.73
5502	4.07
6660	3.93
1570	4.05
2961	4.31
1162	3.68
11432	4.15
12879	3.98
13824	3.9699999999999998
1606	3.89
13435	3.9
5569	3.81
13221	4.39
8212	3.26
14813	3.73
5082	4.32
7310	4.03
3798	3.63
8809	2.0
9371	4.02
4519	3.2
6078	4.1
4551	4.44
330	4.54
10473	4.69
4078	4.25
8117	3.7800000000000002
11526	4.73
6903	3.8200000000000003
9792	3.74
7525	4.17
11659	4.06
1967	4.06
3416	3.52
142	4.28
16136	4.01
3266	4.36
2800	3.93
737	3.15
11803	4.73
13053	3.55
7814	3.38
520	4.04
9622	3.43
8010	3.5300000000000002
13760	4.52
15894	2.96
14290	4.0
7776	4.04
5557	3.9699999999999998
1397	4.47
16439	4.3
4805	2.11
14316	4.12
7712	4.15
1348	4.36
3468	3.71
7415	4.23
10217	3.35
10465	4.16
12852	4.5600000000000005
16052	2.96
16167	3.3
7653	4.22
5770	3.5
10915	3.74
1546	4.03
855	4.52
9556	3.81
10879	4.5600000000000005
4067	3.3
1437	3.86
10592	3.59
14157	2.92
2350	4.34
4496	4.0
11879	3.25
11979	4.13
11582	4.24
6475	3.77
11135	4.69
7009	1.81
592	4.5
7800	2.8
8557	3.68
186	4.5600000000000005
7807	4.15
8855	3.5
7154	4.07
14940	3.6
3819	4.03
12414	3.91
12270	3.84
3333	3.95
15815	3.92
12085	4.45
12676	3.12
9679	4.25
14670	3.85
16350	4.49
5460	4.23
4127	3.11
6040	4.05
6964	4.16
15832	4.46
82	4.66
9954	3.44
6042	3.92
6726	2.75
15676	3.63
8599	4.46
2981	4.2
5620	3.93
15417	4.37
5844	3.92
15160	3.85
15948	4.68
5855	3.41
10509	4.2
10371	3.49
8544	4.53
1524	4.19
14284	3.76
5341	4.26
11298	4.85
12787	3.61
5487	4.43
12111	2.47
6456	4.43
4087	4.53
13928	1.81
2628	4.01
9148	3.31
1181	3.77
10187	3.96
11028	3.48
8047	3.41
8084	2.87
5609	3.88
6166	2.93
12436	3.39
3702	4.47
15131	3.98
6362	3.76
15316	4.61
14605	3.85
3311	2.99
7040	2.9
9175	3.8200000000000003
638	3.06
8782	4.61
12144	3.08
2218	4.83
13564	5.0
4996	4.15
1480	3.74
5092	4.25
11080	2.5
7288	3.68
11617	4.3
4643	2.98
9988	3.76
3217	4.31
1192	3.32
5606	3.22
6255	3.79
15531	4.87
9523	4.21
3377	3.81
13160	4.59
2922	4.0
9458	4.06
1635	2.85
10108	4.38
8911	3.9
14128	3.88
8007	3.55
9968	3.84
666	4.28
11692	3.84
8418	3.99
14407	3.93
6519	4.44
14203	3.79
15854	3.14
3634	4.21
48	4.67
2633	3.45
5088	3.89
16432	4.19
12139	4.83
449	2.89
4798	3.81
3920	2.33
6081	4.35
13618	3.5
324	4.0
15345	3.94
5656	3.12
740	4.04
2920	3.75
12458	4.16
9397	3.66
261	2.88
4532	3.7199999999999998
14294	4.0
8495	3.7
7289	3.92
7809	4.77
10643	2.85
7300	3.93
1079	4.51
2164	4.36
9575	3.86
7748	4.02
11232	4.02
9557	4.29
4401	4.51
1791	4.87
6358	3.69
12013	3.94
8344	4.36
5845	3.75
2139	3.62
15872	3.38
15686	3.42
13660	3.87
91	3.76
13597	1.85
11823	3.05
746	3.52
7208	2.63
2409	4.14
13136	4.21
9204	3.14
3512	4.08
15231	2.67
11256	4.85
5767	4.54
7293	3.1
16042	4.78
12944	2.7199999999999998
9389	3.54
11725	4.36
8685	3.9699999999999998
949	4.03
14282	4.0
12798	4.18
2753	3.29
1380	3.07
9426	4.5
5582	2.7199999999999998
11786	3.73
13302	3.24
8090	4.27
15807	3.92
1869	3.9
9119	3.89
7000	3.47
13190	3.71
7617	4.44
13390	3.8200000000000003
15776	3.76
2115	3.19
9181	3.99
2267	4.06
15940	3.52
8408	3.5700000000000003
12802	4.24
5667	3.75
11269	4.11
8605	4.63
4396	3.22
13231	4.14
11480	4.38
1089	4.11
6103	3.16
15001	4.15
945	4.11
6392	4.09
13360	4.15
6870	3.7800000000000002
11267	4.85
15420	4.3
11757	2.31
15433	3.18
14781	4.29
6820	4.18
3552	3.56
6049	2.68
5186	4.5600000000000005
10136	3.59
2004	3.26
2476	4.58
4268	3.24
16260	4.5
12860	3.4
15804	4.04
14288	2.7
14470	2.46
4537	4.19
538	3.39
9043	3.56
8758	3.98
4200	4.29
12058	4.19
6759	3.51
10503	4.19
16316	2.54
4908	4.09
4490	4.09
16391	3.73
4647	3.1
3884	4.3
637	4.05
6673	4.49
4224	4.1
6627	3.7199999999999998
8630	4.43
9063	3.73
9510	3.29
3843	4.07
10723	3.48
13835	2.67
1429	3.03
16416	4.33
6537	4.44
12707	4.5
15057	4.5
13026	4.05
8346	4.96
16379	3.18
3474	4.42
2965	4.67
14193	3.47
14462	3.75
187	2.96
11482	3.81
15209	2.63
14031	3.94
6132	2.4
6566	3.5
5817	3.76
12245	4.76
3190	4.32
16218	3.66
9698	3.83
15543	4.88
15368	3.96
15435	3.25
5621	3.81
12029	4.19
2575	3.92
4353	3.75
8668	4.9
6743	3.7
6670	3.8200000000000003
14168	3.5700000000000003
15712	3.46
9213	3.49
11925	4.41
6722	3.59
10553	3.95
7964	3.99
10254	3.06
2477	4.13
2818	4.13
11865	2.85
473	4.07
1257	3.37
2851	2.87
13988	4.28
6968	3.65
6170	3.95
1083	2.32
12081	4.02
7970	4.13
7987	3.89
14800	3.98
13274	3.86
12309	3.37
4785	3.23
4126	4.31
9633	3.76
5605	3.5
6683	3.39
15848	4.79
14822	4.17
2051	3.84
13887	3.52
5521	3.12
11773	3.22
7953	3.64
3636	4.27
10137	4.55
12524	4.4
11362	3.61
8057	4.27
9420	3.86
507	4.61
9710	4.07
11323	2.67
11513	4.33
4596	4.64
7380	4.26
9991	5.0
1845	4.19
1729	4.63
9593	3.71
15138	3.88
13970	2.64
8141	3.67
8249	4.8
1389	3.71
1141	2.47
4405	3.86
4926	4.0
15142	2.89
15508	3.71
10589	4.71
11456	1.3599999999999999
14651	3.5300000000000002
12155	4.63
6614	3.51
13139	2.96
7692	3.64
9135	4.08
15105	4.14
13187	3.98
9684	3.63
7791	4.79
8038	3.77
10802	3.8200000000000003
6618	4.19
7608	2.91
10464	4.69
1725	4.51
7258	4.79
4310	4.69
15788	4.34
14436	4.53
9565	4.05
3854	4.04
13679	3.43
16053	4.27
15136	4.0
2582	3.55
8371	4.14
10961	4.07
13354	3.91
9393	3.3
3635	3.77
6141	2.95
537	4.26
2434	4.12
4861	4.27
6897	4.07
1600	3.17
13196	4.15
14657	3.83
4622	4.41
10301	3.91
2569	3.47
3403	3.69
8108	3.26
12550	3.54
9257	4.43
4190	3.89
7182	3.9
15825	3.41
12638	4.78
6319	4.49
1120	3.81
14589	4.02
490	3.68
7640	3.38
3967	2.75
4386	4.21
16166	3.77
3524	4.11
8069	3.66
6875	3.07
12220	3.96
15334	3.9699999999999998
10832	4.38
305	3.26
16096	4.12
12561	3.36
786	3.14
11779	3.38
7698	1.9100000000000001
909	4.33
14465	1.98
12499	4.26
5440	4.19
3749	3.92
5084	2.3
11117	2.92
6923	3.25
1991	4.39
2238	4.01
15218	4.17
7442	3.69
10196	3.83
10692	1.9300000000000002
13050	3.48
15179	4.12
13271	4.11
4959	3.09
12800	3.62
6002	3.75
2322	3.8
8890	3.56
13324	4.58
14459	3.0
3334	3.51
9761	3.88
15216	4.39
9001	3.59
12391	1.45
14738	4.06
15855	3.81
16191	4.48
13200	4.61
14583	3.68
12647	3.52
2687	2.77
5146	3.16
15680	3.81
13987	4.5
1058	4.86
4461	3.85
5693	3.67
6803	4.1
8501	2.21
6599	4.5600000000000005
8654	3.76
6387	4.26
9573	4.39
5570	4.0
11447	4.42
5031	3.89
2605	3.05
3754	3.98
5160	4.18
9956	4.13
16421	3.61
7432	3.27
11297	3.81
183	5.0
3577	2.06
15734	4.22
45	3.56
13415	4.06
5062	2.9
672	3.47
3150	3.13
15795	4.28
3769	4.08
9843	3.94
12980	4.33
12636	4.28
626	3.66
6828	4.51
6033	3.17
3364	4.23
12379	3.5700000000000003
16352	3.26
3989	4.07
8153	4.12
11718	3.34
11077	3.5
5038	3.43
12421	4.47
6272	3.63
5781	4.13
4091	3.79
9408	4.65
7733	1.98
14925	4.06
6671	3.67
2897	4.09
9478	3.35
3596	3.5
557	4.12
13168	4.71
6501	4.36
3011	2.87
10582	3.96
11534	3.96
1410	3.5700000000000003
5258	4.38
9599	4.03
6088	4.0
6397	4.35
9177	4.12
12083	4.05
10002	2.86
6550	3.6
12986	3.67
7660	2.79
7392	3.83
15391	3.59
12490	3.87
6994	3.86
5599	3.63
5052	4.58
6100	3.5
9963	3.15
5140	4.15
7423	1.73
13072	3.08
289	3.75
93	2.26
11684	3.5300000000000002
9456	4.23
14096	3.93
2074	4.44
12034	4.16
16236	4.58
2693	4.42
8139	3.27
6293	3.48
6045	4.15
15593	4.12
14953	4.61
16306	4.38
3246	3.41
10158	3.4
14766	2.73
3272	4.23
7366	4.5600000000000005
10927	3.71
14689	3.35
15938	3.91
165	4.19
9581	2.7
10284	3.67
5635	3.52
10987	3.68
2033	3.4
7123	3.77
14613	3.77
14593	4.67
15638	3.59
13485	2.77
16138	4.15
6890	4.49
14749	3.48
15917	4.0
6645	4.71
13176	4.35
1463	4.5600000000000005
6555	4.52
3521	4.27
7658	4.26
5094	3.91
3030	3.47
3076	3.7199999999999998
7574	4.48
8672	4.48
5131	3.68
202	4.07
16375	4.79
15744	3.25
6120	4.12
16383	2.2
13797	3.71
9986	3.35
11	4.67
10339	3.31
1066	4.75
6219	4.02
12572	3.56
796	3.52
13504	4.46
10427	2.94
4498	3.63
9048	4.05
11404	4.1
2544	4.32
12350	3.96
10122	2.46
8984	3.07
4895	1.6
7029	2.95
72	3.46
12010	3.17
13198	4.4
8918	4.32
7272	3.33
9099	3.44
5816	3.66
15969	4.42
3361	4.94
6679	3.74
5628	4.0
10502	3.56
4003	3.68
12923	4.42
10245	2.5
7438	3.94
12381	3.9699999999999998
10695	3.7800000000000002
76	3.47
4365	2.88
4298	3.17
7868	3.9
8471	3.5700000000000003
10101	4.11
2357	3.24
13973	4.1
9549	3.51
12714	4.13
4435	3.44
4004	3.68
773	3.79
5307	3.6
15118	4.2
7829	4.08
14393	2.33
340	4.63
1996	4.37
6279	4.68
5640	3.93
5603	3.93
15858	3.94
8533	4.27
5999	3.0
1045	4.39
1418	4.19
2425	4.26
3105	2.48
5820	4.04
4384	3.51
15797	3.21
7171	3.56
561	4.19
355	3.54
9078	4.0
13013	4.33
5936	4.04
258	4.51
11596	2.51
7308	3.9699999999999998
8691	4.23
16007	2.85
1263	2.92
6265	4.27
15653	4.01
13389	4.19
8891	4.1
4132	4.23
4350	3.0
13022	3.67
7570	3.2800000000000002
9039	4.3
4794	3.06
1371	4.11
8535	4.55
13945	2.92
6160	3.85
1772	3.55
6709	2.84
10917	3.13
2562	4.17
7396	3.5700000000000003
15910	4.61
3048	3.74
236	4.08
1685	4.54
9140	3.12
15824	4.39
7750	3.8200000000000003
6718	3.81
7536	3.52
6936	2.5
13779	3.2800000000000002
552	2.63
4443	2.93
6413	3.92
2231	3.0
4392	3.9
5538	2.93
10697	4.87
3805	4.07
2546	4.14
7627	4.4
702	4.19
881	3.66
8564	4.17
10418	4.83
14971	3.81
14747	3.62
3306	4.06
9002	4.51
11983	4.65
1846	4.11
4375	4.48
1611	3.62
5317	3.71
3509	3.37
5509	4.93
10102	3.0
4041	3.03
752	3.61
3535	2.74
9500	3.6
12425	4.08
7302	2.24
14308	4.4
13591	4.31
4571	3.87
460	4.44
6564	3.55
3628	2.96
354	3.06
13663	3.56
13536	4.12
10349	3.52
9600	2.31
8201	3.25
14819	3.83
1542	4.7
4492	4.1
2326	3.61
10884	4.48
349	3.46
2197	4.09
4963	3.96
8653	4.73
6680	4.0
15865	2.36
13470	3.89
5171	3.65
152	3.22
11398	2.26
9439	3.26
11312	4.11
15586	4.42
6847	3.26
6955	4.48
10996	3.76
2181	4.12
7216	3.29
12292	3.61
11610	4.35
11091	3.88
5419	1.78
8053	3.69
4321	4.68
15912	4.09
8089	2.92
6464	3.9
5728	3.6
11187	4.03
14623	3.73
6762	3.23
11723	4.54
608	4.38
13471	4.38
11146	4.28
1482	3.54
2887	4.27
5657	4.4
11214	3.33
12889	3.9
7178	4.3
550	3.77
9343	4.16
11525	2.92
6025	3.43
13177	3.8200000000000003
14976	3.73
14382	4.71
14968	4.17
16351	3.62
5412	3.42
14339	3.79
10869	3.68
13186	3.46
8781	4.34
7837	2.94
6251	3.74
3053	3.13
9753	3.74
2257	4.51
10491	3.0
7857	3.25
9102	2.47
288	3.1
13052	4.36
5201	4.23
8488	3.21
3505	4.39
5103	2.67
13055	4.2
3075	3.36
704	3.9
1071	3.32
2635	3.8
2195	3.33
12172	4.27
1688	4.83
8910	4.27
12045	3.69
2596	3.9699999999999998
15225	3.42
4320	3.86
8248	4.28
6372	3.13
12406	3.61
7200	4.35
6106	2.81
843	3.05
5357	4.94
682	4.3
6547	3.05
7255	4.11
8710	4.43
9342	3.75
4992	3.96
1936	4.78
16337	4.34
12618	4.13
8589	3.76
5382	3.48
8705	3.67
4754	3.7
14326	4.32
6657	3.71
15918	4.68
12069	3.09
5703	4.62
12534	4.35
13558	3.48
9012	3.92
974	3.44
1628	3.31
9659	3.35
9195	4.33
6030	3.55
3390	3.7199999999999998
948	3.02
8082	3.35
15668	3.9
4073	2.31
4379	3.88
270	3.0
14363	3.18
5852	4.33
37	3.1
7357	1.94
16401	3.88
1059	3.83
9007	2.71
12102	4.37
3664	4.27
3064	4.76
16468	3.43
15460	3.77
13560	1.97
1854	4.44
11038	3.63
15535	4.2
391	4.04
1627	3.59
11613	4.31
9632	3.8200000000000003
6978	4.53
1190	4.18
3852	4.26
9826	3.92
8892	4.0
2761	3.94
434	3.87
830	3.64
1550	2.69
4526	2.87
3121	3.39
8459	4.0
6217	4.1
9545	3.2800000000000002
7529	3.79
6393	3.85
10577	2.64
15290	3.91
2457	4.45
5235	4.47
14794	4.58
8049	4.52
1472	4.23
1900	4.22
8186	3.51
14849	4.89
8334	3.7199999999999998
3988	2.5700000000000003
11126	3.19
3586	3.36
9104	3.7
4869	3.5300000000000002
11145	3.86
599	4.14
938	3.81
13201	4.35
4377	3.5700000000000003
5742	3.21
9268	3.25
3343	4.03
10585	2.75
4654	4.0
5590	3.7800000000000002
10428	3.92
6253	2.98
10001	4.36
829	4.11
12351	4.67
15966	4.16
4141	3.65
9188	4.43
2808	3.99
15455	4.0
12259	3.87
6865	4.55
8566	3.55
1271	3.48
2140	4.47
6111	4.3
14350	4.24
5371	4.09
7725	3.5700000000000003
6261	3.88
5826	4.68
4826	2.81
4449	3.61
6601	3.75
12563	4.68
7916	3.5300000000000002
10307	4.61
2511	3.86
8964	4.66
12236	4.33
6765	4.0
11599	4.62
4581	2.6
2352	4.4
12328	3.23
3466	4.04
12064	4.48
6510	4.3
2877	4.51
729	5.0
14525	3.94
533	3.8
5739	3.03
1276	3.88
13330	2.79
15401	4.54
7757	4.05
8241	2.89
9729	3.68
912	4.26
1132	4.19
2522	2.81
14502	3.33
8499	3.79
2842	3.94
13208	2.39
8426	2.83
10824	3.68
6802	3.0
12867	4.12
4360	4.5600000000000005
14265	3.46
3022	3.5700000000000003
13789	4.24
1187	4.25
10178	3.86
8382	4.09
10694	2.93
3462	4.03
16183	3.39
9834	4.15
3025	4.15
12189	3.6
8465	3.69
10189	3.5300000000000002
3716	4.61
808	4.04
9911	4.86
1146	4.42
11770	2.19
2363	4.8100000000000005
8676	3.74
1621	1.87
3039	4.74
57	4.52
1522	3.77
7223	4.42
4845	4.76
7449	3.56
10353	4.0
8581	3.37
7596	3.86
5352	2.7
5096	3.32
9981	3.69
13489	4.51
3358	3.38
11495	3.64
7688	3.67
9505	3.58
6108	4.3
12738	3.18
13243	3.46
11124	3.75
9900	3.46
3170	4.69
13682	4.42
9179	3.85
6626	3.49
8532	3.9
3339	4.27
14840	4.27
14441	4.49
628	3.71
6050	3.06
6819	3.05
10856	3.7199999999999998
3519	3.96
12343	3.61
13907	4.48
4575	3.2
1031	4.11
16242	3.63
662	3.2
7620	4.53
67	1.67
13339	4.03
13748	3.06
14156	4.78
13963	2.15
5975	3.65
9011	2.9
2545	2.7
12897	3.77
3613	4.89
426	3.79
13957	3.5300000000000002
1678	3.5
14641	4.59
11111	3.67
11553	4.29
6430	4.61
5237	4.59
4514	4.47
2563	2.74
8707	2.03
14016	4.79
6750	3.63
15188	3.03
3289	3.75
13831	3.59
6326	4.38
1283	3.13
2088	3.74
14249	4.5
9451	3.38
6928	3.25
9024	3.87
11563	3.62
7576	4.2
10626	4.57
9320	3.14
7762	3.0
12320	4.03
9440	3.5700000000000003
8952	3.91
12205	4.91
9715	3.89
14565	4.32
3087	4.02
16511	3.94
14399	3.38
7358	2.85
9538	4.17
11212	4.11
3699	3.64
8423	4.05
6898	2.96
4675	4.18
1916	3.63
14686	3.93
6460	4.7
7062	4.15
14768	2.48
2988	3.06
1148	3.59
10303	3.34
529	4.03
6658	4.5
3210	3.96
6874	3.44
12546	3.5700000000000003
4188	4.11
3006	1.74
14001	3.52
11597	3.93
4731	3.51
5228	4.1
9406	3.54
13672	3.76
6606	3.32
11189	4.23
6970	3.68
4491	3.77
8160	3.9
16473	3.2800000000000002
15291	3.76
958	2.73
3402	3.92
8370	4.64
2474	3.95
10898	4.03
2043	2.5300000000000002
9411	4.01
2673	4.58
5424	3.55
9220	3.2800000000000002
2275	4.2
10042	3.96
5643	4.22
7075	3.56
2086	4.24
12174	3.87
623	4.76
14385	3.27
9218	3.48
10376	2.67
15617	3.76
1615	3.42
11153	3.8
10367	4.3
6187	3.65
2738	4.46
1616	4.13
10928	3.8
4128	3.38
15517	4.2
15829	3.58
16133	2.95
285	3.68
13443	4.23
10595	4.62
2568	3.47
7642	2.5
621	4.88
10080	4.3
4262	3.55
2429	2.61
14694	3.39
8421	4.44
10413	4.0
16243	4.55
16251	4.07
9331	4.5
12501	4.63
8572	2.83
7976	4.25
13333	3.45
109	3.83
10549	3.2800000000000002
12204	4.21
3724	3.77
5426	4.19
1608	2.95
6405	4.0
147	2.69
886	4.8100000000000005
13675	3.95
452	3.14
3093	3.66
870	4.21
11096	4.2
470	2.75
2758	3.56
11229	3.54
1326	3.5700000000000003
3926	4.8
16244	4.69
10873	3.5
7035	3.91
13881	3.96
9071	3.37
7395	3.83
12765	3.42
1794	3.8200000000000003
11955	2.63
4148	4.32
11204	1.7000000000000002
7946	3.16
1028	3.51
16403	3.35
4311	4.25
5292	3.24
3526	4.08
14392	3.22
10903	3.89
5776	3.85
13967	3.11
5452	3.7800000000000002
848	4.12
4716	3.07
7546	4.12
13823	4.27
5337	4.67
5614	3.4
9378	4.0
14466	4.33
6483	4.28
13592	4.33
9793	3.89
3997	3.75
6800	3.36
6527	4.33
8558	4.14
15707	4.24
11806	4.44
4176	3.33
6956	2.84
3136	3.24
9249	4.63
2837	2.59
3923	2.69
5537	3.14
6364	4.95
6070	2.34
6442	3.13
11535	4.78
9588	3.34
16476	4.35
5226	3.77
7624	3.5
1438	3.12
13785	3.0
3703	4.24
16018	4.01
7150	4.19
4984	4.17
12217	2.96
14126	2.5700000000000003
7209	2.21
14497	4.03
11015	5.0
2401	3.01
7372	4.51
1789	3.77
1987	2.8
619	3.66
3153	2.79
7958	3.21
13213	2.55
15275	3.83
13853	3.8200000000000003
11592	3.55
182	3.55
42	4.2
1887	4.32
107	2.06
4040	4.11
13308	3.01
4667	4.06
2948	3.23
8623	3.86
12014	3.65
12595	3.47
9351	3.36
6624	4.25
3127	4.63
12294	3.08
3140	4.13
8582	2.16
8127	4.67
11165	4.03
4564	3.58
6945	3.16
14728	4.35
13038	3.2800000000000002
6191	3.81
16387	3.29
968	3.8
9960	4.68
12108	3.71
15591	3.05
10279	3.38
3014	3.71
14277	3.26
1753	3.77
5857	3.8200000000000003
11780	3.81
9160	4.1
11870	3.99
3349	3.5300000000000002
8513	3.17
4149	3.9
9620	4.02
13641	3.5
10493	4.02
4184	2.94
10565	3.81
8763	3.31
7770	3.4
10796	3.71
8068	3.56
9468	3.18
9312	3.39
3917	4.49
14734	3.11
1048	4.19
8021	3.25
12295	4.0
14702	2.75
12662	4.75
1080	4.83
12315	4.02
10934	3.43
9046	4.15
9775	3.13
9174	3.88
7489	4.13
13634	3.65
13133	3.84
11307	4.28
10378	3.94
8592	3.04
2278	4.29
130	2.89
12812	3.73
13440	4.39
1894	3.86
9360	3.75
8550	4.02
8770	4.06
5980	4.19
1166	3.49
13545	4.0
12333	4.15
12151	3.86
16139	3.7199999999999998
4060	3.52
6432	4.21
868	4.53
7810	3.15
8519	4.09
3656	3.46
521	4.15
15207	3.98
14065	3.47
13428	4.15
2803	4.48
9760	3.4
6356	3.55
15370	3.84
7125	4.39
518	4.29
12585	4.09
14783	3.44
12442	3.6
12649	3.52
1336	3.52
15383	3.44
15914	3.55
1419	4.16
583	3.64
11147	4.08
11650	3.51
12586	4.17
13695	4.23
5161	4.6
105	2.45
12023	4.86
12720	3.62
8800	3.54
14442	3.52
14104	4.06
4313	3.52
5853	4.43
14380	3.65
13518	4.27
5125	4.19
14490	4.25
10992	3.38
16270	2.7
8895	3.2800000000000002
1408	3.9
15754	5.0
5378	4.23
3163	4.54
2579	3.73
1478	3.55
7945	4.31
7652	3.74
9951	4.09
4104	3.71
6738	4.28
8637	4.32
6462	4.01
6310	3.55
2482	3.3
5690	2.74
1269	3.65
13602	3.94
3496	3.29
13840	3.9
15778	4.13
10574	4.55
5025	3.23
2237	3.9
11490	4.33
7324	4.32
1019	4.16
6317	4.31
7860	3.98
6790	2.22
14506	4.45
8077	3.65
5248	2.89
674	2.6
8814	4.18
10169	3.6
1691	4.03
15336	4.0
4356	3.92
4713	3.33
1982	3.55
3173	3.22
3164	1.5
14189	4.26
2003	3.13
304	4.28
13729	3.94
7322	3.08
807	4.63
1880	4.03
7170	2.93
7408	3.94
14287	3.63
11716	3.6
13363	4.22
8179	3.87
7386	4.5600000000000005
34	4.4
4803	3.4
6169	3.38
12243	3.1
10440	3.02
1030	3.86
2773	3.75
570	3.94
2854	4.22
13900	3.94
1769	3.31
9847	3.8200000000000003
4218	3.43
11084	4.36
10345	4.52
9797	2.29
15574	4.44
6561	3.68
9637	4.31
16414	4.05
10679	3.67
10409	4.25
10160	4.66
9100	3.65
4106	3.15
14257	3.7800000000000002
14673	4.04
15331	3.35
190	4.74
16073	3.58
3712	2.6
1406	4.16
10878	3.88
15775	4.36
7540	3.59
8660	3.63
11973	3.76
627	3.17
16233	3.93
7412	3.46
7430	2.7800000000000002
11006	3.15
13923	2.18
13514	4.14
12837	4.16
13371	4.36
9866	2.33
5145	3.7199999999999998
5670	3.95
5827	3.18
1601	4.33
14325	4.27
14075	4.3
3610	4.53
9922	4.39
1155	3.84
8848	3.74
13848	2.66
2578	3.36
6558	4.24
9522	3.2
1088	4.55
11316	3.73
197	4.1
9644	4.38
13969	3.15
8152	3.41
3383	2.9699999999999998
1824	2.83
6689	3.88
13874	2.71
10528	3.35
12674	3.74
7139	3.95
13728	3.47
2293	3.89
1762	3.36
6867	4.43
6067	3.47
11295	3.79
6778	2.5
9154	4.21
16497	4.11
4890	3.54
10330	3.8
13019	4.6
16022	4.18
8095	4.11
5149	3.98
13484	3.13
4807	4.13
15287	3.15
15330	3.45
1920	3.94
6285	3.79
11357	3.23
6334	4.19
517	3.65
2987	3.42
4412	2.66
4951	4.4
2820	4.04
10460	3.7
14901	3.51
5943	1.6800000000000002
12079	3.93
10095	4.58
6146	3.73
10843	3.77
5129	3.5
12791	3.58
11210	4.11
4688	3.26
11669	4.15
9473	3.9699999999999998
15328	3.5
8786	3.27
3637	4.14
4934	4.33
6545	3.11
4431	3.5700000000000003
6289	3.27
9171	3.49
2023	3.16
11668	4.55
7475	3.95
6283	4.36
4194	3.8
6879	4.14
5929	2.86
13111	3.58
9748	2.81
8862	4.46
14195	3.79
584	3.71
8858	4.45
141	2.7800000000000002
10228	3.85
15480	3.36
10395	2.94
5285	4.0
6162	4.11
1828	3.85
13899	4.26
4208	3.9
13689	3.65
9125	3.65
5646	3.18
2114	3.55
4717	4.08
3929	4.11
14887	4.4
23	3.74
4630	3.93
15206	2.13
13128	4.08
12392	3.96
7477	4.67
1745	3.24
11584	4.15
4828	4.19
15565	2.23
4221	4.7
6992	3.62
16141	4.35
15247	3.49
15892	4.25
10320	3.86
14859	4.26
9587	3.6
11999	1.69
2387	3.93
12400	3.24
7213	3.91
12620	4.68
7207	4.71
1764	4.47
6799	4.45
6122	3.71
13919	4.13
14860	3.8200000000000003
15501	3.5700000000000003
4292	3.47
3564	4.32
176	3.13
13838	4.32
4998	3.8200000000000003
11454	2.8
13083	4.29
15924	1.67
11377	2.92
11701	4.48
16123	3.29
6063	3.41
3370	3.63
9645	4.09
6203	4.27
3097	3.36
9603	3.52
12502	2.65
10893	4.32
4540	2.94
10658	3.61
12154	3.1
10277	2.91
5942	3.54
10368	4.35
3396	4.86
6775	3.12
9818	3.83
13885	3.89
8266	3.92
12663	3.75
3572	4.13
12758	3.9699999999999998
3399	3.26
11400	4.19
11141	1.72
2716	4.04
2499	3.94
14332	3.32
7683	4.9
2557	2.47
6713	4.13
15297	3.59
8296	4.01
2217	4.74
3062	4.1
7854	3.7199999999999998
14103	3.55
7414	3.38
13413	1.97
11731	3.86
8819	4.55
12888	4.23
1244	4.18
5938	2.91
13002	2.49
7103	3.15
13519	4.07
1334	4.52
413	2.96
6406	3.49
12171	3.98
2327	3.8200000000000003
8828	4.68
6571	4.72
1100	3.85
2436	4.22
3027	1.5899999999999999
301	2.83
837	4.55
15643	3.74
9434	4.24
13376	3.68
15683	4.48
8055	4.5
3454	2.6
1740	3.39
8251	3.25
1718	3.5
11443	3.24
10632	3.04
15014	3.5300000000000002
7527	4.17
991	4.48
8520	3.79
13076	3.26
2868	3.33
13249	3.25
5089	4.15
8728	4.63
11308	3.41
14845	1.77
3118	3.17
1965	3.99
6950	4.0
5397	3.67
7578	3.55
5873	4.59
6739	4.71
1754	3.7800000000000002
4923	2.81
2	3.9
15469	3.45
11756	4.09
274	3.43
9262	3.08
4942	3.96
7957	3.21
5970	4.42
1807	4.2
13852	2.95
2064	2.43
658	2.69
10495	3.63
4602	3.11
5351	1.4
95	4.0
697	3.63
16321	4.0
16219	4.35
12080	2.36
4429	4.67
15553	3.8
5229	4.5
1258	4.06
1565	4.42
11573	3.88
12419	3.11
3760	4.2
4009	1.79
1077	3.33
12404	4.34
5313	3.14
2944	2.68
14876	3.39
11859	3.17
3913	2.35
6140	3.39
2805	2.5300000000000002
7550	4.16
15702	2.29
3077	4.44
14357	4.5
4695	4.27
3691	3.43
6204	4.09
5464	3.32
15394	4.29
7231	2.7199999999999998
3857	3.08
6973	4.89
15088	4.8100000000000005
2317	4.44
6697	4.78
14390	3.79
9096	2.93
7421	2.5
5120	3.41
1547	3.46
15315	3.7800000000000002
12271	4.6
14293	3.6
5766	3.69
5009	2.93
7427	2.98
7306	4.59
825	3.07
13893	3.07
7034	4.27
10882	2.81
9082	3.75
5751	2.48
10501	3.47
7905	3.12
14930	4.11
1176	3.94
16422	3.61
1856	4.44
10387	2.54
7846	3.7
3809	2.33
536	4.71
1004	3.0
9674	3.42
2941	4.53
8414	3.0
13956	3.16
8909	1.82
12420	3.85
13096	3.79
2541	3.67
14521	3.9699999999999998
8714	3.68
3785	3.0
4554	3.03
4189	3.5
2234	3.18
6792	3.59
14022	4.73
2203	3.87
10336	2.93
10489	3.9
11152	3.95
8272	3.71
15805	3.22
12632	3.9
15685	2.41
14029	3.96
12124	3.65
11652	4.0
1947	3.43
11363	3.65
6396	4.89
1951	3.67
3448	3.92
1540	3.87
14378	3.46
4098	2.65
358	4.04
9694	4.67
15710	2.69
5945	3.33
11949	4.26
14759	4.17
16162	4.28
7789	3.71
10348	3.8200000000000003
6781	3.69
6556	2.33
1481	4.26
3109	3.7800000000000002
11465	4.19
611	2.52
3593	4.74
5315	3.81
4272	3.26
10243	4.66
10171	3.9699999999999998
6038	3.98
3393	3.75
11265	3.62
1224	3.06
2653	4.08
1213	4.5600000000000005
5162	4.63
12875	4.18
14592	4.44
10031	4.06
3160	3.35
5287	2.81
8678	3.33
13997	3.43
15341	3.67
7514	3.8200000000000003
1614	3.38
1765	3.51
446	4.29
11911	2.37
8916	2.75
8690	3.75
11209	4.19
7710	3.83
5787	2.77
14620	3.22
6095	3.8200000000000003
15403	3.74
3652	3.11
8105	2.43
11097	3.5300000000000002
8437	4.06
316	3.14
9091	4.06
724	3.3
6458	2.73
5800	3.84
5937	3.83
11635	4.03
13517	4.92
10462	3.68
11805	3.3
7787	4.5600000000000005
589	4.0
15519	4.52
10304	4.0
9492	2.92
224	2.76
13526	3.59
11240	3.47
15790	4.37
14617	3.43
9504	4.5
11445	3.0
2130	4.47
1150	3.27
2448	4.83
14561	3.71
13049	3.79
7206	3.63
7026	2.75
4814	3.1
13718	4.29
3086	4.37
8058	2.2
6193	4.1
804	3.7800000000000002
1246	3.09
5983	3.24
2374	3.45
16460	2.62
1743	3.48
465	4.33
14125	3.9699999999999998
3143	3.95
9260	3.95
3899	3.04
13949	2.38
8378	1.35
7866	3.26
9482	3.42
6344	4.03
5027	3.83
1866	3.05
12359	3.7199999999999998
9470	4.61
16434	3.17
5310	3.48
10837	3.77
14129	4.07
4192	4.35
1399	4.18
108	2.18
433	2.95
9787	2.15
16538	4.06
13654	3.9699999999999998
6184	4.62
12055	2.22
5551	3.25
3457	3.13
13955	3.99
9029	2.56
7099	1.96
10068	4.5
8384	4.36
4648	4.87
7234	4.7
12495	4.89
7645	4.27
9414	2.8
7433	1.94
2670	4.1
15967	3.5700000000000003
3293	3.58
5116	4.77
1086	3.67
4191	3.31
14568	4.0
8188	4.2
5401	4.37
15514	3.79
16190	3.36
14006	3.32
3290	3.5300000000000002
6192	2.93
4929	3.84
3231	3.04
6076	3.04
13801	2.17
10057	3.45
8602	2.69
14228	2.59
6858	3.59
11121	2.8
4579	3.95
4202	3.95
10311	3.8
7591	1.85
5962	3.67
15070	4.93
16382	4.44
10018	2.81
563	2.31
8121	1.43
15859	3.74
7114	4.32
119	3.94
2902	2.93
11651	3.42
10951	2.86
10394	3.91
3096	3.02
6918	3.6
308	2.75
4665	2.64
7419	2.7199999999999998
13901	4.0
16273	3.54
1267	2.6
11162	4.59
8554	4.09
2900	3.44
74	4.67
11413	4.47
9083	4.38
15889	3.94
430	4.25
1161	4.07
4863	2.8
19	3.77
10827	3.2800000000000002
5048	4.19
9537	4.0
2613	4.0
7520	4.07
4936	3.65
13565	3.9
7140	3.84
15847	4.44
7877	3.22
16257	2.55
10186	4.33
16247	4.36
8627	4.08
11798	4.65
11442	3.2
11693	4.38
7691	3.92
7093	5.0
11290	4.62
3204	4.0
14222	2.96
13698	4.05
155	3.46
11199	3.86
5639	3.83
4308	1.9500000000000002
13456	3.7800000000000002
4523	3.13
10541	4.44
5508	3.3
12621	1.19
1860	4.88
4778	3.22
10117	4.31
12453	4.19
4119	4.63
9855	3.6
5575	3.7800000000000002
4341	3.81
14966	3.77
7541	3.8200000000000003
15256	3.61
10613	2.5700000000000003
8516	3.58
11627	2.5
13217	4.32
10979	3.61
207	4.8
12708	4.67
8428	3.26
6682	3.27
9666	2.39
9390	4.28
4952	4.11
7585	4.59
1300	4.26
12508	1.62
6159	4.11
8166	3.2
5882	3.81
9706	3.93
9203	4.57
14165	3.39
6695	2.9699999999999998
10115	4.4
12092	3.2
1434	3.42
8920	2.88
319	3.86
2480	3.76
3878	2.91
2413	3.67
8323	3.49
6313	4.79
7373	4.06
5579	3.15
3780	3.24
9807	2.0
2078	3.3
10281	3.86
12610	3.56
7847	3.88
15677	1.8399999999999999
5178	4.29
5497	2.6
11722	3.67
3719	2.8
8209	3.75
8065	4.38
7993	4.53
4906	3.94
3969	4.2
8067	4.29
4077	4.11
11334	3.5300000000000002
10587	2.71
14384	3.92
4917	3.26
6848	2.42
7215	4.05
6758	3.8200000000000003
3365	4.68
13524	2.92
5347	4.22
2878	4.14
7899	4.0
13110	3.39
3541	4.14
5017	4.41
671	2.7
12329	4.14
15416	2.8
3726	4.0
3497	3.49
14418	4.54
15240	2.5700000000000003
8929	1.79
5432	3.54
8527	4.65
10154	3.43
12918	4.08
12293	2.68
13220	3.38
1207	3.39
6299	2.36
9489	2.76
10601	3.44
14066	3.91
14706	3.12
4115	3.04
10675	3.43
1597	4.31
15757	4.17
13632	3.7800000000000002
9638	3.05
13130	3.54
12369	3.41
6801	4.24
8664	4.21
6961	2.98
972	4.8
13636	3.41
2636	4.48
15121	3.05
13803	4.09
8938	3.83
2346	4.48
12228	3.62
6384	4.73
15950	4.68
11486	3.83
1836	4.43
7625	2.9
5021	4.33
1275	2.88
8556	3.88
10059	3.67
12899	4.46
9206	2.88
10148	4.0
4817	3.43
15415	3.7
4600	3.71
10253	3.7
14206	3.94
8109	2.8200000000000003
4059	3.6
9156	3.62
3188	3.77
1070	3.62
15583	3.41
13596	4.87
10533	2.31
3315	3.54
11962	2.9699999999999998
133	3.36
6302	3.65
7280	3.39
14453	3.83
3872	4.57
5141	3.67
2856	3.41
16064	4.06
322	3.9699999999999998
11231	2.2800000000000002
15249	3.03
12566	4.5
2294	3.89
1302	3.56
14298	5.0
2985	3.92
13897	3.74
15402	2.32
5438	3.32
13379	4.77
13795	3.26
13169	4.55
1897	3.16
291	3.73
8943	4.21
11714	3.15
10456	4.31
3814	3.58
7539	4.53
1666	3.35
10653	3.76
14875	3.83
16279	4.38
2375	1.44
13706	2.71
13576	4.33
3869	3.75
12125	3.49
8137	3.73
12953	2.8
15740	3.67
13613	4.02
16319	3.38
12411	2.67
13141	3.91
5813	3.09
3951	4.67
7785	3.71
8145	3.5700000000000003
15980	3.76
2490	3.63
566	4.74
4459	3.44
9229	3.07
5568	4.12
10531	2.35
7598	2.94
9947	3.61
16176	4.17
15029	3.12
1186	3.89
6642	3.23
13964	4.35
15153	3.5700000000000003
6200	3.56
15672	4.27
12202	3.91
2510	4.05
10859	1.9
8477	3.63
9058	3.73
14242	4.13
14305	2.96
9324	3.67
6228	2.81
4376	4.42
1651	3.24
3771	4.25
10725	4.89
14045	3.42
10678	3.81
5375	3.89
6158	3.5
10143	3.5300000000000002
13692	2.95
10769	3.95
1848	4.76
11313	3.05
5061	3.73
1934	4.62
4749	3.96
12162	4.26
6560	3.44
1525	3.8
10773	3.02
7457	3.25
15558	4.5600000000000005
10738	3.21
4751	4.13
14737	3.69
3171	4.26
1576	4.48
4233	2.91
12985	3.25
612	3.51
1387	3.86
1426	2.84
7339	4.53
11585	1.32
13419	4.44
5288	4.76
11877	3.61
2182	4.35
10054	3.87
8955	2.41
5479	3.7
2809	4.43
14892	4.17
1709	3.93
10442	4.05
2921	2.85
12091	4.03
10306	4.24
3369	4.44
4756	2.35
15130	3.75
7174	3.43
3880	4.0
714	4.0
16068	4.78
4651	4.21
11587	3.94
435	4.37
12366	3.65
12150	4.1
7069	3.08
2884	2.26
2341	2.66
13383	4.2
7307	4.0
10732	3.68
11344	1.7000000000000002
2909	1.92
4743	2.76
984	3.39
9405	3.5
13905	1.57
2760	2.73
2400	4.89
11237	3.98
2790	2.68
10297	3.9
8995	2.96
13343	3.7
9743	4.0
1432	2.8
8203	3.73
9867	1.8900000000000001
2045	4.39
9691	3.66
5893	1.9300000000000002
10758	2.0
13314	3.83
15023	4.47
5356	3.37
10722	4.22
2910	2.54
11675	4.54
9049	4.34
3187	3.7
7815	4.13
5350	3.61
14553	3.3
8562	3.36
2202	3.44
1455	3.95
1123	2.23
4177	3.05
5110	3.5
10009	4.37
10763	3.35
10435	4.36
4727	3.93
13531	3.5
129	4.4
1220	4.9
7110	3.07
10463	3.4
8580	2.71
10640	4.2
6515	3.16
12548	2.84
3480	4.88
217	3.95
1329	3.0
10584	3.06
16117	3.86
10084	4.25
15837	3.52
15782	2.9699999999999998
9846	2.66
403	4.44
5004	4.36
9201	3.54
9133	3.8
6619	2.89
13896	4.3
11337	3.88
9974	4.2
10478	3.74
9298	3.79
3693	4.1
602	3.1
4427	3.12
5593	3.68
1779	4.29
2606	3.81
13722	3.24
6580	3.06
4542	3.89
15352	3.5
12282	1.82
6860	2.9699999999999998
9902	3.47
6117	3.52
680	3.83
15992	4.18
3921	4.43
9973	4.5
14518	3.2800000000000002
2348	3.95
3784	2.14
6905	4.08
7177	3.84
2367	3.33
3774	3.67
9308	2.67
5453	3.19
2414	2.08
6246	2.12
7966	3.5
14862	4.08
6755	4.8
4614	3.83
2169	2.86
6596	4.7
3867	4.07
6933	4.04
1353	4.2
12146	3.5
11538	4.1
4259	3.5700000000000003
10627	2.29
13227	4.25
88	4.1
2009	3.84
12384	3.92
14564	3.63
2109	3.36
5047	3.8
12665	2.29
10945	3.55
10641	3.86
6085	2.67
14797	3.13
15441	4.31
5255	3.06
7008	3.1
4196	2.84
13124	3.73
15913	5.0
4163	2.76
7340	4.54
6181	3.92
3489	3.71
14573	4.88
10213	2.7199999999999998
7285	2.19
16140	3.93
12743	3.26
11055	3.5700000000000003
15082	2.76
10184	3.6
3975	3.0
10338	4.11
1319	3.63
4023	4.25
15399	3.4
4364	3.27
11018	4.72
11361	1.33
14675	3.83
7196	3.3
6920	4.12
13295	2.7199999999999998
8575	3.14
116	4.13
15196	3.3
11448	3.55
7526	3.48
16526	4.29
1573	3.83
9979	3.88
1865	2.67
1357	3.29
5633	4.8
15496	4.64
1826	2.61
5501	4.62
10323	4.5600000000000005
12587	2.79
7159	3.84
464	3.35
6861	2.88
2585	4.41
13486	4.6
11855	2.79
12519	3.2800000000000002
3554	3.88
5212	3.33
4646	3.7800000000000002
686	4.02
9281	3.89
13866	3.4
3873	4.31
9247	3.49
15871	4.13
4981	3.76
5547	3.31
6044	3.85
13325	3.92
1451	3.17
10012	3.13
10516	4.0
4697	2.81
12365	4.24
1189	3.0
11276	3.19
10988	2.9699999999999998
9462	2.59
13239	4.7
8325	3.9699999999999998
4172	3.7
11082	4.27
4408	3.0
5946	4.22
12866	4.18
6018	4.13
8310	3.11
5963	4.01
3937	3.12
11336	3.6
12691	3.02
8440	3.62
14496	3.0
11988	3.6
11636	3.24
10616	3.41
3678	3.7199999999999998
6916	4.35
9450	3.93
5483	2.35
6849	4.32
56	3.93
311	2.86
8454	3.44
10785	2.99
4611	4.0
7835	3.18
6590	4.11
7507	4.64
2461	3.8
9718	4.11
2206	4.44
1694	2.14
4135	3.77
10425	3.52
8822	3.08
8252	2.39
15477	3.12
159	2.64
766	2.45
15162	3.65
14147	3.21
2652	4.03
16100	1.8
15060	2.86
1939	4.0
13554	3.58
13296	2.7199999999999998
13113	2.62
4729	3.63
281	3.25
3950	4.4
4460	4.2
12187	1.43
8443	3.81
7155	2.43
11658	4.36
15540	2.99
1167	4.86
12824	3.64
2651	3.67
16082	2.17
15317	2.92
3671	4.04
1301	3.92
10061	4.13
6016	4.73
5488	3.26
13629	2.91
2580	4.47
15434	4.04
9657	3.71
15041	4.71
5444	3.83
13463	3.54
4968	2.2
10753	3.07
16131	2.69
13475	3.88
7981	2.71
7190	3.25
15257	4.47
12354	2.62
12929	4.11
12305	3.86
10835	4.14
947	4.3
9812	3.17
5932	4.05
7175	3.02
8769	3.29
5780	3.68
10793	3.17
11343	3.11
146	3.27
14742	3.84
7731	3.54
793	4.24
13912	4.0
10736	3.87
12009	4.1
12639	2.09
11184	4.5600000000000005
106	3.06
13280	4.18
6363	4.04
2505	3.69
9398	4.11
13495	3.65
3698	3.5
5032	3.18
13764	4.19
13281	3.18
8948	2.85
14273	3.12
10698	4.29
9273	3.73
13143	4.07
11843	2.38
911	4.57
10015	4.73
4186	3.48
12830	2.52
9479	2.69
6048	3.59
13018	4.38
11197	3.3
2975	3.55
6309	4.52
11562	2.5
4154	3.77
2795	3.88
11195	3.71
7940	4.16
3996	1.9
7344	3.62
7455	3.98
502	2.7800000000000002
10970	3.12
10350	3.14
6343	3.93
7486	2.26
14643	3.4
3679	4.11
10525	3.4
10088	3.83
12900	4.24
970	4.44
4943	3.5300000000000002
10510	3.35
1194	3.66
4940	3.61
11991	1.75
12117	4.78
5801	4.07
1696	3.38
10939	2.75
10252	3.04
4836	4.15
1338	4.6
2792	3.6
3904	3.36
7756	4.29
6733	4.3
959	3.55
12086	3.68
10831	2.7199999999999998
3320	4.57
10285	3.73
9714	4.33
1011	3.92
10507	4.05
10854	3.83
2641	2.83
11868	2.63
4500	5.0
1322	3.4
5607	3.47
15810	4.48
4002	3.25
9551	3.59
16114	1.32
10703	3.17
11548	4.09
2982	3.05
2898	3.42
6559	2.69
1681	4.48
5097	3.71
7878	4.42
15881	3.45
14217	2.59
14275	3.68
2576	3.48
12628	3.81
15303	3.34
11469	2.45
2451	4.08
528	2.9
15915	2.84
1814	3.42
4862	4.5
14989	3.62
3431	3.22
15801	3.9699999999999998
2938	3.12
2630	4.14
1843	3.2
13061	4.05
4550	2.7
1574	2.56
1941	4.48
14541	4.71
9295	3.8200000000000003
12993	4.57
2117	3.5300000000000002
15164	3.2800000000000002
16200	3.43
14640	1.48
8647	4.27
1589	3.0
13469	4.0
13328	2.12
4682	3.02
4180	1.76
11739	3.87
12307	3.63
4696	2.64
14052	2.41
2915	4.21
6640	3.87
10125	4.26
2831	2.35
13617	4.16
11801	4.34
11782	3.32
1519	4.18
852	4.0
13282	3.58
13479	3.77
16373	3.9
13624	4.19
8784	4.54
5604	1.88
2799	3.37
14548	3.37
15587	4.32
4887	3.89
8	1.5899999999999999
12388	3.2800000000000002
12494	2.38
6543	3.85
13482	3.24
1587	2.15
5745	3.65
5699	3.2
11824	3.64
7407	4.2
12234	3.26
6360	3.08
13959	2.3
15213	3.13
15929	2.86
2423	4.25
14036	3.16
5525	3.62
8416	3.63
6776	3.88
15522	2.48
10193	2.81
1211	3.96
3994	2.8200000000000003
9596	4.13
12288	4.28
16152	3.7800000000000002
10926	4.2
450	3.96
16	3.08
2547	2.83
14913	3.35
3387	4.22
13975	3.93
1790	3.67
8811	3.75
4955	3.1
1527	2.7
11115	3.83
1805	4.5
16528	3.8
5875	3.06
7389	2.81
1964	3.61
6824	4.58
7777	4.45
12692	3.93
12286	2.44
13523	3.4
12577	3.85
2879	3.8
5984	3.09
654	3.58
10712	3.76
7121	3.71
3791	3.45
687	3.56
10514	3.64
3861	2.7
2935	4.36
10210	4.36
7173	4.17
3046	3.24
13315	3.02
6508	3.42
1714	2.24
1243	3.9699999999999998
11880	3.98
10711	4.08
11518	4.41
1958	4.41
8898	3.71
3360	3.69
14376	2.96
12931	1.85
2640	3.77
3639	4.86
13510	1.96
4752	4.67
8016	3.35
3344	3.14
3000	3.33
3966	4.69
16320	3.18
8824	3.76
8349	3.95
4214	4.25
15369	2.09
4001	4.32
8764	3.21
10857	2.68
776	3.63
7928	2.81
590	1.97
10153	3.8200000000000003
11992	3.36
15937	3.04
3281	4.0
9337	4.73
3254	4.36
8327	3.7199999999999998
3055	3.43
8044	3.26
16533	2.87
3132	2.7
2548	3.8200000000000003
9466	4.09
14400	3.4
11676	3.7800000000000002
14005	4.52
631	4.05
1912	3.33
2353	2.56
13911	4.67
10991	3.38
16262	4.35
8330	3.52
6574	5.0
1687	3.14
8335	3.86
1266	4.25
9809	3.7800000000000002
8294	1.76
3469	3.51
8613	4.32
6234	4.52
8225	3.22
2959	4.17
5270	3.58
12650	4.15
4653	4.62
4237	3.54
13781	3.5
8281	4.59
8542	3.79
16203	3.9
14886	2.79
6952	3.74
366	3.73
9381	4.04
4326	4.47
7711	2.84
14767	3.39
3235	2.29
5991	2.44
5560	4.06
6702	2.68
13407	3.66
15976	3.12
15228	4.89
2750	5.0
4702	3.62
4510	2.9
11051	3.15
10560	4.07
12163	4.52
5772	5.0
6630	4.14
12128	2.88
5808	4.26
5245	4.61
14851	4.0
10234	3.0
10134	3.65
15067	2.93
5729	4.17
9000	2.76
12573	4.73
544	4.33
10511	2.93
15555	4.6
11919	4.35
11239	3.31
15509	4.53
9997	3.55
12407	2.23
13694	4.51
12199	2.41
15106	4.74
14765	3.94
9719	1.48
3426	3.5700000000000003
14078	3.56
8998	3.93
4664	3.23
12517	3.95
4371	3.35
12051	4.88
2196	4.37
5992	2.71
4732	4.29
1282	3.81
5090	3.22
1261	4.41
13024	3.92
6981	2.95
3141	2.5300000000000002
3888	4.1
11463	4.39
3507	3.04
10152	2.05
9275	4.5
10818	2.08
9739	3.73
14313	3.83
4706	3.41
5305	4.5
4441	1.78
785	4.57
5589	2.68
13612	3.48
16109	3.86
13819	3.12
11853	3.18
15698	2.54
9517	4.47
11151	2.74
6633	3.23
10223	3.73
5769	2.68
2047	3.13
5427	3.24
13929	4.0
12383	4.11
10419	3.47
6082	4.2
10181	2.59
16490	4.86
5865	2.77
2310	3.63
16412	3.7199999999999998
12770	3.81
14798	3.58
4244	4.5
6378	4.58
14633	2.86
892	3.7800000000000002
3833	4.36
667	2.64
4121	3.8200000000000003
12741	4.5600000000000005
10804	4.33
7241	5.0
8633	3.87
9147	3.68
1981	3.4
11959	3.9
14180	3.31
13601	4.15
12505	3.26
8934	3.43
4324	2.26
7205	2.96
1781	3.79
4709	5.0
6549	3.5300000000000002
8697	3.27
2929	4.15
8595	4.4
14068	4.33
12241	4.47
15959	3.38
9808	3.42
13430	3.64
14199	4.47
14054	4.17
5281	1.45
7361	2.27
15823	2.43
16265	4.3
11275	2.71
3319	4.89
9924	3.88
3795	4.25
6084	3.0
5395	3.36
4068	4.8100000000000005
13677	4.07
13365	3.85
9825	3.87
1792	2.76
15768	3.7800000000000002
9821	2.33
2411	3.88
2911	3.63
13812	3.19
13042	2.84
1771	3.89
4254	2.63
1212	2.88
346	2.35
2587	3.38
14944	4.2
14447	4.0
4809	3.39
15233	3.62
4558	3.31
5687	3.98
13635	4.14
10430	4.67
16292	3.38
14926	2.81
15730	3.13
13699	4.1
11056	3.87
12409	4.23
12149	2.49
15450	3.74
11682	4.1
7930	4.27
12836	4.07
1822	4.06
336	4.04
8959	4.38
14667	2.44
4639	2.21
4351	3.79
12249	3.41
2933	4.74
11558	2.66
4325	3.7800000000000002
6257	4.35
9583	3.09
8686	4.18
5020	5.0
2161	4.36
4555	3.03
11554	4.18
4475	2.88
867	2.06
256	3.4
7819	4.88
620	1.3900000000000001
12811	2.52
2312	4.67
14709	3.8200000000000003
6880	2.5
11938	3.81
7722	3.56
7220	2.64
11768	4.67
1858	4.14
7513	3.8
293	3.93
14452	3.4
10407	3.56
10521	3.39
15214	4.31
7679	3.11
15840	1.88
2183	2.1
5049	3.27
9399	3.91
15000	3.43
3964	3.96
3871	4.28
3245	1.8399999999999999
2178	4.73
16397	3.42
11841	4.41
12792	2.44
6507	4.17
2010	3.41
12169	3.37
5359	3.64
3537	3.64
5130	4.17
1962	4.13
1299	4.04
3441	1.72
1147	3.92
10157	4.3
15726	3.25
1799	3.98
3066	4.75
6273	2.63
10017	3.86
3004	3.32
14582	2.2
12768	4.25
741	4.07
13815	3.7199999999999998
9419	3.0
2595	3.5700000000000003
603	3.71
14900	3.71
14278	4.26
8950	3.27
9144	3.71
10482	3.3
221	3.41
853	3.5
16435	4.0
13849	3.26
14978	2.17
13892	3.64
10680	3.98
1182	3.88
1416	2.98
1802	3.43
15422	4.14
711	3.9
12914	3.95
4782	4.39
13194	3.88
11989	3.5300000000000002
2266	4.29
4946	4.0
9339	3.69
6786	3.87
10744	3.13
6821	4.15
223	4.0
181	3.22
9392	3.29
10897	4.09
12998	4.14
1531	4.0
2210	3.89
1374	4.14
9731	3.9
10667	2.96
14081	3.69
374	4.02
2774	3.54
1103	4.29
2968	3.98
11689	4.06
15016	3.07
3725	4.28
11995	3.92
6663	4.03
4267	3.84
11800	3.68
2971	4.22
14527	3.7199999999999998
5783	3.9699999999999998
11266	3.7800000000000002
13890	4.12
13027	4.15
3587	4.24
7708	4.09
7268	3.76
8431	4.5
9680	3.46
1403	3.59
6502	3.11
9865	3.46
12683	4.3
16124	4.68
5782	3.7800000000000002
11381	4.22
8735	3.9
11129	3.7800000000000002
14801	3.74
9223	3.59
1844	3.61
13915	3.63
12840	3.3
11901	3.94
15190	4.0
7283	3.47
2724	4.05
15457	3.54
14212	4.14
9534	3.85
1548	3.5300000000000002
2383	3.96
287	2.83
14369	4.23
3825	3.61
8675	3.0
4252	3.45
2984	4.23
13586	3.71
13188	3.65
4197	3.96
4645	4.0
1443	4.17
913	3.71
527	3.68
5500	4.06
12895	3.85
8187	3.89
10746	4.74
3243	4.14
4663	4.0
1562	3.2800000000000002
814	4.17
2039	3.75
2015	3.92
9990	4.55
4206	3.7800000000000002
3960	4.16
7015	3.88
9327	3.73
4763	4.0
818	3.27
11374	3.84
8424	3.84
283	2.96
255	3.75
4766	3.95
4266	2.88
7512	3.44
13659	3.94
12950	3.71
15792	3.22
16151	4.05
8596	4.14
3052	3.39
2734	3.26
14652	3.23
11352	4.55
8054	3.44
8014	3.11
16504	4.06
13223	4.82
10033	3.71
14586	4.52
16288	3.92
4279	3.2800000000000002
3298	3.9
11418	3.9
5102	3.95
2119	3.49
443	4.51
13388	3.22
6900	3.13
11320	3.83
10106	4.35
14296	3.18
6073	3.64
2764	4.43
13788	4.39
3041	3.45
5799	3.5300000000000002
5533	3.58
12539	3.7
7441	4.25
10235	3.76
15461	4.09
8497	3.81
8856	3.54
4553	4.02
708	4.12
12134	3.8200000000000003
1505	3.93
237	4.3
357	4.44
14511	4.02
6664	3.96
15814	3.32
4331	3.04
6443	3.86
10086	4.26
8466	3.91
10924	4.14
6345	3.69
10233	4.32
4307	3.84
5651	3.0
2558	3.7800000000000002
14587	4.34
960	4.22
9716	4.07
10743	3.45
12054	3.52
16047	4.0
11529	3.64
1474	3.55
3729	3.77
339	3.18
5909	2.08
14576	3.84
4084	3.08
8732	3.65
5725	3.62
14903	3.84
4640	4.05
12616	4.19
8982	3.83
9359	3.63
7581	4.61
15963	3.83
12393	4.16
8037	4.06
11064	3.33
481	3.93
5283	4.18
14677	4.28
629	3.77
13810	3.85
12018	4.08
9246	3.81
10273	4.44
5415	3.89
3573	3.58
12793	4.76
6960	3.8
2876	2.67
5718	3.73
13108	3.91
14159	4.06
3813	4.17
12493	4.68
9624	4.12
11856	3.84
15021	4.23
3799	3.69
15095	4.09
11512	4.18
11274	3.3
4079	3.7800000000000002
3128	3.7
9980	3.92
206	3.66
3274	4.49
4230	3.71
16060	3.7800000000000002
10291	4.17
841	4.17
5086	4.0
3851	3.33
2121	3.14
10855	3.89
14735	3.52
6422	3.71
11747	4.1
12726	3.6
11368	3.81
14761	4.67
8979	4.15
5806	4.67
16232	3.64
3095	3.44
3642	4.38
8993	4.07
4139	3.63
1195	4.0
12924	3.9
12909	3.92
14546	3.77
16129	3.49
1842	3.61
3765	3.8
11201	2.2
675	4.33
11696	3.91
1913	4.03
3115	4.4
12050	3.7800000000000002
12996	4.78
6414	3.95
7788	3.9699999999999998
11354	4.34
4875	3.29
12121	4.24
13028	3.0
3067	3.85
6567	4.12
1196	3.7
418	4.41
6930	3.38
4295	4.16
11530	4.2
1360	4.14
10459	4.21
3971	3.58
4931	3.36
8052	3.85
11444	3.79
4948	4.15
7684	4.28
3943	3.67
4724	3.89
9726	4.53
9020	4.05
8903	3.75
9989	3.98
719	4.18
15385	2.32
10490	4.19
12221	3.66
14431	3.63
1892	3.8200000000000003
10077	2.96
4215	3.93
10044	4.88
4380	4.46
14476	3.88
4796	4.28
10908	3.91
3676	3.19
14639	3.94
14882	3.86
3036	2.9
8865	4.32
1413	4.0
10082	3.74
14364	3.7199999999999998
15582	4.14
9497	3.2800000000000002
15983	3.34
9267	4.28
10902	4.23
12984	3.93
2160	4.03
917	3.64
7621	3.85
7609	3.98
2777	3.43
9511	2.94
9536	4.27
1582	3.68
7705	3.21
5405	3.39
11140	4.1
10779	4.32
13155	4.07
3240	4.08
11007	3.93
3837	3.52
3654	4.15
10016	4.35
9252	3.95
15690	4.22
2243	3.99
956	3.73
11509	4.36
10269	3.98
10710	3.35
11132	4.3
14504	4.26
13746	3.83
2167	4.34
11148	4.0
15093	4.37
14362	3.37
15440	4.06
15273	3.8
7544	4.2
8151	3.83
15819	3.62
15111	4.19
10198	3.7
828	4.89
12159	4.03
2092	4.35
16055	4.04
5794	4.09
5050	3.91
359	3.81
1062	3.24
4718	3.94
1098	4.03
11379	3.96
554	3.6
15869	4.0
3915	4.15
8493	4.22
4824	4.0
9158	4.35
15010	2.92
9627	2.38
11673	4.61
11595	2.98
3445	3.8
2179	4.24
13703	3.9699999999999998
9875	2.84
2132	4.25
6741	3.76
8628	3.61
10543	4.29
11580	4.5
6402	4.09
8921	3.69
8399	3.8
4183	3.64
10027	3.9
15096	3.9699999999999998
1922	3.58
15640	3.61
2977	4.03
12978	4.49
4918	3.7
8003	3.9
4219	4.28
1588	4.72
7641	4.33
13700	4.14
4587	4.27
7649	3.31
6984	4.29
1303	3.21
11497	3.71
14864	3.5
10849	4.2
8429	2.75
2019	3.0
7191	4.23
6659	3.14
7313	4.05
14829	3.99
15964	4.42
392	4.17
11143	4.4
8888	3.77
14769	4.35
10783	3.61
7368	4.03
3782	4.0
6335	3.7
8198	4.02
11087	2.74
16374	3.61
11427	3.1
11248	4.7
727	3.38
3261	2.74
6179	3.31
7639	1.13
2133	3.4
7469	4.04
15032	4.0
15226	3.5700000000000003
10337	4.04
13090	4.37
3257	4.9
1693	3.63
721	4.14
13070	2.85
1995	4.16
6221	4.0
14805	4.52
1831	3.8
4698	3.81
535	3.96
6617	4.89
7537	4.61
7956	3.77
2872	4.03
2678	4.03
15873	4.19
3144	3.77
2684	4.0
9798	3.79
16237	3.39
9005	3.5
14597	4.58
10265	4.88
1679	4.42
14498	3.51
15560	3.89
7728	4.28
12722	3.5
6130	3.03
3331	4.29
9819	4.21
6881	3.81
14507	4.43
961	3.62
12120	4.06
4577	3.42
6147	3.88
6418	4.18
14177	3.71
9576	3.7800000000000002
11023	3.36
8279	3.9699999999999998
2698	4.92
3082	4.48
4066	3.6
3942	4.37
6946	3.95
2111	4.6
14812	3.92
8642	4.19
15210	3.84
241	4.75
497	4.92
1886	4.14
9665	4.61
6380	3.06
7804	3.29
1424	3.9
10020	3.35
4599	3.96
2677	3.37
12603	4.3
6477	2.48
8318	4.18
7631	3.96
12641	3.96
10451	3.94
3345	3.92
12477	4.41
2177	3.42
11752	4.5600000000000005
15549	4.25
5486	4.07
4193	3.7
16329	3.77
15533	3.58
9950	3.39
16240	4.06
7448	3.59
1905	3.69
9070	4.1
3397	3.98
0	3.11
11390	3.59
14229	3.33
9656	3.93
16471	3.76
6190	2.89
4594	3.89
12257	4.5
12750	4.07
12547	3.93
14220	4.53
625	4.2
5862	4.03
3318	3.7800000000000002
7834	3.54
7264	4.22
15985	5.0
3458	3.77
5528	3.45
14509	4.31
6764	2.95
9340	3.33
14238	4.34
7997	4.09
13535	3.93
10664	3.98
3956	3.48
14719	4.15
11494	4.62
13233	4.58
3305	3.39
6685	3.67
16179	4.19
2688	3.43
12716	4.04
2255	4.5
1648	3.68
13844	4.68
2867	4.13
14554	3.64
1486	4.0
396	4.18
12746	4.07
3580	4.11
13628	3.77
2536	4.36
10351	4.29
2626	4.17
6107	3.0
1873	3.95
9722	4.8100000000000005
699	4.1
8545	3.69
2914	4.17
4714	4.63
15384	4.55
8451	3.4
12934	4.33
15562	4.27
927	2.9699999999999998
3178	3.92
10656	5.0
9959	4.21
4033	3.88
12148	3.25
1946	4.36
9651	4.09
5968	3.37
3756	4.11
4572	3.39
15220	3.67
13731	4.06
4565	3.94
1759	3.52
12715	3.75
12799	3.9
12939	3.4
6681	4.14
7575	4.29
4701	4.18
3673	3.76
5476	4.19
16201	4.31
13437	3.46
2923	4.03
8563	3.26
16462	3.8
14018	4.19
15288	3.76
12352	4.2
7244	3.37
6080	4.79
6634	3.45
756	4.26
1988	3.21
10344	3.6
15183	3.84
3452	3.93
5325	3.25
10575	3.54
15398	3.75
13674	3.47
12509	3.64
7106	3.84
13992	4.25
8937	4.18
1954	4.26
16030	3.63
10110	4.45
8034	4.1
8860	3.96
11837	3.04
6944	4.13
12640	4.15
9464	4.31
707	3.55
13431	4.12
5613	4.15
7924	4.01
13232	3.39
16164	3.63
4453	4.8
16087	3.75
14197	3.91
4255	3.9699999999999998
14059	3.9
4108	4.63
1801	3.69
9155	3.95
7821	3.84
5113	3.42
11640	4.05
15500	3.7
2976	3.62
646	3.38
7618	3.77
3167	3.9699999999999998
13921	3.36
6815	4.14
14427	3.49
483	4.21
8146	3.85
5489	4.64
13944	2.15
6351	3.42
15040	3.74
10597	3.89
11954	4.36
16419	3.73
10905	3.61
14024	3.37
11262	2.39
3094	4.07
2290	3.73
12314	3.75
6678	3.86
7169	3.14
636	3.89
3308	3.5700000000000003
14740	4.26
9929	4.41
379	4.37
3812	3.9699999999999998
3963	3.5
4842	4.0
15568	3.69
8656	3.84
4477	4.18
11896	2.83
10294	4.36
9430	3.86
4499	3.75
9087	3.7199999999999998
7091	3.48
2701	3.69
15660	3.44
13087	3.8
14631	3.94
6188	4.16
8836	3.24
7589	4.23
13990	4.86
7971	3.35
16524	4.02
11203	3.63
408	4.85
14148	3.55
4974	4.27
11981	4.18
12932	4.36
3309	4.06
3817	3.44
4318	3.5
5241	3.5300000000000002
2280	3.42
5840	4.2
3787	4.32
7495	4.41
9594	4.38
2251	4.15
8667	4.41
7426	3.81
15887	3.93
12958	4.18
4779	3.7800000000000002
831	4.25
11468	2.62
10305	4.13
3538	4.2
9813	3.7
14214	3.5300000000000002
148	3.81
14672	3.54
3446	4.22
11085	3.42
8148	4.32
8573	4.28
11054	4.0
10052	3.81
5758	4.33
15999	4.29
3794	3.59
431	4.22
677	4.84
15604	3.81
12011	4.28
15787	3.44
664	4.5
11272	3.7199999999999998
11772	4.51
11882	3.35
2100	3.16
15282	4.8
3447	4.09
8655	3.98
11309	3.5300000000000002
9514	4.25
15665	3.61
14567	3.47
14105	3.89
14051	4.33
6300	4.46
9149	3.92
4997	4.15
4071	3.8
7895	3.73
6	4.5600000000000005
2445	4.02
11303	3.86
14908	4.13
9939	3.45
10791	3.2
5330	3.74
6796	4.24
11934	4.8100000000000005
16534	3.87
1989	3.36
4547	3.75
1197	4.74
9908	4.15
8112	4.15
2733	4.07
16413	4.03
12219	3.03
6754	3.32
15123	3.96
7743	3.59
12088	4.08
6216	3.88
10892	3.07
1697	2.64
16213	4.44
1208	3.94
9503	3.02
475	3.9699999999999998
16017	2.5700000000000003
5655	3.74
2860	3.41
2850	4.07
3647	3.07
6892	4.41
429	4.74
1484	3.64
10754	4.64
9868	4.39
15165	4.52
3870	4.43
661	3.8200000000000003
13931	4.27
3801	3.21
1159	4.0
13737	4.21
771	3.7
10155	2.92
11816	4.27
3750	3.89
9084	3.74
6314	3.55
8666	4.15
11895	4.0
4010	4.76
6941	4.14
3373	3.71
15411	2.86
14361	3.62
2265	4.38
7	4.13
1252	4.14
14049	3.71
14884	4.91
2339	4.31
3847	2.56
10422	4.26
15038	4.04
1881	3.27
7959	4.11
7500	3.39
7081	4.85
3968	4.08
1447	3.88
9274	3.74
7995	3.87
11734	3.27
12276	3.85
8115	3.73
11332	3.88
4402	2.36
3366	3.96
9230	3.3
11066	4.37
1672	3.15
9501	3.6
12048	4.43
7474	4.5
11350	3.48
8843	3.88
6889	4.33
15649	4.69
5392	4.5600000000000005
12371	4.64
12943	3.76
5280	3.64
4858	3.46
8966	3.15
13101	4.26
3483	4.1
12597	4.15
24	4.38
2705	4.14
7607	2.79
16447	4.45
8445	3.8
8292	4.5600000000000005
4574	4.07
4681	3.75
4580	4.37
10220	4.06
14000	4.74
8631	4.73
13541	2.73
4844	4.13
1427	3.83
5035	3.19
15688	3.51
2170	3.87
8679	4.35
4493	4.26
10870	4.39
7690	4.1
7969	3.68
14039	4.38
6276	3.74
8577	4.21
16308	4.42
6031	3.01
9783	4.43
11952	4.07
6425	4.17
2518	4.3
3952	4.01
8339	4.77
2853	4.41
11763	4.43
2079	3.92
15419	4.52
14655	2.38
11958	3.62
14787	3.76
7977	4.06
12100	3.91
3566	3.2
16398	4.13
11489	4.15
282	4.27
10262	4.45
7922	4.13
9778	4.44
11359	3.25
10985	4.1
9310	4.61
9089	4.82
2667	3.77
7827	4.16
14042	4.41
1064	4.12
4889	3.96
14266	4.5
9999	4.34
14019	3.71
9577	4.1
6669	3.67
10599	4.31
6268	3.39
7630	3.64
11614	4.18
8140	3.3
15907	4.48
16303	3.98
13256	4.18
10687	4.04
1850	4.09
10775	5.0
14461	4.18
2939	4.09
7112	3.98
8752	4.59
2058	3.94
13884	4.4
8815	4.62
13039	4.09
10221	4.43
6834	3.67
8474	3.61
11591	1.44
7747	4.17
14529	4.31
2431	4.32
11137	3.9699999999999998
614	3.29
6428	4.1
5365	4.37
15376	2.04
3946	4.16
10179	3.64
7549	4.34
15716	4.55
8452	4.43
203	3.65
7149	3.63
10657	4.36
5157	4.16
4420	4.38
9293	3.81
12345	4.28
634	4.35
3291	3.84
15308	3.6
4418	3.98
15867	4.1
11920	3.98
15991	4.55
8684	4.03
6472	3.31
7278	2.77
11894	3.67
13783	3.85
7677	4.61
7251	4.14
1320	4.21
9595	4.69
3697	4.2
5561	4.18
10431	4.23
8511	3.21
15436	4.14
14280	4.76
4444	3.67
3740	4.48
13319	4.05
8232	2.3
15073	3.93
2916	4.79
10415	3.71
16456	3.98
13508	4.16
10865	4.32
12434	4.82
7060	4.22
4223	4.23
2741	3.69
4799	4.69
5138	2.5700000000000003
12170	3.13
641	4.07
5724	4.21
4774	4.12
1277	4.27
5623	3.87
3278	2.86
6538	4.26
673	3.71
13005	4.72
153	4.36
13393	4.04
10966	3.89
9428	4.87
15977	4.46
6211	4.33
10079	4.19
11933	3.38
11314	4.43
1677	4.18
6490	3.49
9370	4.31
3631	4.39
6331	1.26
15936	4.19
10159	3.64
14853	4.43
1491	3.67
2526	3.7
14513	4.31
3107	4.53
8792	4.17
10295	3.7800000000000002
5191	3.42
975	4.41
16209	3.83
8262	4.59
395	4.19
16535	4.5
13356	4.31
12492	2.73
12859	4.67
5900	2.27
12854	4.67
78	4.21
10416	4.19
5707	3.52
7451	3.83
9180	2.91
9196	2.73
14473	3.52
14328	3.81
572	4.5600000000000005
2690	4.59
4652	4.29
416	4.38
7439	4.77
12718	4.16
5485	3.63
15143	5.0
613	4.58
2207	3.7199999999999998
8552	4.68
1884	4.12
7204	3.81
10674	4.29
3800	4.34
10071	3.88
420	4.2
9585	3.95
12468	3.62
2337	3.64
16424	4.08
15798	3.47
15806	4.09
15566	4.34
1750	4.18
16441	4.4
3068	3.75
14109	3.46
389	4.4
10014	3.6
5322	4.46
5847	3.88
10021	3.54
2740	3.21
10274	3.4
13993	4.6
9752	2.16
823	4.08
15451	4.33
5252	4.36
2186	3.49
4644	3.94
1459	3.58
9521	3.91
8087	4.18
4301	3.25
16069	3.93
13830	4.79
12956	4.2
1050	4.28
15380	4.86
5986	4.0
6539	4.17
1310	3.7199999999999998
14255	4.57
1630	3.69
12443	3.63
3802	4.26
1532	4.13
12213	4.32
816	3.07
9957	4.21
3035	4.8100000000000005
11691	3.8
4290	3.63
8193	3.81
1236	4.1
12087	4.3
9811	3.9
9953	3.94
16037	4.09
3208	4.31
15528	4.75
10258	4.07
3781	4.86
3084	4.71
5691	3.99
2000	3.26
9349	4.07
7098	4.59
7612	4.25
12382	3.88
588	4.0
5958	4.37
16275	3.77
6495	4.64
5815	4.05
4776	3.88
4236	2.91
8389	4.24
5944	3.99
10114	4.03
3922	4.14
8159	4.13
3532	4.14
6966	3.17
3767	3.94
4561	3.64
16425	4.2
1591	3.6
6017	3.81
3147	4.57
5293	4.37
942	4.49
1986	4.33
11892	4.8
4692	4.19
3536	3.7199999999999998
8345	4.83
6370	3.95
444	3.9
10868	1.9
1342	4.41
4256	4.37
13487	4.11
2669	4.5600000000000005
3604	4.75
13867	4.5
9853	3.69
15017	3.62
8233	3.25
7859	4.71
2146	4.09
6176	4.44
5866	4.7
13080	3.21
12026	4.47
10224	4.41
11886	3.91
14421	4.32
14444	4.35
996	4.41
15796	3.88
6719	4.15
3585	4.2
8204	2.24
15989	3.37
6524	3.0
4512	2.98
10540	4.35
7053	4.29
13167	4.0
2284	3.83
14268	4.14
2731	4.21
3388	4.49
14839	3.08
7353	3.55
8831	4.19
12269	4.43
10757	4.83
284	4.48
5366	4.06
5083	4.69
15064	4.51
11226	4.01
7145	4.8
4815	4.0
16448	4.03
6789	3.24
9982	3.66
8813	3.79
5114	3.85
12247	3.99
8885	4.2
14090	4.43
8035	3.63
10075	3.7800000000000002
4065	4.2
6498	4.07
6478	4.49
6224	3.96
2607	4.18
52	3.95
2268	4.05
12059	4.21
2106	4.27
13714	4.58
7484	4.5600000000000005
8987	4.2
3775	4.49
16386	4.22
695	4.02
11019	3.71
15227	4.32
6244	4.15
16542	3.81
7331	3.91
2780	3.6
13	3.47
16503	4.3
7767	4.37
12872	4.73
7779	4.32
3882	4.14
16005	4.22
6901	3.5700000000000003
11104	4.05
12007	4.35
11319	3.8200000000000003
3195	3.02
15324	2.54
6427	4.19
1249	4.43
5448	4.12
11642	3.67
862	4.18
13398	4.2
11887	3.7800000000000002
5179	3.76
2646	3.95
4199	4.22
12299	4.26
7400	3.48
5805	3.93
5793	4.97
11909	4.64
6077	4.06
2361	3.52
9962	4.14
8309	3.7800000000000002
5825	3.79
2433	4.29
10683	4.52
3460	3.66
1488	4.29
10734	3.71
6424	4.5600000000000005
526	3.4
14975	2.6
15529	4.36
16157	3.42
13889	3.9699999999999998
5294	3.24
14252	4.01
1977	3.46
13189	4.18
15112	4.16
12165	4.15
5296	4.18
8847	3.83
10624	3.33
14532	4.16
3495	4.28
1076	4.32
5892	4.74
5583	3.67
14191	3.81
1053	4.39
5510	3.12
9563	4.17
6763	4.33
8381	4.44
5775	3.42
7387	3.7800000000000002
16024	3.0
5796	4.47
13753	4.33
2966	4.69
15764	3.92
14377	3.16
14256	3.73
877	4.57
811	4.55
8083	3.91
8174	3.69
7593	4.52
3117	4.14
5115	3.37
3709	4.16
15072	4.4
10290	4.04
1391	4.12
5685	3.35
7746	3.93
16427	3.41
10384	4.65
8185	4.86
6696	3.27
16057	4.47
9970	3.93
3191	2.92
5066	4.8100000000000005
1669	3.86
9228	3.88
5247	3.44
6906	4.08
13857	3.26
13260	3.38
424	3.79
6249	4.13
5170	4.01
7318	4.29
2099	3.67
7350	3.62
14985	2.9699999999999998
6368	4.27
6149	3.89
9732	3.5
5982	4.95
12479	4.63
7203	4.52
13240	4.49
11600	4.22
14825	3.58
16506	2.6
609	4.79
15176	3.86
501	4.05
170	4.0
13434	3.88
8020	4.07
8265	4.0
2957	3.96
11500	4.27
9965	3.13
11050	4.35
2315	3.39
1585	4.11
7983	4.33
9297	3.08
15158	4.09
8972	4.5600000000000005
2885	3.67
9984	3.94
6266	2.7
14539	4.54
11079	4.34
11393	4.08
739	4.19
8568	4.17
10347	4.0
10003	4.24
14114	4.85
12507	3.36
11459	3.73
5839	3.74
3846	4.54
11128	4.2
2204	4.36
9773	2.96
3072	3.45
987	4.25
15961	4.61
4157	3.19
11946	4.65
3735	4.32
5721	3.7800000000000002
4769	2.35
1430	3.85
2762	4.02
10365	1.1400000000000001
14388	4.35
16429	3.26
1291	4.5
14127	3.3
8772	3.93
6453	4.3
5678	3.69
14408	4.7
9309	3.2800000000000002
7435	2.94
6139	4.12
6008	3.75
11556	3.15
11851	4.5600000000000005
12342	4.17
6242	4.45
5753	4.45
6239	3.68
11070	4.0
5549	3.69
3194	2.81
3392	4.33
10825	3.09
5768	3.32
9356	3.51
9272	4.41
16255	3.84
5209	4.68
15767	4.47
15018	2.91
4232	4.28
3172	3.9699999999999998
3945	4.53
10965	4.1
3244	3.29
15988	3.32
2024	4.48
12788	3.71
5577	4.13
7509	4.34
7365	4.73
8509	4.12
936	3.7
10232	4.79
12551	3.89
770	4.14
8696	3.81
11943	3.95
6734	3.98
9725	3.8
12995	4.23
3783	4.76
6094	3.45
12255	4.16
5291	3.68
14516	3.5
1786	4.07
4411	3.81
5463	4.31
11505	4.26
4462	4.29
896	4.33
2376	4.1
8411	3.68
16298	4.58
13999	3.14
14071	4.5
11953	5.0
9943	3.85
1231	4.5600000000000005
11284	3.75
13534	4.8100000000000005
11426	2.83
13877	3.16
3356	4.53
13588	4.39
12748	4.47
7553	4.18
15170	4.7
13153	3.47
13750	4.01
5788	4.18
16519	3.4
4336	3.61
15536	4.45
16492	3.91
13228	3.84
7254	2.81
7783	3.87
7682	1.87
11477	3.81
5512	3.77
6704	3.21
5836	4.43
12140	3.27
15657	4.35
7038	4.03
4967	4.12
1502	3.13
5148	4.79
8311	4.74
10479	3.89
10950	1.5899999999999999
9258	3.81
10881	4.23
3031	4.2
13782	4.71
14848	4.43
122	4.19
13730	3.18
6827	1.79
1464	4.37
13003	4.34
6125	4.58
545	3.79
3603	4.46
14046	3.81
12357	3.96
6782	1.38
12268	4.44
12709	3.93
761	4.29
7919	3.9699999999999998
12589	4.46
9690	4.17
1809	4.34
15891	3.9699999999999998
10222	4.0
762	2.8200000000000003
2756	3.48
1020	3.96
1043	4.26
6109	4.34
11488	4.21
2323	4.61
9459	4.24
13004	4.12
2686	4.34
6021	3.51
14943	3.94
9938	3.94
9634	3.63
7605	2.64
5503	3.75
13749	3.6
16172	3.71
5637	4.59
3722	3.7800000000000002
10341	4.53
9245	4.63
5390	4.02
6322	3.51
9555	3.88
13547	3.7199999999999998
10208	4.32
9226	3.88
1421	3.43
7872	2.26
3513	4.27
2113	2.66
3321	3.84
13719	3.69
13723	4.58
9918	4.17
4398	4.08
2622	3.64
4454	3.94
5362	4.43
4847	4.12
7390	4.44
3380	4.46
6087	4.36
2755	4.19
11831	4.0
15484	4.24
13273	3.77
16182	3.55
10980	3.7800000000000002
14899	3.52
9110	3.66
15515	3.69
15750	3.2800000000000002
759	4.0
15838	4.21
12105	3.25
3648	3.7800000000000002
2120	1.47
13991	2.14
8302	4.6
11604	3.29
11260	4.6
822	2.5
14751	3.45
14803	3.95
9301	3.96
13583	3.56
11812	3.64
4748	4.05
15132	4.29
1604	2.8200000000000003
12857	3.59
12437	3.96
4309	3.76
5507	4.38
11570	2.67
2672	4.4
15312	3.91
10029	3.5700000000000003
15766	3.69
13172	4.5600000000000005
16361	4.19
9014	4.73
2396	2.33
7301	4.0
9723	4.68
10571	2.91
3110	4.17
5548	4.2
13483	4.14
4573	4.28
6134	4.48
2456	4.32
11346	3.5300000000000002
11167	3.56
5733	4.97
5545	3.93
6225	4.04
12719	3.76
6940	3.63
12671	4.91
1692	4.38
14762	3.59
2830	4.34
13608	3.94
4467	3.51
11845	4.09
6635	3.61
14014	4.39
9	4.54
16095	4.61
7221	4.45
5469	2.67
2668	4.72
11353	4.5
9299	4.0
347	3.93
7078	3.22
5696	4.54
5275	4.11
13442	3.5700000000000003
2679	2.83
16367	3.88
8303	3.83
13439	4.93
5969	4.55
10919	3.88
1214	4.41
15011	3.92
4216	4.41
8700	2.96
407	3.36
12308	2.45
11293	4.29
16287	3.89
9526	3.9
12796	3.03
13741	4.04
15658	4.52
14745	4.07
10104	3.9699999999999998
12819	4.0
13425	4.73
3820	3.4
3490	3.33
4446	3.6
2570	2.25
16508	3.62
8514	4.45
11025	5.0
14302	4.34
8746	4.35
1247	3.41
5455	3.47
11294	3.79
15699	4.13
15537	3.62
1583	4.0
15732	4.59
5803	4.66
4052	4.78
9668	4.71
12445	3.19
11729	4.69
7274	4.04
13627	3.9
13307	4.17
14991	3.62
12596	2.61
6074	4.05
1063	3.84
2962	2.71
7716	2.87
292	3.81
7865	3.58
2883	3.45
15119	3.8200000000000003
7031	3.86
12794	4.69
15150	2.79
15086	4.21
13940	3.67
8359	4.4
14796	4.93
11356	3.9
7961	3.83
14451	3.63
12129	4.77
1682	4.02
6982	3.38
390	3.29
12592	3.47
10335	4.39
5540	3.9
12275	4.65
3674	4.07
14166	2.67
14087	3.45
986	3.17
5887	3.68
5883	3.75
7497	4.08
3540	4.03
7556	3.7
2552	3.84
15236	4.18
5931	4.08
6054	4.03
14320	3.0
3786	4.38
16365	3.19
14231	3.9699999999999998
16349	3.52
1396	3.22
951	4.5600000000000005
3239	3.59
1979	3.2
11438	3.89
14697	3.83
11957	4.3
13573	4.58
10035	3.26
2811	3.68
11041	3.68
11036	4.38
1662	4.53
9472	4.58
10729	3.89
4891	3.0
9817	4.67
4291	4.19
7017	2.93
7849	4.46
13861	4.67
12727	4.8100000000000005
12954	4.29
3727	2.95
12511	4.14
314	3.85
6575	4.28
3868	3.95
8211	3.48
4822	3.95
262	4.05
16146	3.24
16442	4.15
1078	3.7800000000000002
8326	4.5
11263	3.93
327	4.0
11520	4.27
13253	4.04
11287	3.81
11793	4.37
7096	4.17
14234	4.52
3214	4.38
4904	4.02
5496	3.89
9207	3.86
161	2.55
9686	2.34
9023	4.74
3450	4.79
10647	4.38
8854	2.37
4330	4.17
12444	4.0
2943	4.37
2770	3.91
14192	2.41
12364	3.52
2390	4.19
1827	2.41
15595	3.86
328	4.62
53	4.59
13584	4.1
14417	4.44
9591	3.93
6173	3.87
7901	4.51
1778	1.5899999999999999
14047	4.45
6167	4.47
2343	4.03
5559	3.86
15962	4.3
13127	3.59
10839	4.32
4167	4.44
5585	3.74
16192	3.44
7564	3.89
10362	3.95
8846	3.44
8215	4.35
10325	4.0
12947	4.09
7718	4.3
13734	3.42
9519	2.5700000000000003
1575	2.88
6793	4.41
3123	3.9699999999999998
13920	4.41
9740	4.07
6361	4.06
2241	3.38
9034	4.93
4893	4.39
5933	4.25
16220	4.57
9377	4.95
13033	3.68
13001	4.14
2956	2.5300000000000002
1723	4.2
10162	4.09
10327	4.52
9759	4.68
14067	3.55
13014	3.69
4312	4.36
294	4.36
7456	4.6
3745	4.0
5494	4.08
7774	4.47
1007	3.47
11566	4.4
6951	4.12
15870	3.81
15167	3.34
12516	4.29
880	2.63
3439	4.7
8960	3.1
2159	4.58
6980	3.38
7352	4.37
12609	4.59
14606	4.05
9907	3.9
13204	3.6
16016	4.06
2822	4.42
6461	3.21
10817	4.68
10508	3.7800000000000002
11579	4.34
11435	4.67
15280	1.8900000000000001
1417	2.64
8565	4.8
10468	2.71
943	4.55
12450	4.03
9190	4.09
5927	4.85
15606	4.51
15772	4.21
9789	4.5600000000000005
10487	3.47
15098	4.6
15026	3.2800000000000002
12678	4.27
2797	4.0
6706	3.79
16284	3.9
11196	4.03
3534	4.59
10212	4.0
4894	4.58
7501	4.24
10458	4.01
12031	4.44
9978	4.88
11193	3.93
5195	4.38
8331	4.44
10517	3.71
5832	3.64
13404	2.94
16126	4.4
9395	3.59
4980	3.91
12126	4.43
8480	3.91
89	4.24
1523	3.77
8126	3.48
2695	3.18
12261	4.39
15505	2.77
104	4.5
5447	3.96
11744	4.2
4018	4.36
14865	4.41
8257	4.74
16226	3.91
8942	3.26
6237	3.79
560	4.83
14748	4.71
15666	3.68
6753	4.35
1490	3.59
1222	4.46
10201	3.71
3995	4.47
14472	3.76
10594	4.58
10386	4.3
2993	4.8100000000000005
9964	4.36
4335	4.41
1293	3.46
10177	3.94
16323	4.4
2173	4.14
2193	4.36
7619	2.68
10066	4.34
14591	3.48
15904	3.55
1567	3.52
15299	4.6
10637	4.43
14488	3.23
4525	4.68
5907	4.16
13697	3.59
13780	4.21
13882	3.33
16134	4.18
13397	2.68
6497	3.84
13089	4.3
1468	2.51
7235	4.68
9550	4.21
8922	3.88
8216	4.45
12136	4.0
1294	4.86
15145	4.17
6611	3.5700000000000003
13836	3.22
12103	4.07
4061	3.63
14201	4.52
16430	4.5600000000000005
5625	4.11
7050	3.48
15004	4.4
13615	4.3
6516	3.86
2618	4.62
10546	4.71
2424	4.54
13030	2.42
13105	3.61
14422	4.23
16332	3.1
12118	3.32
2101	4.28
9560	4.72
1959	5.0
11634	4.28
12290	4.45
2513	4.72
14210	3.7199999999999998
6876	4.28
14359	3.06
13362	4.19
2896	4.26
3738	4.49
8677	4.19
11178	4.31
9040	4.19
5762	4.25
3772	4.54
2012	1.29
9234	4.57
13938	4.48
3640	4.17
5381	4.95
13914	3.63
2660	4.42
16106	4.21
13347	4.46
11542	3.7
14877	2.63
7327	4.4
29	3.65
14434	3.59
3133	3.7
10333	4.33
1143	4.78
12475	4.99
7168	4.09
7416	3.63
12498	4.6
2559	3.98
15749	3.99
582	4.15
171	3.42
12089	3.59
5581	3.66
2675	3.5300000000000002
15155	4.47
685	4.47
11142	4.11
10782	3.52
9737	3.63
1009	4.17
7592	4.14
3808	3.65
14329	4.8100000000000005
9123	4.31
12631	4.18
15612	4.26
10139	3.46
16135	4.3
10197	4.11
11888	3.48
14419	4.13
14551	3.95
10103	3.6
722	3.96
11322	4.28
5177	3.42
12440	3.43
14671	3.7
9515	3.61
1012	2.96
4597	3.73
4269	3.76
14987	4.46
2603	4.0
491	3.79
14099	4.15
13041	4.11
10048	3.7199999999999998
2321	4.15
11745	3.39
6098	3.75
1733	3.85
12968	3.85
802	3.86
9688	4.03
5554	4.24
7907	4.42
4710	4.24
7176	4.09
8968	2.71
6894	3.34
62	4.05
5811	4.35
8274	4.35
1638	4.31
12575	4.0
1315	3.73
4473	2.75
7833	3.08
5939	3.94
2838	3.31
7346	4.12
6814	3.88
7843	3.36
9294	4.5600000000000005
13065	4.51
3856	5.0
9794	3.2
6826	4.6
14947	4.03
3152	2.88
7730	4.5
4468	4.1
805	4.41
7806	4.7
15125	3.67
14729	2.9
13488	3.3
14439	4.5
8606	2.3
14820	3.67
13322	3.54
11781	2.35
9485	3.86
5618	4.29
5299	3.38
5386	4.39
11835	3.67
12190	2.61
1861	3.2
7363	4.0
15333	3.54
10968	4.32
9606	3.96
3183	3.84
2389	3.68
3405	4.26
6666	3.79
7530	4.35
1752	4.41
5885	4.33
8269	4.54
13561	3.75
12448	4.11
8181	3.34
5369	4.84
9355	4.23
3252	4.04
14044	4.37
6037	3.49
9383	3.83
13148	3.73
1656	3.7800000000000002
9418	3.73
9248	3.43
11838	3.48
5075	3.5
5757	3.26
6603	4.63
13568	3.58
6155	4.0
11099	3.99
1584	3.73
2240	4.16
6873	2.9
4158	3.19
15092	3.24
2428	3.2
2784	4.12
4566	4.15
15970	4.5600000000000005
13500	3.39
4534	4.42
2940	3.54
15615	4.02
16358	3.44
9424	4.43
7797	4.74
4562	3.84
10260	2.44
16436	3.89
2815	4.53
9130	5.0
2611	4.67
1280	3.91
7681	4.18
594	4.28
8356	3.95
10629	3.19
6605	4.5
6388	4.27
11540	4.38
12106	3.29
12652	4.16
8222	4.21
1262	3.63
14481	4.2
8598	3.71
479	4.3
12518	2.9
15173	3.85
13614	4.33
5163	3.17
946	4.47
8343	3.91
2093	2.92
7881	2.5
2737	4.16
12336	4.64
8001	4.85
8041	4.31
4234	4.0
13289	3.75
3113	2.7800000000000002
6419	4.67
14457	4.33
8264	3.98
15222	4.06
145	3.22
3924	4.41
10298	4.22
9259	3.6
13631	4.07
11134	3.5
8271	3.88
201	2.87
11964	3.48
10123	4.6
2624	4.19
5272	3.98
7502	4.15
3555	4.46
6552	3.0
3340	4.43
1254	4.61
6275	4.11
8657	3.63
16118	4.47
8917	4.54
865	3.42
4437	3.86
15968	3.92
4314	3.95
12211	3.67
14015	4.0
12330	3.23
10078	3.8
11546	3.79
7064	3.23
7599	3.05
803	4.44
16289	4.43
15706	3.52
13446	4.7
13345	4.26
5109	4.2
3381	1.67
5888	3.24
11401	4.76
3201	1.98
1295	4.73
6043	4.0
5016	4.21
5198	4.05
12869	3.51
9164	4.0
1944	4.73
12326	3.32
10259	3.92
7305	4.38
5314	3.94
8171	3.06
915	3.36
9283	4.67
16330	4.29
4037	3.24
2209	4.57
2370	4.88
3297	2.86
13985	3.45
12457	3.93
3209	4.04
1204	4.17
157	3.99
15400	4.11
13311	4.52
8015	3.07
15897	3.6
1761	3.84
6135	4.72
3665	4.24
3986	3.6
8992	4.42
2608	4.57
10215	3.5700000000000003
8673	4.17
8386	4.34
7284	2.07
6715	4.21
12043	3.91
14755	4.07
16454	4.0
16516	4.25
7784	4.2
4011	4.05
2124	4.29
227	4.19
720	3.61
15340	4.24
2969	4.18
10185	3.85
2825	4.0
939	4.11
7951	4.44
1355	4.51
6112	3.93
5552	2.59
15031	4.48
9742	4.52
6252	4.61
15982	4.28
15310	2.4
15322	4.69
14123	4.07
14948	4.02
13763	4.94
1748	4.06
20	4.74
606	4.4
3444	3.98
13156	4.95
6400	2.34
3267	3.42
3347	2.74
15221	3.54
3529	4.13
6557	4.04
16086	4.6
7604	4.3
15613	4.42
14788	3.21
1107	4.13
5695	4.3
4240	4.29
14079	3.95
2662	3.83
4549	3.44
386	4.03
12127	4.32
10822	3.85
7911	4.04
1593	4.46
8441	4.22
4457	4.55
10379	3.27
9326	3.13
14445	4.21
4866	3.61
1715	3.56
9933	3.99
5465	4.67
16348	3.86
5269	3.89
4787	4.14
4901	4.18
16235	4.38
14547	4.5600000000000005
1668	3.9699999999999998
4911	4.47
2566	3.11
5165	1.46
6587	2.6
2574	3.51
9131	4.73
14500	4.36
709	3.91
4304	3.52
15906	3.47
6277	3.95
15856	3.95
7823	4.0
8780	4.0
4843	4.11
11175	4.18
1373	4.68
8285	3.93
1191	3.76
16122	4.33
1311	3.12
13937	4.06
6569	4.2
10175	4.54
15527	4.47
2225	3.81
6292	1.6800000000000002
1411	3.03
6772	3.63
2870	3.3
14929	3.68
6613	3.54
8129	4.23
4867	3.98
6129	3.67
4235	3.03
500	4.47
3154	4.18
11049	4.02
4488	3.73
3286	4.77
15194	3.69
9325	4.67
3181	3.5700000000000003
11830	4.21
15890	3.68
11071	3.43
11342	4.57
11376	3.25
13693	4.08
3578	3.9699999999999998
3646	4.53
12470	4.0
15421	3.33
16409	4.02
11914	4.28
8322	3.54
6656	3.99
6206	2.59
4129	3.56
13822	4.23
10807	4.16
11507	4.16
10474	3.56
5899	3.71
9919	3.86
1354	3.75
7047	3.96
10414	4.2
13298	2.89
15338	4.03
10704	4.14
16015	4.36
7037	4.27
4601	3.98
9457	4.05
2302	4.1
4464	2.7800000000000002
8793	3.76
16266	3.19
12742	3.9
12933	3.64
14200	4.4
3597	3.79
1732	4.77
5360	3.54
5740	3.1
13195	4.59
3151	2.35
13386	4.07
306	3.43
610	4.45
9176	4.33
4938	4.7
8420	3.18
4319	4.64
10997	4.82
14406	3.67
14752	3.8200000000000003
735	4.0
4625	4.53
10113	4.25
7918	4.11
14999	4.47
9768	3.09
11250	4.55
7622	3.6
11255	4.55
7004	4.26
10247	4.28
7941	3.67
8990	3.33
3850	4.23
1102	2.76
11577	3.9
712	3.79
12593	4.28
10246	2.3
9554	3.95
4757	2.94
8078	2.16
11764	3.95
3902	4.29
12008	3.07
5414	2.63
14725	4.07
751	2.9
2392	3.67
1177	3.47
13917	3.56
383	3.58
14063	2.56
2082	4.54
14237	4.71
4044	4.28
13676	2.5300000000000002
10566	3.29
10523	3.77
2601	4.44
1840	4.53
14460	2.96
15935	3.96
1984	4.28
12218	4.27
4783	3.89
14855	3.94
16295	4.67
3803	4.22
6934	3.55
5206	4.2
8223	2.83
15083	3.26
3558	3.59
8750	2.9
1739	3.31
11847	3.74
9107	3.56
2816	3.29
303	2.93
15205	3.4
2514	4.1
415	4.68
1818	2.98
6822	3.92
8510	4.07
7884	4.54
14183	4.12
1047	3.17
7923	4.71
15588	3.87
234	4.21
8022	2.73
9923	4.25
8002	4.23
6578	4.15
7480	3.56
4394	4.02
5841	4.26
12248	4.27
1658	4.52
6183	3.74
3723	4.08
6348	4.61
6481	3.38
12928	3.79
931	3.8
2112	4.68
9935	4.55
10289	2.86
3542	3.29
7092	4.27
7228	4.28
6154	2.67
2069	4.69
1377	4.33
3216	3.79
7270	4.0
1509	3.65
10797	4.5
493	3.71
4495	4.36
9845	4.01
4088	3.73
10411	3.7800000000000002
3276	4.17
14990	3.34
5370	3.56
1730	4.37
7271	4.79
9333	3.71
5534	4.0
10799	4.63
10472	4.7
10390	4.24
10786	4.27
5194	3.03
16480	3.93
5771	2.19
10111	3.79
4905	3.22
11118	4.27
713	3.73
12713	3.83
6769	4.33
342	4.08
9050	4.31
3045	3.88
10933	1.65
121	3.77
4719	3.68
16318	4.44
5039	3.77
15211	4.06
8766	4.04
14227	4.12
4479	4.13
15266	4.65
9828	4.32
12839	3.06
929	4.09
5846	4.92
13825	2.0
3829	4.41
9906	2.65
14033	3.71
2364	3.66
326	4.76
6728	4.53
16426	4.5600000000000005
5474	3.94
1091	3.65
7637	3.5700000000000003
733	2.27
10719	4.03
3428	3.5300000000000002
1309	3.75
4179	3.67
3202	3.94
7845	4.45
3008	3.7199999999999998
8013	4.88
16467	2.91
2065	4.26
3130	3.64
14705	4.67
3776	3.9699999999999998
10164	4.05
6529	3.69
617	3.71
8392	4.3
16458	4.18
16488	3.05
11876	4.83
16343	4.61
12538	4.68
12006	3.91
990	1.98
15520	4.2
7295	3.67
5256	4.0
13165	4.5600000000000005
13738	3.54
4105	4.33
393	3.68
11370	4.0
16099	3.73
4057	3.94
9751	3.5
80	3.64
5636	3.81
7002	4.98
9015	3.22
13865	4.15
15898	4.33
10655	4.15
3736	4.38
10684	4.45
4954	3.55
7798	3.63
14124	4.27
3385	3.73
4722	3.67
10668	4.23
3354	3.16
4140	4.38
14668	3.83
8091	3.83
6517	4.03
3632	3.8
4283	3.0
15392	4.54
13158	3.1
2288	4.3
9407	2.48
4535	4.27
16340	2.34
755	3.65
4509	3.59
9413	3.3
10105	4.57
6899	3.8200000000000003
8467	4.65
11012	4.68
402	4.63
2292	4.17
3934	4.62
12926	3.35
9477	3.8
12225	3.89
10377	3.92
5158	4.33
244	4.71
1237	4.71
6496	4.09
13954	4.09
11107	2.37
8887	2.71
10315	4.52
6931	3.7199999999999998
8845	4.47
7880	4.97
13312	4.78
5221	4.57
213	4.69
11043	3.0
1136	3.98
1711	3.52
5741	3.18
13668	4.11
9765	4.36
12304	4.29
12991	2.18
1930	2.33
16363	3.84
87	3.96
6148	3.98
1205	3.98
11388	3.89
4101	3.32
8144	4.82
6423	4.85
5207	3.73
6701	4.05
5482	3.27
6492	4.07
5265	2.6
8530	4.06
4054	2.88
9353	4.74
4029	3.95
7089	3.91
15791	3.23
10174	4.74
13862	3.8
4185	4.06
14205	4.21
9431	4.38
14608	4.34
7915	1.77
4390	2.96
10608	3.73
10806	3.5700000000000003
6536	4.26
15511	4.33
2491	2.73
5754	4.25
5692	4.35
15816	4.36
2834	3.86
13088	4.04
6912	4.74
3777	2.0
4831	4.89
14353	4.0
3984	3.85
5719	3.18
6514	4.58
11864	4.47
10432	4.38
7131	2.56
9625	3.95
7036	3.9
503	4.11
12431	4.14
16481	4.32
8961	4.61
11907	4.59
16031	4.47
9165	3.46
14910	3.96
6878	4.23
11227	3.74
8902	3.75
1572	3.5700000000000003
2654	3.88
9758	2.49
12238	3.75
5923	4.04
10864	3.7
644	4.62
6072	3.89
15567	3.42
12375	4.14
2786	4.65
4518	3.76
3074	3.93
6588	3.54
3662	4.65
14782	4.2
4993	2.33
1785	2.89
13154	3.46
218	2.9699999999999998
7450	3.77
6788	4.26
7006	3.44
5517	3.46
8056	3.61
11787	3.63
5184	4.0
2264	3.55
11858	3.44
10937	4.06
14112	4.06
12506	2.64
15410	2.67
8042	4.25
15013	3.12
4089	4.33
2148	3.5
5565	4.08
5904	4.29
13420	4.59
9182	3.93
1172	4.2
2311	4.17
13258	4.54
15346	2.89
9913	3.52
3983	4.32
5860	3.87
15497	2.71
11702	4.65
11173	3.27
12346	4.72
8817	3.39
6294	2.42
487	4.44
5321	4.54
278	3.35
12704	4.4
4808	3.91
8192	3.9
11419	4.34
11932	3.25
8190	4.32
3227	4.13
271	4.68
9318	3.9699999999999998
6845	4.22
439	3.9
5981	4.19
13732	1.57
14093	4.71
7954	4.59
6971	4.0
12135	4.23
15187	3.7
11364	4.3
10380	4.57
16444	4.43
15919	3.33
12001	4.73
7020	3.79
2727	4.13
1097	2.98
4840	3.83
8306	3.95
12937	3.83
4672	3.16
13886	2.35
8721	3.76
1973	1.94
10569	3.25
14791	4.43
4559	3.35
3583	4.14
12486	4.07
937	3.89
5913	3.87
4578	3.94
7603	4.28
5763	4.77
14894	4.2
8107	3.66
7853	3.81
10977	4.21
2696	4.67
4983	3.6
7082	3.8200000000000003
14918	1.8900000000000001
12654	4.5600000000000005
12855	4.58
14881	4.06
1640	3.27
11161	4.51
3758	4.13
2997	4.36
6290	3.4
4439	3.41
9769	4.23
1874	3.54
333	4.4
4658	4.33
6003	4.95
9285	4.29
8116	2.07
14534	3.2
3017	3.5300000000000002
3104	3.73
16271	3.66
10535	4.07
1072	3.98
10138	4.09
492	3.8200000000000003
16147	4.04
7754	3.67
10880	3.95
12164	4.21
14598	3.5700000000000003
13255	4.5
13977	4.09
4680	4.08
6779	4.4
8048	3.7
15151	4.51
9010	4.11
13739	4.4
7707	4.39
7073	3.76
10441	4.05
12682	2.75
5592	3.81
16335	3.79
1578	3.91
11618	3.24
12749	4.4
1084	3.66
10352	4.71
15015	3.2
14317	4.26
2316	1.67
539	3.03
3982	4.79
9757	4.2
10650	3.7800000000000002
233	3.71
1288	2.91
350	4.85
3443	2.71
6925	4.62
8601	3.65
2157	4.64
16338	4.07
1637	4.6
14175	3.13
6171	4.68
15949	4.75
2539	3.91
15748	4.05
10475	4.6
9635	3.67
10	3.74
13262	2.95
3472	4.26
3638	3.75
16307	4.55
7744	3.65
15546	4.29
15474	4.0
2083	3.58
12327	3.65
14763	4.25
5268	4.2
11072	4.45
5215	2.91
12946	3.68
4830	2.92
12588	4.4
7579	3.77
14405	4.05
8080	3.25
6104	3.2800000000000002
1516	3.8200000000000003
4036	2.37
11547	4.11
4517	3.71
9535	4.59
14395	3.31
1169	3.15
13662	3.55
16487	4.48
1178	3.52
7984	2.32
7996	4.03
15831	3.55
1156	4.48
16027	3.48
6459	3.25
10542	4.45
7076	4.3
3766	4.47
650	3.41
6436	4.33
16238	3.88
14717	4.2
5706	3.21
13394	3.63
4758	4.54
6965	2.71
1093	3.05
14491	3.2
1497	3.91
13278	3.8
9022	4.51
6856	3.59
4877	3.4
3159	4.18
1041	4.33
7462	3.56
13820	3.09
15909	3.47
14577	3.84
2826	4.14
5042	4.0
11944	3.38
13067	4.7
1006	4.04
13793	4.48
5067	4.3
2325	4.51
9187	4.35
7888	2.33
7898	3.29
10677	4.08
13203	4.38
15293	2.66
3265	3.47
4871	3.41
7018	3.68
15635	4.11
2658	3.92
1698	4.55
11794	3.41
8872	3.47
11700	3.7199999999999998
14151	4.48
15630	4.35
5231	4.0
11578	3.9
12570	4.59
11228	3.92
6051	4.47
12339	4.29
14300	4.62
2901	3.89
3905	4.5
14684	3.85
1689	3.05
4896	4.39
13755	4.59
9774	4.07
6189	4.1
12905	4.25
9829	3.2800000000000002
1837	3.4
10240	3.96
8743	4.23
8832	4.59
14223	3.47
12936	2.47
10929	3.5
2345	4.59
11479	4.28
2215	4.23
14921	3.69
11406	3.95
10747	3.62
6770	4.44
11407	3.36
4760	3.71
14914	4.24
6616	2.48
4913	3.58
7753	3.77
79	3.36
1407	4.75
9652	4.62
3215	4.36
11956	3.9699999999999998
1134	4.35
7920	4.37
8464	3.68
3717	4.55
1847	3.65
11741	4.41
10173	4.66
8662	4.34
1436	3.39
7910	4.22
6005	3.93
260	4.55
3080	4.43
9109	4.46
5511	4.76
3789	4.45
6628	4.73
14937	4.55
2274	4.78
10552	2.77
758	4.91
55	4.42
14077	3.89
3684	4.73
5046	4.25
6308	1.32
11496	3.77
16249	4.1
466	4.51
13756	4.6
5276	4.57
7312	3.5300000000000002
7445	3.2800000000000002
2726	4.71
1344	3.63
11464	4.13
8118	4.0
315	3.68
15943	4.26
7454	4.64
3089	3.91
356	3.46
13276	4.27
10267	4.27
8915	4.36
760	2.84
9840	3.31
2565	4.13
12777	3.96
10109	2.4
16078	4.06
8517	4.54
1142	3.0
10900	3.2800000000000002
2527	3.95
10127	4.16
7535	4.71
2817	2.77
11010	3.43
553	3.98
15471	3.25
8167	3.24
11622	3.49
131	4.16
13473	3.36
143	4.27
5849	2.71
5430	3.26
272	3.91
15263	3.0
10005	3.31
13971	5.0
13000	4.95
4243	2.29
15506	4.41
8085	4.25
2890	4.38
15481	4.69
9250	4.5
2931	4.27
7102	3.5
6451	4.64
6647	3.3
2928	4.93
4410	4.63
10405	4.0
3026	3.79
5136	4.6
10707	4.83
8278	4.03
15181	3.33
581	3.8200000000000003
14069	2.2
5172	4.54
11402	3.64
14230	3.77
6220	4.44
16009	3.5300000000000002
5377	4.18
4293	3.98
2334	4.05
8097	4.34
10812	3.18
1138	3.9699999999999998
11667	4.62
3430	3.34
7503	4.12
15751	4.58
12376	4.48
8340	3.02
15954	3.84
1699	3.48
15289	3.24
5972	4.19
921	3.76
2839	4.58
2632	3.96
15215	3.67
7780	2.94
12016	2.38
11333	3.21
16360	3.2
9685	4.12
13653	4.3
11506	4.0
364	3.29
7659	4.7
10530	4.55
12880	3.85
6119	3.5
10993	4.6
4637	4.95
10450	3.94
10894	3.48
16110	3.85
6342	3.86
6818	3.07
8133	3.75
124	2.38
1096	2.58
3424	3.69
6416	3.96
12780	4.66
13553	4.96
7194	4.9
6435	4.23
5216	4.0
7793	4.8
5834	3.01
16393	4.13
2588	3.86
3477	2.63
2338	4.42
6036	4.62
14997	3.9699999999999998
3520	2.32
12630	3.38
14907	3.81
15545	2.88
6766	2.5
11369	4.2
14414	3.68
16269	4.37
9569	3.94
5791	3.67
7889	2.95
13833	4.76
10610	4.47
5998	3.14
1358	3.92
11568	3.49
267	2.5700000000000003
14409	4.82
2810	4.67
9528	2.71
3838	3.35
14309	4.32
6597	4.02
14867	4.19
13284	2.47
6714	4.04
7755	4.29
15997	4.34
2230	3.96
3379	4.3
10726	4.73
8365	4.64
963	4.57
14402	3.35
16248	4.27
6264	4.3
12783	4.1
12703	3.73
5850	3.49
15684	4.76
13846	4.73
965	3.2800000000000002
4813	3.19
6250	3.85
3232	2.8200000000000003
957	2.46
5824	3.18
9636	4.19
5698	3.71
12522	3.66
7580	3.7199999999999998
1040	3.86
1899	4.54
4529	4.71
11565	4.14
12496	3.63
10760	4.46
8100	4.04
7005	4.73
944	4.5600000000000005
9185	4.18
7913	4.8100000000000005
3247	4.1
6128	3.11
4150	4.25
9602	4.11
15246	3.9699999999999998
13947	4.05
9816	4.67
11844	4.8100000000000005
15329	4.35
2056	4.27
12510	3.41
5755	2.05
558	4.78
14264	3.77
14530	4.18
1908	3.62
10660	4.07
4626	2.35
7794	3.61
14629	4.73
15251	3.73
13800	4.69
3491	3.88
1586	3.65
4463	4.93
3029	4.39
5960	3.7800000000000002
8900	3.75
8893	4.83
13472	4.4
10081	4.21
14130	4.5
3353	3.38
14091	3.43
5522	4.71
14774	4.32
12831	4.59
12223	3.3
6377	1.18
8840	3.91
10257	4.0
9236	2.93
15575	2.76
12725	3.32
8398	3.0
13570	4.1
10402	3.36
11615	4.1
6674	4.53
3250	2.66
11511	4.24
11862	3.9699999999999998
5167	4.69
14154	3.62
6091	4.96
10750	4.07
411	4.59
9410	3.9
9215	2.8
3407	3.47
769	4.8
1363	4.03
2426	4.61
12005	4.26
14831	4.95
1165	4.41
3544	4.5
7128	4.9
10809	3.61
2147	3.8200000000000003
4227	3.8
12941	3.76
13264	2.7199999999999998
9053	4.42
7990	4.89
4962	3.41
4624	4.83
6195	4.55
5630	3.67
9079	4.74
3295	4.52
10612	2.65
14117	3.35
12807	4.26
8427	3.81
13590	4.0
12868	4.14
9465	4.67
14650	2.84
5524	4.74
8228	3.36
16127	3.5
6740	2.8
11233	4.5
12542	4.1
2200	3.75
1568	4.0
12017	3.43
16315	4.29
11940	4.38
2711	4.55
15516	4.78
16423	3.02
7354	3.87
15371	3.69
15122	3.92
9772	4.06
15933	4.22
8284	4.64
883	3.68
12693	4.2
3056	4.04
15724	4.11
11462	4.37
8425	4.16
318	4.79
7394	3.63
6572	1.2
13266	3.6
3054	4.11
5060	4.1
7704	3.96
1037	4.68
13140	3.09
4833	4.05
4020	3.87
11709	3.25
14155	4.44
7891	3.11
2657	4.39
16058	4.11
11820	3.81
8538	4.09
3623	4.43
3238	3.56
3548	4.44
7826	3.26
2754	3.2800000000000002
1328	4.38
2314	3.94
1270	4.2
14714	3.85
1803	4.31
1768	4.53
4212	4.03
11155	4.18
6655	4.06
6304	4.15
1599	3.8
11672	3.24
11575	3.73
15244	3.85
3106	3.7
13880	4.31
9379	3.64
9762	4.68
16505	3.23
2912	4.29
2802	3.13
9869	3.5
1863	2.69
111	4.36
10332	4.63
13246	3.69
8978	3.3
7927	4.18
1957	3.86
5006	4.53
12387	3.58
12633	4.33
15836	4.33
6948	3.8
16206	3.33
6484	4.63
2804	4.0
14917	3.75
2188	3.94
16012	4.26
9169	3.32
16163	3.69
9881	3.0
1705	3.0
6233	4.25
5777	3.48
2171	4.21
1483	3.68
11637	4.95
6703	3.52
9396	4.12
3197	4.05
13059	3.62
10049	3.7800000000000002
11549	4.22
2261	4.33
13011	4.06
8619	3.87
14691	3.59
2194	3.0
13349	4.89
16264	3.18
15319	4.65
1806	3.95
2714	4.71
11181	3.8200000000000003
11062	3.5
8713	3.7
4791	3.88
1305	4.51
6417	2.63
5319	4.47
2281	4.55
14558	3.25
11022	3.0
11328	4.3
3271	4.29
1891	4.2
9553	3.13
8341	4.03
13623	3.76
14333	3.43
10096	4.73
14505	3.11
7824	4.17
8806	2.7
665	3.67
1917	4.27
3493	4.0
11021	4.29
12397	3.0
4343	3.58
16405	4.66
6638	4.36
12578	4.22
6943	3.5700000000000003
4964	3.9
6785	4.26
15878	3.63
3378	3.5
1226	3.59
1985	3.27
7667	3.44
794	2.46
13263	4.79
1763	3.32
10700	3.69
1579	4.37
692	4.18
1914	3.29
14965	3.71
16036	4.04
5715	3.88
2216	4.0
8576	3.15
4928	3.89
10829	3.33
15463	4.2
8977	2.95
9838	3.77
13170	3.64
11428	3.58
2331	3.71
9932	3.42
10845	3.1
11993	3.85
9237	3.92
7326	3.2800000000000002
1664	2.87
1202	4.72
14776	3.0
14149	2.6
4677	3.8
3579	3.37
4903	4.23
7900	4.1
8549	3.7800000000000002
16177	4.58
7378	4.08
10685	4.69
1953	4.24
9031	3.7199999999999998
3168	3.27
9239	4.8
2329	4.26
1970	4.12
12367	4.5
8448	2.43
15094	4.69
5189	3.0
14927	1.5
1724	2.44
2233	3.7800000000000002
9127	3.14
4728	3.5700000000000003
1052	2.71
11815	3.16
11899	2.21
14178	3.84
5747	3.83
14207	1.58
5374	2.81
14906	3.95
11425	3.03
5705	2.18
4406	4.06
13329	4.1
6509	3.43
10688	3.79
2011	4.6
12531	3.3
5642	2.13
5940	3.9699999999999998
2402	2.91
6698	3.0
7903	4.53
14334	3.2
9348	3.5700000000000003
12576	4.17
15045	1.5
9996	3.89
6488	2.74
15007	2.64
1517	3.03
748	3.49
8099	2.02
15544	2.7
2970	2.5300000000000002
5470	3.75
6886	3.2800000000000002
12201	4.7
7508	1.9
3883	3.88
2602	3.35
3701	4.17
5714	4.17
7768	3.81
14070	4.33
13115	3.23
14314	4.43
3323	3.54
5197	4.3
4759	2.1
162	1.15
5173	4.23
8931	3.03
7148	4.62
3977	3.9
10423	2.96
11281	4.0
6651	3.4
12003	3.87
11430	3.96
10398	4.72
7420	4.53
11790	2.03
11238	3.95
16085	3.94
15439	1.9
4099	3.58
13458	3.0
1498	4.71
15842	4.2
12816	3.06
2599	4.46
13126	3.09
7999	4.41
14703	3.77
3570	3.55
9173	3.2
15189	3.64
8239	3.68
6136	2.94
7505	4.46
1465	3.31
13460	3.86
4855	3.5700000000000003
10420	2.95
14955	3.32
380	2.54
10467	4.89
11878	3.4
9612	2.68
8875	4.3
10772	4.15
4008	2.63
718	3.5
9341	3.61
11842	3.93
8723	3.81
15393	2.54
9313	3.9
15318	3.13
8376	2.5
16204	3.56
11100	4.65
12994	5.0
6212	2.48
7399	4.0
11317	3.38
5935	2.8
11451	3.5300000000000002
6988	4.89
13983	3.0
1975	3.63
6015	4.85
1539	3.8
8351	2.67
710	3.5
8150	4.04
16041	2.33
14528	4.27
4632	4.85
1278	4.22
1710	3.2800000000000002
2014	2.77
6650	3.11
10287	4.28
14545	4.0
11776	3.94
7615	4.48
3241	4.69
16033	3.34
605	4.26
15459	4.27
1592	5.0
13178	4.28
7921	4.0
7552	3.15
15720	4.23
4182	3.42
1969	2.11
8032	4.6
7122	3.16
8561	3.5
1308	4.25
14260	3.64
10483	4.54
2512	3.86
6494	3.92
13593	2.21
12497	4.08
14891	2.9699999999999998
11059	3.5700000000000003
8638	3.73
7893	2.56
12612	3.43
8525	3.95
3134	3.91
35	3.67
4990	2.79
13374	4.88
6684	1.9500000000000002
14080	4.82
11945	4.03
9442	3.49
13427	3.21
12838	3.26
2597	2.73
8482	3.77
11685	4.25
6029	2.83
2129	3.76
9750	3.75
3720	4.25
8025	3.95
15548	2.12
14163	3.8200000000000003
7406	4.32
2763	4.4
11931	4.61
980	2.7199999999999998
7897	3.05
14013	2.95
5765	3.87
16103	3.1
8238	3.87
16385	1.85
4278	3.84
7383	3.23
9925	4.58
7628	4.24
180	3.25
8485	3.67
10778	3.76
94	1.94
820	4.43
11646	3.4
8291	4.5600000000000005
8489	2.77
10466	4.36
6745	2.39
2747	3.48
5966	3.88
5175	2.62
13225	3.22
2073	3.43
4853	4.03
13114	2.55
13063	3.29
9382	3.14
7694	4.92
15034	2.75
7314	3.65
10050	4.05
11645	2.92
4678	1.67
2273	3.19
208	3.32
7184	3.87
14815	3.67
14993	3.67
4693	3.7
8688	4.25
4085	3.88
8388	4.46
8718	4.07
4187	3.55
9244	4.1
15951	2.41
11024	4.73
14141	2.48
11365	4.39
5505	3.5
9687	3.08
65	4.78
7521	4.08
6318	1.78
580	3.43
7261	3.44
4650	3.41
11286	3.55
405	3.58
3743	3.5300000000000002
2277	4.04
2798	3.59
9961	2.13
1067	4.0
5065	4.55
269	3.18
2620	4.15
7752	4.55
3940	3.8200000000000003
4924	3.88
3557	3.96
16180	3.7
1721	3.88
15893	2.76
136	2.69
12065	4.87
7336	3.12
6998	3.83
7198	1.94
1223	3.08
7292	3.16
6857	2.09
15526	1.32
5154	3.18
13051	4.58
821	4.6
5363	3.71
8050	3.43
684	3.26
10755	3.73
13589	3.7199999999999998
4570	4.91
12906	4.42
14379	3.05
6401	3.29
2631	3.56
7781	4.11
6911	2.35
10953	3.8
15148	3.68
6621	3.04
8059	4.25
8033	3.63
5838	3.98
6052	4.26
12310	4.14
14646	3.04
12038	3.8
2550	3.88
10727	3.15
14493	3.39
6699	3.48
7543	3.71
15198	4.59
13606	3.48
13236	3.41
2769	3.23
1833	2.48
1907	4.1
14890	4.65
10730	3.88
3862	4.76
7410	2.26
5435	3.06
12851	4.63
11249	4.22
633	3.06
8857	3.93
5961	4.94
16197	4.29
11746	4.5
17	3.73
10329	4.4
11414	3.41
9480	2.48
12319	2.54
15927	2.69
6693	3.52
8295	3.27
3279	2.27
11975	3.23
7157	2.19
4659	4.64
4399	3.9699999999999998
800	3.26
14764	4.5
378	3.17
3487	4.32
15789	4.28
5159	4.52
6798	4.67
13546	3.77
14107	4.31
13117	3.56
15818	3.33
7796	3.15
15729	2.74
8579	3.76
1683	3.94
15349	3.81
10051	3.81
7311	4.5
788	4.16
15860	3.09
2893	3.77
11664	4.08
5026	3.14
4455	3.68
3435	4.55
10605	2.46
2926	4.29
9296	1.44
11149	3.44
15052	3.3
13726	3.36
3987	3.39
7614	2.92
16155	3.9699999999999998
6231	2.5
14225	3.83
753	3.14
8247	2.3
5627	2.55
1160	3.86
12137	4.52
13037	4.97
15570	3.83
15490	3.02
2372	3.03
1956	3.31
4028	2.64
5979	3.06
14095	4.3
3283	4.25
13491	3.81
12530	2.18
5044	4.29
14144	3.54
1323	3.7199999999999998
3425	4.32
12402	4.43
16362	4.33
9822	1.79
3395	3.04
7487	3.42
3518	3.58
15024	1.48
885	3.44
9317	4.11
8263	3.92
13860	4.52
10561	4.95
8951	4.76
11639	3.9
6866	4.13
5266	2.76
1272	4.44
1909	4.78
11826	3.6
8571	4.03
3936	3.38
4250	3.68
14562	3.58
7873	2.04
10087	3.42
8120	3.55
16537	3.55
6646	3.31
4114	4.17
3040	4.23
16290	4.24
3948	3.43
2356	4.5
7967	4.6
9931	4.27
15061	3.58
1414	4.43
12244	3.24
14501	3.5300000000000002
14134	2.02
6975	4.29
10784	4.69
2989	4.88
12030	2.71
5598	3.23
6079	3.87
2016	3.08
12237	3.88
15084	4.44
5671	3.0
10118	3.11
6774	3.92
5861	1.33
10382	2.71
13609	4.38
13332	3.94
10947	4.75
1010	3.05
3228	2.73
8402	3.15
14412	3.98
16523	4.19
6024	3.6
14291	3.7
4438	3.38
13106	4.11
13035	4.12
9786	2.7
1919	2.9
12527	2.37
9446	3.62
8908	2.2800000000000002
1533	2.8200000000000003
13581	3.22
12403	3.88
2644	1.9500000000000002
5558	3.5700000000000003
6278	4.12
6340	2.89
6093	3.8200000000000003
5480	3.31
2306	3.74
8289	4.1
14137	4.61
4527	3.8
7494	3.42
9038	3.7199999999999998
7661	4.79
5930	4.59
15127	3.7199999999999998
3714	3.03
2013	1.77
7571	2.63
3688	3.66
6006	3.74
10488	1.87
10439	5.0
2869	4.5600000000000005
15020	2.65
14158	3.0
1333	3.11
5473	3.73
10949	2.47
2263	4.31
4608	3.58
15486	3.71
4164	3.8200000000000003
3126	2.9
6534	4.31
8283	3.61
2399	3.81
1008	3.89
11047	3.2
14002	2.73
13863	4.21
1121	1.15
10270	3.87
14536	4.4
11039	4.5
14716	3.7800000000000002
7771	4.04
10043	4.31
7687	4.48
3816	3.85
10064	4.72
7391	1.35
7931	3.37
2118	3.38
14271	4.22
13525	2.06
7836	3.06
8838	3.74
16286	4.92
9552	3.34
16028	3.55
9669	3.56
4965	3.42
1297	3.79
13498	3.61
14021	1.79
10007	3.81
12323	3.7
4109	3.6
1193	4.3
2845	1.75
14557	3.79
26	2.95
13807	3.58
4445	3.8200000000000003
5139	3.0
2936	4.38
13151	4.11
3158	4.33
14391	3.4
2638	2.63
4170	1.71
806	2.84
14649	4.86
16470	4.59
834	2.96
8715	4.0
4689	4.74
1180	3.5
2380	4.0
3866	3.06
7402	3.5
6675	2.48
11288	4.41
12489	2.52
14025	4.65
3979	3.39
4720	4.89
2481	4.44
5091	3.63
11258	3.33
6915	4.78
15648	3.87
15779	3.52
12262	4.32
12389	3.32
2918	4.25
6548	4.17
14373	3.47
1388	4.5600000000000005
11310	3.64
5257	2.75
2681	3.8200000000000003
11211	4.19
8871	4.59
2052	1.75
8614	4.39
16406	1.9500000000000002
7610	2.33
13497	3.96
7518	2.64
2874	2.7
13192	3.0
7663	3.81
4922	3.94
15161	3.94
16185	4.42
10718	4.53
3626	3.61
2751	4.0
3146	3.2
4134	2.23
11510	3.36
10486	2.15
15877	2.25
1612	3.9
765	4.89
8969	2.85
10141	2.85
7643	4.05
11663	1.38
1787	3.74
7418	2.69
5566	3.07
1646	3.91
12736	3.13
8316	1.35
5837	4.43
9090	3.6
6110	5.0
2354	4.11
13512	2.93
1670	3.36
7161	4.21
14429	3.26
5278	4.43
14058	3.32
14009	4.2
6312	3.21
7021	3.08
1049	2.9699999999999998
9336	4.86
1747	4.13
10978	4.79
11834	3.14
6991	3.43
13796	2.75
8194	4.06
8383	3.14
11609	4.32
13569	5.0
8852	4.67
779	3.18
5223	4.2
3409	2.63
14354	3.67
9036	3.6
13856	3.9
5922	3.33
1704	3.8200000000000003
9796	5.0
14699	2.9699999999999998
2211	4.0
1852	4.95
8196	3.49
6389	4.29
15074	4.22
2617	4.09
3372	4.59
8823	4.0
5234	4.07
1853	3.9
14410	4.37
10598	3.27
13891	3.39
3886	4.59
7795	4.36
9269	2.61
11223	4.33
12805	4.63
1783	3.35
427	3.96
3149	4.27
10904	4.1
195	3.5700000000000003
1512	3.94
15687	3.7199999999999998
6245	4.0
11751	4.7
6060	1.74
9628	1.5899999999999999
8275	3.81
9061	3.98
15458	4.57
12435	2.9699999999999998
15192	4.55
15817	3.48
2947	3.34
1250	4.5
9949	3.86
1885	3.95
1444	4.5
4816	4.36
9827	3.45
425	2.9
11561	3.73
11110	5.0
9598	2.88
11083	4.18
12235	3.23
8500	3.5
12835	3.92
9677	4.33
14642	4.63
13102	2.5300000000000002
16334	3.33
4623	2.45
3260	4.0
8008	2.55
12562	3.45
12667	4.25
360	3.71
14938	4.53
15799	1.8
13757	4.18
10971	2.9
3840	3.95
8634	4.8
3835	2.06
8149	3.51
1536	2.81
15302	4.28
11168	3.23
10826	3.35
12322	2.67
3218	2.04
7545	2.86
12987	3.03
15602	3.3
4960	4.3
10960	3.22
13516	2.0
11660	3.5700000000000003
6375	4.05
4270	3.51
199	3.61
14152	3.69
13305	3.96
3206	3.4
6012	3.44
618	4.36
10504	3.32
14072	3.87
15344	3.46
16088	2.07
4143	3.19
7362	3.3
12272	3.2
11108	3.41
13616	4.52
13370	3.11
8119	3.8
6823	4.08
14970	4.47
4294	2.04
14446	2.8200000000000003
14133	2.29
11277	4.39
11866	3.71
6607	2.83
6712	3.31
9421	1.79
7769	2.3
11073	4.33
7876	3.76
4113	1.26
2778	2.58
6837	4.63
5443	3.4
9362	1.27
13400	2.89
7119	3.59
2903	3.6
8136	4.45
8706	3.04
3455	2.18
8357	3.43
2298	4.03
15504	5.0
6382	4.28
9436	4.03
11461	3.59
8297	3.96
9734	4.53
2185	4.47
1442	3.09
14132	4.33
6010	3.0
8276	4.13
11987	2.49
10889	4.68
1022	2.63
10206	4.29
7434	4.38
2516	3.85
12332	4.29
14784	4.87
1210	4.88
12731	3.33
422	3.48
12082	3.54
9926	3.33
15254	3.19
96	4.51
6177	4.93
13461	3.25
2952	4.42
15250	3.05
14630	4.74
11058	1.97
2084	4.15
12822	2.41
6783	4.07
230	2.14
3326	3.9699999999999998
11102	4.0
15592	3.7800000000000002
1811	3.45
10098	4.13
9118	3.93
14371	3.8200000000000003
1101	3.03
10319	2.48
16370	3.11
742	1.71
13144	2.8
3622	2.94
3044	4.57
3503	2.95
8976	2.43
13259	4.13
10623	3.75
12559	3.33
10076	3.92
14341	3.7800000000000002
9518	2.54
7116	4.64
922	4.37
9966	3.24
10116	4.08
8609	3.0
2946	2.89
12004	3.85
11063	3.5300000000000002
6999	3.29
8103	2.62
341	4.13
6577	3.7800000000000002
15874	3.35
15498	4.38
6258	5.0
4416	3.52
5019	4.7
3429	3.88
9921	4.65
13529	3.81
1024	3.27
2044	3.85
10191	3.85
6794	3.66
14601	3.46
5912	3.88
14556	3.5
10974	4.21
9161	3.7800000000000002
6271	4.14
13357	3.35
16277	3.74
15541	4.52
13871	2.92
12605	3.21
9494	3.52
8156	3.39
8636	4.38
3226	4.38
6407	3.6
454	4.25
13335	4.36
8369	4.06
9897	3.65
7325	4.25
1144	3.48
2736	4.0
13605	2.91
11678	3.8200000000000003
1331	3.68
3325	3.7800000000000002
10918	3.44
5895	3.98
11818	3.54
14911	4.47
772	3.48
1757	3.88
4899	3.26
907	4.03
5001	4.06
11384	2.8200000000000003
6885	3.71
8125	3.8
417	3.7800000000000002
6056	3.71
14401	3.92
3824	3.66
4612	3.37
10955	3.33
6089	3.45
7059	3.94
11207	3.68
12114	3.9
10340	4.21
8989	4.14
10545	3.63
3515	3.7199999999999998
12042	3.7199999999999998
8498	3.32
13934	3.22
14184	3.52
10455	3.64
14905	3.26
9032	3.95
4543	4.07
9232	3.85
8798	2.48
13214	4.38
11606	3.44
5498	3.52
14162	3.8200000000000003
7476	3.63
900	3.66
10266	4.35
6454	3.9
476	3.88
11861	4.75
11574	4.05
8417	3.73
14478	4.03
3881	3.47
8925	2.7
9027	3.76
13409	4.76
587	4.05
5644	3.93
4456	3.12
13979	3.4
297	4.18
12955	3.8
1316	3.83
12543	3.42
6269	3.43
1450	4.07
15197	3.73
15212	3.66
8250	3.59
16113	4.18
10308	3.99
14119	3.4
597	4.16
6639	3.62
15875	4.07
12417	3.67
4502	3.3
13639	2.98
11980	4.06
12482	4.12
1090	3.89
8665	4.52
5915	3.11
5624	4.15
10249	2.68
5634	3.39
5156	3.81
16491	4.36
13494	4.39
5897	3.75
13493	3.56
4225	3.68
1767	3.61
7051	3.62
7436	3.64
10537	3.64
6311	4.1
11331	3.46
5818	3.85
5354	3.35
5977	3.66
4591	4.3
8650	3.84
732	3.76
7534	3.76
5121	3.15
6854	3.86
1797	3.94
8702	3.84
5437	4.3
3551	4.8100000000000005
113	4.05
8797	2.89
12096	4.0
5859	3.44
11792	3.95
9487	3.18
1921	3.48
5896	4.34
15101	4.4
14952	3.5700000000000003
14351	3.48
1515	3.71
2649	4.64
8106	4.0
8419	3.5300000000000002
14772	4.48
3770	3.66
5821	3.38
5571	3.69
14596	3.37
9675	4.0
14526	4.12
11032	3.55
8759	4.04
12744	3.21
5457	4.29
13817	3.89
9842	4.31
209	3.7199999999999998
13304	3.43
6708	3.29
10604	4.31
14181	3.98
1251	3.79
14041	3.8200000000000003
15019	4.0
8405	4.75
10759	4.13
3708	4.13
8504	3.8
1241	4.46
1217	3.92
8317	3.17
4276	3.47
6631	3.0
6939	4.22
993	3.63
2415	4.05
5013	3.85
4661	3.51
12881	2.9699999999999998
3131	3.5700000000000003
7851	3.64
5297	3.39
5468	4.08
5196	3.11
1812	4.21
9092	4.76
15493	4.19
10019	3.5
8924	4.4
10611	3.52
4636	4.07
13288	3.07
11690	3.95
14164	3.86
4707	3.76
888	4.43
1911	3.54
5917	3.75
12447	4.24
5810	3.47
7606	2.94
10588	4.19
1777	4.19
5024	2.9699999999999998
8280	3.48
9112	3.8
3970	4.14
10921	4.07
10089	3.52
10761	4.05
15945	3.7800000000000002
16495	4.11
1149	3.95
13179	4.26
1174	3.8
15760	3.46
2453	4.36
13537	2.7
9076	3.43
12825	3.77
16357	4.22
10062	3.5
13381	4.34
14475	3.41
12903	3.89
1931	3.31
11046	2.67
835	3.13
6735	3.88
8134	2.44
10356	4.23
14619	3.67
12677	3.33
14083	3.63
9741	4.43
8081	4.08
1849	4.68
8375	3.5300000000000002
4370	3.5
15342	4.53
5192	4.82
13930	4.48
13450	3.87
11190	4.82
11921	4.28
2459	3.75
12019	4.22
14810	3.88
286	3.63
12940	3.23
15868	3.65
13372	3.95
3269	3.19
8074	3.69
891	3.89
14411	3.59
5200	3.91
2199	3.08
6069	4.23
5701	4.14
9619	4.2
3696	3.5700000000000003
251	3.76
14750	3.46
7117	4.24
5152	4.11
11200	4.0
11095	4.11
6791	3.47
6768	3.74
6316	3.85
15468	4.31
11586	3.04
3845	3.36
5863	2.95
12602	3.63
15169	4.03
5652	4.18
9930	3.03
2449	4.62
409	3.7
16438	4.72
5445	3.91
11383	5.0
10984	3.41
14915	4.22
13152	3.51
5182	4.38
7883	3.87
11453	4.69
4930	4.41
10914	3.49
13743	3.49
7282	4.09
10204	4.42
14086	4.53
5649	3.29
3500	3.07
8669	3.73
12712	3.45
8457	4.17
11296	3.86
15845	4.48
5263	4.86
556	3.47
8773	3.71
8076	4.19
12528	4.51
15388	3.7
3307	3.1
3262	4.24
1352	3.7800000000000002
14267	3.12
12790	3.14
13254	4.2
12930	3.71
16500	3.44
7109	3.8
2365	3.84
10930	3.81
15076	4.04
12730	4.04
11335	3.81
2344	3.87
12467	3.76
15793	1.92
9910	2.96
1810	4.43
10532	4.1
388	4.38
15834	3.87
12063	5.0
3063	4.15
15307	4.34
13925	4.95
5731	3.8
14946	3.2
1168	4.8100000000000005
2080	3.19
14543	4.03
2682	4.07
616	3.65
2478	3.91
14344	3.29
6963	4.41
6652	4.05
3211	3.76
632	3.48
4474	4.43
9183	3.51
4747	4.04
10662	4.15
11536	3.7
3514	3.87
7874	3.51
16125	3.94
14963	3.98
5346	3.66
2634	4.07
11874	2.89
5546	3.84
7856	4.6
8444	3.89
6083	3.71
5985	4.33
5884	4.06
2718	3.84
14426	4.43
11449	4.21
15695	3.69
7651	3.29
496	3.9
6595	3.75
11857	4.19
4388	3.37
2222	4.05
11433	4.37
11832	3.73
8939	1.9
12057	4.06
1737	4.16
15242	4.36
7147	4.16
11382	4.05
13974	3.39
2378	3.5
13342	4.19
11300	4.3
16004	3.36
4780	3.71
652	4.16
6851	3.52
12571	4.52
14360	3.26
11900	3.61
11608	3.67
2594	3.92
13134	3.99
59	3.65
11939	3.81
15068	4.15
12760	3.88
12733	3.38
14722	3.12
11417	3.85
13958	4.19
11138	3.96
2296	4.23
329	3.2800000000000002
12911	3.8
2418	4.0
9663	3.1
9717	3.66
5617	4.42
12061	3.17
2422	4.06
12090	3.68
5858	3.11
8362	4.26
3556	3.63
8886	3.83
3569	4.11
10272	4.21
3695	3.83
9901	3.4
7411	4.28
12025	3.36
196	3.44
15882	4.32
1514	4.26
2531	4.12
3533	3.76
7650	3.25
13869	4.0
6760	4.22
10251	3.68
4764	3.16
1619	4.35
3753	3.73
3887	4.58
2417	4.22
12565	3.95
1201	3.9699999999999998
5736	4.03
3939	4.1
7985	4.37
15708	3.58
3434	3.46
11551	3.98
2408	4.12
815	3.8
6672	4.57
8621	3.48
6090	4.08
6806	4.29
8189	3.41
6842	2.46
12335	3.41
15941	4.19
11544	2.68
7523	4.15
593	3.73
12280	4.22
4989	3.95
13490	4.35
13317	4.25
15134	4.12
10920	3.29
9402	3.19
999	3.41
8308	3.96
3335	3.81
13702	3.38
13191	4.38
15431	3.52
3367	4.71
2479	4.71
12773	4.87
2892	3.5
8487	3.22
6787	3.58
8914	4.46
903	4.35
14559	4.09
13506	3.11
7183	4.5
10649	3.65
3012	4.08
7937	4.04
12801	2.65
4820	4.33
13464	3.62
3625	3.8200000000000003
10282	3.65
11292	3.5
920	3.75
7742	4.03
16062	3.7199999999999998
2567	4.15
10705	3.35
6113	4.16
6568	5.0
16418	4.88
16038	3.46
14852	3.9
10795	4.36
1513	2.93
1555	3.8
9857	4.48
9744	4.19
3528	3.7
264	4.14
12892	3.27
5376	3.38
2757	3.7
5953	4.29
3582	4.26
8009	4.5
10995	4.06
7447	4.53
10025	4.71
5523	4.0
1631	2.0
3459	4.35
6153	3.33
7936	3.48
7595	3.3
7721	4.49
4014	3.22
2192	3.85
1898	3.94
385	3.79
9094	3.05
2655	3.75
10484	2.76
16094	4.07
10316	4.48
10424	4.27
13587	3.89
12604	2.26
15230	3.91
6812	3.67
5389	4.6
9525	4.18
3893	4.8
11174	2.88
15171	4.0
6767	3.26
4900	4.01
14295	3.7800000000000002
2271	2.9699999999999998
12180	3.8200000000000003
2861	3.13
14430	4.36
11728	2.9
6194	3.03
1385	3.48
12099	4.59
8455	4.14
2979	4.22
6333	4.47
8747	2.38
8749	3.9699999999999998
4703	3.42
12176	3.75
8258	4.42
9995	3.81
3357	4.57
3864	4.66
10150	4.32
15283	4.19
9004	3.56
15965	3.27
8624	4.12
307	4.24
12965	4.0
2609	3.27
8361	3.6
4789	3.43
9878	4.03
12360	4.05
13805	2.87
13935	4.16
9833	3.93
7166	3.39
15559	3.75
1325	3.9
11422	3.88
14615	4.08
15939	5.0
11974	3.3
2258	2.08
11532	5.0
5015	3.12
16067	3.51
14142	3.71
2581	3.51
4530	4.48
12188	4.16
10438	2.27
9712	3.32
8101	3.81
14064	4.4
4146	3.23
15347	3.66
451	3.8200000000000003
8834	3.48
11478	4.31
8704	4.22
2519	3.06
2521	3.56
8795	4.09
7904	3.76
12580	3.99
15996	3.37
13481	4.02
15327	1.73
3205	3.35
4949	4.43
15447	4.79
2663	4.19
14048	2.7199999999999998
7886	4.06
16115	3.79
8756	4.42
9263	4.45
6123	3.68
15978	4.0
1200	4.32
8962	3.8
14484	3.41
15141	3.48
13712	3.7199999999999998
13218	3.93
12395	3.0
7233	4.19
1312	4.0
8541	3.73
11552	4.54
7689	3.88
1422	4.02
9423	3.23
11446	2.42
7565	4.58
12469	4.22
4116	2.19
4100	4.0
12781	3.67
8816	3.19
10400	3.19
10583	3.95
9095	4.08
8422	3.68
16175	4.26
8944	4.07
4979	3.69
3436	3.0
5785	4.0
4007	4.32
13575	4.2
4761	3.27
10527	4.58
12325	4.76
1340	3.42
6989	4.28
890	3.6
4768	3.2800000000000002
11092	3.7800000000000002
16502	3.83
14138	3.17
6303	4.3
13267	3.81
2729	3.12
7165	3.17
2645	3.88
2107	2.26
8301	3.6
13081	2.71
1065	4.68
15065	3.88
312	2.88
13417	4.36
11976	3.86
11671	3.75
4531	4.3
14836	4.26
8744	2.8
7192	3.98
13184	3.74
1458	3.74
8350	4.38
7567	4.1
6872	4.15
16311	3.43
15998	3.2800000000000002
14297	4.62
6121	3.59
6546	4.0
9601	3.66
9150	3.65
5410	4.0
9085	3.36
6810	4.72
11969	4.24
15146	3.27
6009	4.3
4317	3.71
11695	3.29
8899	3.0
1966	2.86
16417	3.86
6513	4.22
1453	3.02
5717	3.47
8745	4.43
16312	4.1
5323	3.2
16256	1.9100000000000001
6071	4.44
14301	3.89
784	3.68
11521	4.5
6730	4.0
13422	3.48
11385	4.37
3420	3.93
10227	4.41
10794	3.29
5730	3.6
792	4.0
7702	4.65
10283	3.3
607	4.62
10030	4.55
14508	4.07
14618	4.18
13683	3.73
9860	4.35
7759	4.79
10840	3.71
6011	3.66
11929	4.18
15956	4.06
1997	4.25
9873	3.94
4209	3.96
7360	3.51
969	4.02
10780	3.95
6895	4.02
4563	4.07
4567	4.41
7699	2.77
5478	4.32
2823	4.43
7049	2.68
1227	3.7
14204	4.61
8313	3.47
2953	4.16
14145	3.7
11720	3.84
5542	3.7
12992	3.24
11081	4.21
13908	4.46
13069	4.86
3406	4.0
13574	4.19
15252	3.23
1140	3.77
6280	4.15
3155	4.6
2650	4.52
2996	4.63
16158	3.84
12451	4.97
4725	3.45
9713	4.4
3831	3.09
7298	3.81
10798	1.9300000000000002
11581	1.94
1766	3.47
15180	3.61
8337	4.02
9626	3.73
7994	3.8
9975	4.53
12779	4.77
12321	4.09
5878	3.66
13351	4.58
12685	3.42
2551	3.9699999999999998
810	3.87
404	2.65
4046	3.92
15608	3.52
10357	4.28
3689	3.88
15812	3.63
14440	3.36
9707	4.2
10693	3.18
1314	3.73
10607	3.96
6913	3.52
7909	4.32
5710	4.21
7317	2.7199999999999998
9065	3.04
15655	3.36
3470	3.7800000000000002
1173	2.74
214	2.75
13406	3.5
4035	3.92
6131	3.5300000000000002
15157	4.45
4434	4.03
7632	1.63
14653	3.23
14167	4.05
3125	3.88
13769	4.52
15769	3.89
13585	4.53
11004	3.73
5041	3.75
2377	4.5
5872	2.68
9985	4.11
10447	4.5
16215	3.56
15426	4.33
8079	2.79
5101	3.41
8837	2.96
1645	4.13
7483	3.93
4633	3.06
11848	3.52
7376	4.08
14789	3.88
2899	3.4
4246	3.8200000000000003
11122	3.0
4909	4.49
13520	3.59
11881	4.12
15883	3.68
11852	4.14
4620	4.18
10218	3.93
1394	3.58
6771	3.5
10149	4.74
3386	4.09
8827	4.38
11821	3.33
5338	3.7199999999999998
1046	3.52
50	2.79
12767	3.93
15374	4.65
11788	3.35
1749	4.5
1044	4.13
2535	3.8
12398	4.04
2279	4.27
13806	3.4
10895	3.29
13095	4.43
14982	4.58
1541	3.84
14888	2.45
8268	3.55
10969	2.44
10006	4.4
16227	3.34
15902	3.79
2048	3.86
6532	4.0
13373	4.04
15335	4.41
8611	3.13
397	3.96
15722	2.94
2452	4.0
7309	4.0
4687	4.0
4363	4.13
4544	2.49
2467	3.65
4711	4.5
8213	3.6
14303	5.0
6505	3.98
11898	4.0
3451	4.65
7472	4.97
11598	4.34
7858	3.87
14089	4.26
10609	4.27
1153	4.33
8355	4.31
9344	3.75
9364	3.89
15232	4.18
3303	3.88
8870	2.66
2980	4.44
842	4.14
7861	3.23
4793	3.14
3057	3.86
9607	4.63
1000	3.4
2388	4.06
16344	2.83
4050	4.11
1286	3.03
542	4.21
8876	3.42
2739	4.55
10689	4.33
2642	4.44
5222	2.5700000000000003
1647	4.29
6937	4.29
1706	3.87
7267	4.09
14403	4.12
9579	4.09
7531	3.71
9852	2.98
13552	3.85
8826	3.22
10271	4.27
7443	4.35
6995	3.43
10219	1.5
13436	4.26
860	4.38
16245	4.86
16395	3.03
12772	3.51
14563	4.19
7583	4.64
9639	3.76
10578	2.8200000000000003
1292	4.02
3182	3.59
8324	3.19
5664	3.89
10026	4.2
8286	3.47
13447	3.68
5475	4.29
1306	3.47
1440	3.19
2228	4.65
9241	3.86
13501	3.12
13633	3.59
14243	2.59
10625	2.95
14666	2.73
9184	4.35
1660	3.87
3810	3.93
14676	4.41
6732	3.7199999999999998
2503	4.1
7938	3.71
8709	3.17
9286	4.61
5773	3.79
3099	3.45
3021	3.33
11704	3.89
5385	2.41
2042	4.6
9231	4.53
11740	3.67
9542	3.06
5550	2.86
7046	4.38
10231	4.35
10156	5.0
16325	3.67
4389	4.16
1736	4.45
5712	4.55
12390	4.43
7193	4.48
8177	4.36
3685	3.95
8597	4.27
12242	4.39
11268	4.65
13809	4.05
13265	3.71
12845	3.45
12617	1.26
331	4.33
5971	4.16
15735	4.07
12183	3.74
13656	3.0
6248	4.79
14011	3.65
8463	4.06
1720	3.77
13433	4.11
13711	3.94
14198	3.48
6503	4.11
15243	5.0
9009	3.45
5948	3.74
12461	3.67
14844	3.55
13424	4.11
9547	4.63
14375	3.59
1431	3.8
2248	3.5
4619	3.5
13646	3.7
15550	2.92
16181	3.33
1026	4.3
6641	3.69
12849	4.41
11311	3.67
8229	4.21
10967	3.8
3506	3.5300000000000002
10673	2.91
12752	3.99
8967	3.5700000000000003
2212	2.94
16143	4.31
11027	4.39
2435	3.09
7210	4.26
10702	3.18
10936	4.11
13909	3.6
16377	2.95
4880	4.64
4802	4.36
1398	3.2800000000000002
9059	3.21
13346	3.37
14935	4.48
12829	3.64
906	3.67
2496	4.86
5137	4.24
8155	3.5700000000000003
14880	4.35
705	3.85
3419	4.33
9367	3.77
4935	2.7800000000000002
13496	3.48
11065	4.31
14043	4.88
14681	4.23
15563	2.7199999999999998
9892	4.59
6809	4.04
8210	3.05
5506	4.24
12757	5.0
249	4.59
689	4.0
13181	4.22
6747	3.62
6007	4.41
2556	4.0
5490	3.31
11647	4.12
9544	3.25
8927	3.23
12623	3.29
4898	4.57
16389	3.89
412	3.17
2229	4.27
13952	2.18
401	3.36
16101	4.39
15166	4.67
7217	4.5600000000000005
15144	3.06
12789	3.8200000000000003
15642	3.4
12015	3.5300000000000002
4977	3.27
14486	3.87
7124	3.88
1895	2.81
12549	3.46
908	4.54
15129	2.51
11810	4.16
15375	4.48
4986	4.06
7382	4.02
9967	4.3
2276	4.8100000000000005
2683	3.96
12512	3.32
11986	3.71
9941	3.86
14758	3.71
9699	2.63
7345	3.48
790	3.45
5456	4.75
9347	3.63
14632	4.15
1760	4.52
6744	4.09
8277	3.83
1728	3.24
12732	4.29
6035	4.48
3316	4.27
9896	4.05
9524	4.53
13248	4.01
8397	4.12
897	3.69
14519	3.71
1808	4.21
5219	3.38
9592	3.07
4425	2.55
1653	3.5700000000000003
12901	4.26
12745	3.9
5080	4.25
1239	3.92
6408	4.5
7602	4.0
1556	3.89
9126	4.46
13235	3.32
11524	3.43
9098	4.43
16080	4.26
15718	3.93
1727	3.86
14795	3.92
663	3.85
5756	4.43
8774	4.19
7939	3.56
15448	4.55
10140	4.66
2771	4.3
134	4.27
11620	4.53
8028	4.29
352	3.15
9064	4.33
2793	3.98
6884	4.38
7152	4.73
5612	4.08
3759	3.1
6411	2.32
10851	4.76
14262	3.83
7072	4.26
12533	4.5600000000000005
1716	3.47
15037	3.81
9438	4.71
16107	2.9699999999999998
39	3.54
6721	2.0
14634	3.5300000000000002
13444	3.77
10800	3.17
12809	2.84
5429	3.03
13686	3.67
12679	3.87
7666	4.12
12374	4.74
6307	4.45
1281	4.29
8027	3.85
7065	4.7
16142	4.47
2359	3.51
11408	4.03
4784	3.52
6504	4.35
10385	4.1
16090	3.16
6186	4.29
381	3.7199999999999998
6986	3.26
5663	3.9699999999999998
13735	3.23
8842	4.33
5343	4.25
112	3.25
4837	4.94
12413	2.9
4994	4.68
12942	3.73
7393	3.0
8946	4.03
11737	2.93
13707	4.08
4048	3.33
15705	4.34
2285	2.73
871	3.66
8113	3.8
9433	4.78
4679	2.5300000000000002
5232	4.1
3081	4.11
2776	3.47
598	3.91
13411	3.31
7240	3.65
9955	4.69
10494	2.88
14477	3.63
3015	5.0
1376	2.83
4723	4.05
12291	3.48
3174	2.73
5327	4.0
2340	3.58
10163	3.61
14208	4.22
310	3.11
11123	2.5300000000000002
4705	4.94
13238	3.06
15794	3.59
7582	4.5600000000000005
11711	4.12
8060	3.71
8030	4.16
4832	2.76
4872	2.49
8767	3.71
4300	4.93
13445	3.29
5814	3.84
10622	3.15
14951	3.73
15478	3.5300000000000002
16396	1.56
15055	1.94
16202	4.57
15223	3.45
10292	3.38
11799	3.55
5388	3.33
9646	2.56
4856	3.31
10651	2.92
5422	4.11
10161	3.43
3641	4.92
10745	3.19
2614	3.14
3482	3.27
10618	3.76
2102	4.16
7385	3.69
1145	3.27
13452	2.15
6352	4.0
12373	4.83
8169	3.64
1978	3.0
5732	3.77
6267	3.0
3932	3.8200000000000003
8491	3.94
4005	2.89
11259	3.15
16477	1.6800000000000002
9139	4.8
1095	1.76
12175	3.66
4204	4.42
1118	2.73
1467	4.05
4083	3.47
4055	4.13
11885	4.42
9441	3.32
8896	4.42
15759	2.68
4263	3.39
14866	2.77
11358	3.8200000000000003
7279	4.41
5417	4.69
13725	3.87
13515	3.88
3476	3.0
4605	3.33
12856	4.06
13109	2.9
3330	3.7
12230	4.31
926	4.19
13953	3.73
1915	3.4
13939	4.55
10383	4.66
15761	3.88
16150	4.03
13229	4.04
9776	2.85
1798	3.62
16258	4.5
8220	2.69
4546	3.25
10946	3.65
7717	3.95
13385	4.48
12673	3.95
15851	3.39
9167	3.38
1625	4.19
16003	3.2
15407	3.8
10485	3.0
10938	4.11
3903	3.22
11318	4.38
10534	4.57
13044	4.16
14954	3.77
7584	3.29
1114	3.66
16402	3.15
6958	4.22
2368	3.18
15475	2.73
2252	3.13
4823	2.92
15201	3.25
2027	4.13
6990	3.65
7736	4.65
10263	4.14
14949	3.5300000000000002
7554	1.08
6584	3.2
778	3.16
13323	3.11
7644	3.32
2744	2.87
11483	4.39
6232	3.08
3742	2.91
4155	4.55
11154	4.45
30	2.32
2504	4.24
1659	2.7800000000000002
5153	3.81
16372	2.7800000000000002
5851	4.48
14904	4.44
5449	4.58
7463	3.05
2134	3.85
7079	3.6
8584	3.07
10034	2.89
12152	4.38
1075	2.04
8941	3.35
1859	5.0
3600	3.47
1386	3.24
12989	2.36
15381	3.95
8507	3.6
11657	3.25
9616	3.5
15947	4.04
6835	4.05
3234	4.71
12130	3.6
4381	4.14
7172	3.75
1221	4.15
11908	4.39
15286	3.44
12277	3.86
2075	3.83
4075	4.31
4777	4.41
14942	3.37
12340	3.4
6780	3.5
3616	3.34
13066	2.83
6576	4.55
523	4.89
7894	4.12
14182	3.0
6668	3.95
1983	3.29
14732	2.68
7600	2.12
6215	4.06
9287	3.15
13466	3.35
9444	2.96
4520	3.24
15300	3.2800000000000002
8245	3.96
2406	4.48
2447	3.33
6229	3.7199999999999998
8760	3.8
579	4.4
12657	2.85
4137	3.23
1644	3.09
1901	2.67
3478	3.71
833	3.18
3413	4.45
9208	4.89
11224	4.47
7323	4.31
6840	4.05
11029	4.67
10446	3.58
775	3.47
21	3.67
10814	3.58
4168	3.36
5564	3.88
14818	4.32
8182	3.11
10410	3.95
9660	3.73
14974	4.68
2485	4.07
10119	3.19
9075	4.5600000000000005
6649	3.36
421	3.84
11889	2.54
15128	1.81
7224	4.68
6480	2.7199999999999998
698	3.07
8812	4.5
8617	3.65
1928	4.18
15584	3.33
7321	3.6
15089	4.19
3992	3.59
7799	3.64
9613	3.03
12964	4.0
10300	3.56
428	2.11
12891	4.6
9375	3.58
6256	2.8
15437	4.21
8304	3.32
15058	3.93
11492	3.11
10805	3.91
4159	3.17
15295	3.5300000000000002
11330	3.93
11285	3.39
10557	4.5600000000000005
10038	4.95
3744	3.75
13104	3.5
1400	3.87
4480	3.18
14055	3.41
4860	2.34
10037	4.12
4047	3.16
10363	2.19
8785	2.37
16254	4.13
16531	3.68
11338	4.53
14464	4.22
8720	4.32
12669	4.61
14956	3.88
11523	4.04
300	4.29
9471	3.58
15984	3.52
15159	4.36
5188	3.25
14856	3.38
200	2.14
13906	2.8
8711	2.88
8434	2.48
2746	2.2800000000000002
13429	2.7199999999999998
15733	3.92
8894	4.08
6553	3.89
5520	3.41
1663	3.06
9720	3.69
600	3.5
7766	3.61
16173	2.94
9977	4.83
4271	4.22
6020	3.5
16231	2.03
9642	3.05
1060	4.06
15650	2.76
14283	3.31
16234	3.89
11840	4.5
13359	4.5
15499	3.35
13828	4.65
3384	2.73
14188	4.6
3009	3.63
1773	2.69
9486	3.19
3169	4.24
239	2.68
8393	3.58
1746	4.76
12734	4.19
2386	3.05
13873	3.73
13986	4.88
7011	4.5
1918	4.31
13829	3.94
8062	4.22
2859	3.07
15152	4.64
5822	2.71
1479	3.24
13451	3.23
16035	4.39
13716	3.9699999999999998
8913	4.12
14611	3.76
657	2.88
11985	3.92
15556	2.46
15350	4.57
9621	2.9699999999999998
2289	4.21
13845	3.2
10209	4.06
797	4.43
4369	3.81
2964	4.27
5586	3.5700000000000003
3972	3.26
757	3.5300000000000002
7852	3.61
14683	1.47
3909	2.61
3985	2.89
9151	4.76
5344	3.33
8492	4.67
1232	3.39
14034	3.62
6438	4.02
15487	1.96
4338	1.9300000000000002
3601	4.65
5461	4.5600000000000005
2520	3.85
15835	4.71
11230	3.81
12645	4.32
4165	3.84
15576	3.52
6115	2.9699999999999998
219	3.29
11822	4.04
3198	3.5300000000000002
15610	3.6
14187	4.1
8124	3.34
13462	4.12
16230	3.47
14861	3.76
12935	4.33
11170	4.06
9880	4.2
795	3.99
5164	3.86
10615	3.93
11437	4.03
836	3.68
1889	3.62
13648	4.08
7817	3.83
13015	3.61
12049	4.24
14368	3.88
11467	3.79
9493	3.74
4848	2.91
10091	3.63
6355	3.32
6337	4.0
5056	3.43
12698	4.07
4367	4.38
7107	5.0
15311	3.6
10741	4.47
7678	4.0
6972	4.0
7084	4.16
5034	3.91
10058	3.51
596	3.35
555	3.9699999999999998
9745	4.72
15248	4.05
298	4.17
1366	2.58
1087	3.9
259	3.96
13007	3.5
2057	3.92
7088	3.55
1154	3.74
6455	3.62
12209	3.84
16521	4.13
14489	4.82
3721	2.52
172	3.06
1961	3.67
5040	4.13
640	4.34
2788	3.7199999999999998
14170	4.35
3550	3.85
10239	3.63
3348	3.27
2812	4.26
3019	4.51
2066	3.48
4213	3.26
7269	3.86
5774	3.98
9284	3.7199999999999998
14637	4.2
2162	3.35
1131	3.62
13926	3.2
9884	1.78
31	2.7199999999999998
12361	2.81
15850	4.09
14215	3.89
9795	3.75
13207	1.96
15552	4.0
1339	4.85
13950	3.7800000000000002
10810	3.7199999999999998
4730	3.79
13910	3.44
4841	4.17
3978	4.8
995	4.1
3270	4.5600000000000005
5562	4.1
9388	3.75
2397	3.5700000000000003
604	4.07
9893	4.07
630	3.9
15355	3.8200000000000003
10436	3.31
7276	3.89
2553	3.25
16305	3.56
13754	3.59
11941	4.33
8529	3.62
238	4.53
5726	4.6
9013	3.7
10731	4.91
6844	3.9
11813	3.8200000000000003
5220	2.75
198	3.5
5530	3.91
8607	3.75
9282	3.85
13467	4.16
12119	3.24
7906	3.83
3796	2.21
10121	4.23
3280	4.1
13995	3.51
7709	5.0
1051	1.92
4870	4.0
10268	4.35
16285	3.8
14700	1.35
13162	4.11
16347	4.18
6562	3.84
3516	3.86
2629	3.52
1602	2.7800000000000002
3841	4.71
5638	3.5
12197	2.12
2501	4.32
4897	3.98
9998	3.96
6662	3.8
11219	4.1
12422	4.16
11420	3.73
268	2.98
3313	3.05
8409	4.94
14416	3.73
11068	4.7
6518	4.12
458	4.0
12643	4.52
14397	3.86
4133	3.41
16540	4.29
6124	3.71
7030	3.85
3561	3.69
13396	3.74
13016	2.41
7263	4.36
13895	3.56
15953	4.75
15482	3.12
13503	4.58
1744	2.67
9530	2.76
13403	3.56
279	4.13
12060	3.94
13762	4.48
11817	4.39
10060	4.26
6757	4.03
11721	4.1
5515	3.89
16144	4.53
7458	4.33
7758	4.28
15857	3.94
7424	4.25
13149	3.35
14074	4.67
10696	4.26
8574	4.53
8807	3.2
13074	3.7800000000000002
3003	2.86
2814	4.17
6028	4.06
9562	3.54
12068	3.81
14580	4.59
15492	2.64
2676	4.04
10322	2.18
2313	4.52
7867	3.19
10866	3.7800000000000002
12601	4.31
10555	4.21
12196	3.0
2006	3.26
4478	3.23
13174	3.66
16300	3.05
7840	4.71
5324	4.52
15	4.73
2403	3.64
13772	4.43
11371	3.98
5662	4.07
13603	4.25
15456	4.4
7685	2.86
2180	3.68
15110	4.16
655	4.35
3494	3.27
2713	4.47
3394	3.36
6259	2.6
11177	2.95
489	3.58
5843	3.5300000000000002
16297	4.43
15585	4.02
703	4.75
8804	4.4
10364	4.7
4117	4.42
11531	4.38
3058	3.4
2509	3.17
9614	3.84
12113	3.7
9476	4.16
5684	4.5600000000000005
14581	4.71
2360	3.33
16518	4.25
1183	3.8200000000000003
11846	4.22
13942	3.14
12465	3.74
516	4.51
5150	4.55
2889	4.46
9417	4.17
14647	2.92
2081	4.44
2351	3.19
12863	4.36
6092	4.38
15003	4.35
11778	4.42
16390	4.58
15926	4.1
4536	3.0
16169	5.0
4762	3.7
12536	2.0
1649	3.55
3042	4.5600000000000005
12684	2.47
16482	3.85
14823	3.7800000000000002
13505	4.37
2717	3.9699999999999998
13098	4.4
15507	4.19
10789	2.88
13091	3.7199999999999998
3091	3.89
6346	4.95
5526	3.87
10480	4.39
8328	4.26
13405	4.09
13025	4.33
11724	4.47
12488	4.23
8521	5.0
14216	4.37
783	1.74
9597	3.5700000000000003
12833	3.73
4557	4.18
14274	4.23
7370	3.98
12177	3.9699999999999998
13767	2.96
5653	4.06
14116	4.71
9958	2.86
7563	3.0
1904	4.13
12289	4.08
1639	4.86
3768	3.05
3539	4.0
1652	4.73
11572	4.5
8861	3.88
13691	3.2800000000000002
7548	3.92
950	3.7800000000000002
14272	2.65
10982	3.87
9103	4.55
10888	3.38
11001	3.91
7222	2.14
3609	4.23
11005	5.0
14219	2.69
9067	2.94
3874	4.95
14909	4.47
13369	4.6
6864	3.9699999999999998
774	4.73
6230	2.03
14438	4.18
8907	3.42
5792	4.24
12957	4.47
12254	2.79
11254	4.83
7516	3.5700000000000003
4533	3.33
10676	3.07
8300	4.1
5078	3.71
15691	2.9
13680	4.08
1111	3.39
11712	4.25
61	4.53
477	4.61
7634	3.76
4556	3.45
7929	4.38
7425	3.7199999999999998
8043	2.31
4690	4.69
367	4.25
3690	3.68
3166	3.86
13453	4.13
3355	3.36
2625	2.85
4755	4.41
12622	3.01
6817	4.62
5022	4.33
1950	3.9
3028	3.24
4090	4.59
5529	3.55
3855	4.16
1596	4.33
2269	4.86
14323	3.27
5316	4.18
4560	4.35
16083	4.67
7715	2.83
7349	4.27
13137	4.07
5383	4.53
3612	3.88
5106	3.0
9727	4.32
7511	4.28
10972	4.55
7315	4.65
6882	4.27
4181	2.9
9584	3.15
747	3.49
13269	3.56
11735	4.89
13290	4.44
15348	3.45
14610	3.65
8307	4.34
14153	4.07
9469	4.67
10470	4.17
15405	4.68
11783	2.92
414	3.32
15285	4.18
15619	1.78
5995	3.47
4072	2.95
15755	3.86
4818	3.88
13116	3.77
10665	4.12
4835	4.06
1508	4.06
9026	4.83
622	4.36
15561	4.47
725	3.61
9854	1.6099999999999999
7773	4.0
11619	3.41
12625	4.68
68	3.76
8470	4.88
7838	2.38
10276	4.33
11972	2.45
13870	3.44
13821	4.14
28	3.81
11653	4.24
2494	3.63
10838	3.92
14270	4.1
2538	1.8599999999999999
14624	2.98
10309	3.38
3059	4.2
6710	3.24
10550	4.33
15811	3.15
8240	1.85
4092	3.92
185	4.13
3085	3.63
6807	4.07
3338	4.0
9270	3.55
11188	4.19
4819	4.5
8282	3.71
13645	4.12
9403	3.93
14171	4.29
14912	4.42
4582	3.7199999999999998
6026	4.2
13327	3.75
1425	3.94
10631	4.07
4245	2.81
7577	4.25
12021	2.76
16225	4.62
16205	2.5700000000000003
6354	4.37
5423	3.48
8680	1.9300000000000002
10844	3.04
14076	4.45
11157	3.35
7517	3.5
12094	3.5700000000000003
6208	1.9300000000000002
14811	4.0
13994	4.04
7266	1.88
11014	4.42
6023	4.0
1770	3.59
12232	3.39
4914	4.5
3302	3.13
9141	3.67
15432	4.3
4691	5.0
13103	4.22
6260	4.62
16229	3.06
5242	3.35
16342	3.0
13303	3.35
1240	3.49
4548	4.52
15641	3.98
15652	4.78
4642	5.0
11935	4.71
3488	4.4
4486	3.88
6473	2.04
3751	4.16
8031	3.67
10547	4.08
5431	3.8
8991	4.5
7329	3.81
14531	3.7
7955	4.54
8849	2.44
15406	3.63
3415	4.86
4174	3.39
8540	4.27
11491	3.64
9303	3.2
2589	2.94
6298	3.48
10671	4.8100000000000005
9117	3.46
5711	3.0
11607	3.52
9874	4.18
12370	4.23
4982	4.52
983	2.31
7316	4.8
5122	2.5
12823	3.58
7655	3.42
12970	3.29
11439	3.68
1248	5.0
9080	2.91
1405	4.69
11543	4.4
5831	4.09
7253	4.13
12385	3.63
3675	3.87
1393	3.36
3122	4.26
11093	4.23
8833	3.88
10230	4.05
8949	2.47
15903	4.58
8604	4.43
14106	3.67
81	4.0
13275	3.76
15028	4.41
11033	3.85
1563	4.67
1731	3.05
11677	3.36
6648	3.46
7818	4.69
2256	4.3
3581	3.85
15199	4.52
7003	4.24
7892	4.05
5118	3.79
14834	1.85
5622	3.26
3897	3.6
15637	3.5
3815	4.41
14560	4.6
1032	4.36
3120	4.09
13804	4.31
13441	3.76
15573	3.35
1382	3.95
5213	3.26
2710	4.0
15839	3.33
1345	4.33
4721	1.77
15694	4.29
3565	3.43
13320	4.43
11013	4.18
4334	4.3
7197	2.5
813	4.0
5658	4.33
4649	3.13
12200	4.2
10522	3.06
2779	3.83
2137	3.85
15097	3.86
14992	4.14
1857	3.84
14727	3.5
12168	3.61
10131	3.35
10887	4.07
9823	3.91
8290	1.94
9214	4.65
8072	3.6
2967	2.0
16040	4.61
14773	4.59
398	1.3599999999999999
13811	4.22
12000	4.85
782	3.52
15681	3.07
11674	3.46
12161	4.32
11375	4.52
9172	4.45
12579	4.64
8699	3.48
13563	4.19
11611	2.93
8681	2.94
7245	4.5
6846	3.26
9030	4.33
5536	4.65
15069	3.86
14574	3.93
3138	4.59
16514	2.46
15114	4.73
12615	4.54
13903	3.71
5304	4.03
15623	2.5
13768	3.67
16104	3.86
16223	4.0
16137	4.73
11590	3.06
3185	2.81
12846	3.33
1164	3.81
14756	3.05
8553	4.32
117	3.42
15605	1.46
2259	3.15
12700	3.46
8919	4.1
11116	2.5300000000000002
6720	4.61
16253	2.5
688	3.86
13408	3.68
8197	3.55
6447	2.29
10151	3.31
10358	4.8100000000000005
4417	2.81
3853	4.52
14514	3.88
15489	4.17
14370	3.46
16420	4.0
8071	4.14
6987	3.83
6367	4.67
13380	3.5
2821	2.67
10515	4.17
13927	4.12
4972	2.93
1960	4.27
10498	2.25
8246	4.12
8820	4.73
2725	3.6
1234	4.13
10392	4.18
1356	3.95
1830	4.08
7569	4.0
15409	3.38
876	3.9699999999999998
